{"type":"FeatureCollection","features":[{"type":"Feature","id":"G_CAT_ADMIN","properties":{"geometry_id":"G_CAT_ADMIN","entity_id":"CAT_SPECIAL","source_id":"OHM_2696587","geometry_source_ids":["OHM_2696587","OHM_2914131"],"certainty":"low","boundary_type":"administrative_control","notes":["Differenza fra perimetri OHM 1811/1812, limitata alla Catalogna. Non prova una sovranità francese incontestata."],"valid_from":"1812-01-26","valid_to":"1814-04-13"},"geometry":{"type":"MultiPolygon","coordinates":[[[[3.2251621,42.4224702],[3.2239329,42.4193546],[3.2240689,42.4187467],[3.2241489,42.4173393],[3.2223811,42.4055164],[3.2184182,42.3988516],[3.2184435,42.3951861],[3.2180578,42.394192],[3.2188009,42.3897435],[3.2212819,42.3903303],[3.2231074,42.3904937],[3.2403458,42.3899566],[3.2423543,42.3896483],[3.2492314,42.38761],[3.2493064,42.3877879],[3.2504057,42.3875352],[3.2514031,42.3873261],[3.2564463,42.3860643],[3.2580268,42.3856026],[3.2711092,42.3796898],[3.2712716,42.3796777],[3.2772584,42.3789771],[3.2783629,42.3787997],[3.2936327,42.3744449],[3.2939565,42.3743071],[3.3007196,42.3729451],[3.3135274,42.3671552],[3.3145334,42.366541],[3.3158489,42.3655097],[3.3295142,42.362788],[3.3407454,42.3575089],[3.3460124,42.3556444],[3.3492399,42.3538408],[3.3522873,42.3520032],[3.3523775,42.3519445],[3.3548742,42.3505183],[3.3666926,42.3411234],[3.3737941,42.3294162],[3.375424,42.3166401],[3.371409,42.3041528],[3.370524,42.3025924],[3.3671412,42.2976388],[3.3643847,42.2942237],[3.3527234,42.2841374],[3.3515472,42.2836338],[3.3519184,42.2805677],[3.3517164,42.2794001],[3.347159,42.2677531],[3.339838,42.2596763],[3.3372356,42.2505973],[3.3364181,42.2490749],[3.3300593,42.240512],[3.3299223,42.240372],[3.3256836,42.2328998],[3.3151731,42.2242398],[3.3140134,42.2215179],[3.3053102,42.2120417],[3.293295,42.2048185],[3.2914488,42.2040063],[3.2900065,42.2033941],[3.2887207,42.2028679],[3.2834381,42.2009796],[3.2822966,42.2006276],[3.2648776,42.197663],[3.2471159,42.1991361],[3.2470398,42.1991633],[3.2428732,42.1970294],[3.2285654,42.1935083],[3.2134989,42.1930999],[3.198882,42.1958372],[3.1981305,42.1960658],[3.1813886,42.2041664],[3.1791867,42.2057402],[3.1780066,42.2056963],[3.1673921,42.207844],[3.1665717,42.2052122],[3.1655771,42.202926],[3.1646297,42.1979147],[3.1646093,42.1976089],[3.1646489,42.1971014],[3.1649682,42.1938453],[3.1649518,42.1879642],[3.1646672,42.1852201],[3.1650796,42.1814607],[3.165241,42.1791925],[3.1653756,42.175021],[3.1672097,42.1617794],[3.1685258,42.1568024],[3.1742184,42.1557234],[3.1789299,42.1533951],[3.1862872,42.1525261],[3.1884112,42.1520079],[3.2037932,42.1460467],[3.2067178,42.1437727],[3.2121173,42.1412518],[3.2228948,42.1315511],[3.2239841,42.1294646],[3.2251988,42.1283025],[3.2288538,42.1229672],[3.2301708,42.1216075],[3.2300328,42.1215339],[3.2368203,42.1140275],[3.2385638,42.1110792],[3.2393306,42.1097136],[3.2404381,42.1076319],[3.2413204,42.1065553],[3.2428412,42.1043846],[3.2458576,42.1016125],[3.248718,42.0966106],[3.251246,42.0943257],[3.252538,42.0931102],[3.2536303,42.0920399],[3.2628676,42.0772759],[3.2643779,42.0763651],[3.2736097,42.0654642],[3.2738074,42.0651146],[3.2742056,42.0644706],[3.2786609,42.0528057],[3.2781441,42.0406846],[3.2780456,42.040295],[3.2715699,42.0274939],[3.2703574,42.0259679],[3.268488,42.023782],[3.2673525,42.0225456],[3.2571666,42.014273],[3.2502882,42.0111715],[3.2511073,42.0068251],[3.2599884,42.0022866],[3.2618862,42.0009003],[3.2648151,41.9983281],[3.2737055,41.9912584],[3.275099,41.989676],[3.2813711,41.9798017],[3.281575,41.9788874],[3.285307,41.972839],[3.2873509,41.9610187],[3.2872399,41.9574691],[3.2863147,41.9541385],[3.2859201,41.9426311],[3.2794779,41.9301126],[3.2791064,41.9296469],[3.272207,41.9240617],[3.2703628,41.9144785],[3.2698101,41.9130185],[3.2690233,41.9103561],[3.266739,41.9046851],[3.2663815,41.903991],[3.2623755,41.898494],[3.2618695,41.8942707],[3.2611295,41.8921233],[3.2548965,41.8811932],[3.254461,41.8806665],[3.2537403,41.8798439],[3.2474492,41.8697086],[3.2363183,41.8606881],[3.2281771,41.8572375],[3.2256996,41.8511282],[3.2251126,41.8502469],[3.2162824,41.8413195],[3.216474,41.8412016],[3.213466,41.8384885],[3.2020342,41.8307868],[3.1881204,41.8258472],[3.1866442,41.8255077],[3.1756732,41.8171401],[3.17229,41.8159801],[3.1707622,41.8144936],[3.1698407,41.8138068],[3.1524484,41.8051679],[3.1496714,41.8043164],[3.1300029,41.801335],[3.1251832,41.8019839],[3.1244907,41.8015091],[3.1212959,41.7985334],[3.1179846,41.7960393],[3.1173017,41.7955643],[3.116332,41.7925107],[3.1138134,41.7871693],[3.1137591,41.786975],[3.1112887,41.7807436],[3.1097317,41.7777445],[3.1052465,41.771232],[3.102956,41.7668733],[3.092569,41.7573638],[3.0839497,41.7531786],[3.0802782,41.7495244],[3.0723274,41.7458827],[3.0705014,41.7438259],[3.0540911,41.7353043],[3.0519436,41.7345904],[3.0368333,41.7314544],[3.0289592,41.7315979],[3.0262338,41.7299936],[3.0239575,41.7288583],[3.0194441,41.7268404],[3.0180451,41.7262831],[3.0105172,41.7244231],[3.0065553,41.7202335],[3.006032,41.7197735],[3.0012437,41.7160782],[3.0011108,41.7159873],[3.0002498,41.7147635],[2.994587,41.7083215],[2.9933315,41.7071572],[2.9922182,41.7064003],[2.9913589,41.705136],[2.9907082,41.7044487],[2.9858167,41.7000031],[2.9838107,41.6984277],[2.9831931,41.6980557],[2.9747466,41.6886094],[2.9629549,41.6812945],[2.9619764,41.6808477],[2.950845,41.6779173],[2.943453,41.6748367],[2.9430215,41.6747147],[2.9399807,41.6742683],[2.9259351,41.6696568],[2.9225712,41.6694675],[2.921958,41.6692034],[2.9061704,41.6647153],[2.8952514,41.6643481],[2.8923796,41.663412],[2.8924063,41.6633637],[2.8903426,41.6627281],[2.8901986,41.6627011],[2.8883114,41.662086],[2.8837474,41.6613225],[2.8836993,41.6614831],[2.8753931,41.6599265],[2.8732966,41.6597686],[2.8708802,41.6594787],[2.869336,41.6595394],[2.8676772,41.6585997],[2.854705,41.6546715],[2.8525935,41.6544791],[2.8470237,41.6509801],[2.845602,41.6495299],[2.843468,41.6477315],[2.8312294,41.6401032],[2.8305676,41.6398972],[2.8293128,41.636906],[2.8186597,41.6226757],[2.8183217,41.6223856],[2.7983321,41.6116875],[2.7962106,41.6110386],[2.7940689,41.610393],[2.7825706,41.6080081],[2.7777421,41.6074317],[2.7708365,41.6069495],[2.7701328,41.6069348],[2.7686447,41.6065896],[2.768306,41.60649],[2.767833,41.6062295],[2.7604149,41.6028073],[2.7572851,41.601616],[2.7542256,41.5993525],[2.7500786,41.5969633],[2.7407853,41.5926673],[2.7398678,41.5923351],[2.7305579,41.59036],[2.7290932,41.5898502],[2.7275599,41.5890907],[2.7136792,41.5841989],[2.7087394,41.5830732],[2.7060369,41.5820884],[2.6990076,41.5799752],[2.6927946,41.5784817],[2.6925733,41.5784028],[2.6862898,41.5763042],[2.6797914,41.5745032],[2.6732053,41.5730347],[2.6730915,41.5729845],[2.6687694,41.5712756],[2.6670307,41.5706627],[2.6624418,41.5692371],[2.659782,41.5685177],[2.6560596,41.567625],[2.6557628,41.5675627],[2.6447805,41.5629129],[2.6421677,41.5624609],[2.6391118,41.5611892],[2.6345832,41.5602481],[2.6299333,41.5589186],[2.6275056,41.557809],[2.6188161,41.5546097],[2.6144261,41.5533499],[2.6143793,41.5534412],[2.6122754,41.552747],[2.6045772,41.549506],[2.5951121,41.5471506],[2.5925372,41.5459917],[2.5886414,41.5443998],[2.5864369,41.5435863],[2.5860975,41.5435138],[2.5764186,41.5397506],[2.5660558,41.5385588],[2.5630165,41.5374828],[2.5600561,41.5364024],[2.558537,41.5356634],[2.5563838,41.534616],[2.5565281,41.5344136],[2.5559382,41.534178],[2.5546141,41.5335399],[2.547668,41.5307151],[2.547352,41.5306085],[2.5435237,41.5288527],[2.5407058,41.5275706],[2.5346709,41.5253238],[2.5343547,41.525128],[2.5317069,41.5235212],[2.5299249,41.5224858],[2.5267809,41.5207377],[2.5177169,41.5166752],[2.5160494,41.5160874],[2.5055285,41.5133432],[2.5030793,41.5129131],[2.4950239,41.5106228],[2.4914406,41.5097116],[2.4912908,41.5096779],[2.4868738,41.5067599],[2.4823319,41.5029751],[2.4758047,41.4983802],[2.4641177,41.4914418],[2.4616677,41.4902545],[2.460533,41.4895336],[2.4529731,41.4855221],[2.4521312,41.4851533],[2.4457555,41.4806138],[2.4398881,41.4769965],[2.4335846,41.4736453],[2.4324087,41.4730377],[2.4288192,41.4712358],[2.426364,41.4704801],[2.4263926,41.470446],[2.4201094,41.4674847],[2.4177041,41.4662875],[2.4084432,41.4615854],[2.4000877,41.4588324],[2.4002358,41.4586143],[2.3933608,41.4559923],[2.3863943,41.4537922],[2.3858448,41.4535828],[2.3770961,41.4509501],[2.3763029,41.4507714],[2.3760601,41.4506954],[2.3728893,41.4496241],[2.3680078,41.4481871],[2.3639647,41.4471662],[2.3565739,41.4452424],[2.3520546,41.4442317],[2.3457431,41.4430457],[2.3416236,41.4420338],[2.3404074,41.4416248],[2.3332161,41.4403065],[2.3332961,41.4401292],[2.3301666,41.4393357],[2.3300577,41.4395772],[2.3262526,41.4383012],[2.3245577,41.437972],[2.3199914,41.4364493],[2.3113829,41.4329698],[2.3061933,41.4303821],[2.3057968,41.4302105],[2.30302,41.4291432],[2.3002388,41.4277396],[2.2956857,41.4242204],[2.2924954,41.4204898],[2.2901444,41.4167029],[2.2878067,41.41349],[2.2838018,41.4065396],[2.2819613,41.4040474],[2.2815783,41.4036238],[2.2773343,41.3969083],[2.2741314,41.3939711],[2.2727724,41.3920033],[2.2694884,41.3879125],[2.2608188,41.3797537],[2.2570454,41.3776642],[2.2556608,41.3763323],[2.2531375,41.3730689],[2.2436894,41.3658926],[2.2428289,41.3644902],[2.2390799,41.3573653],[2.2381556,41.3549071],[2.2332122,41.3460261],[2.2272113,41.3399398],[2.2268047,41.3377625],[2.2223641,41.326469],[2.2137342,41.3166353],[2.2016637,41.3091156],[2.2011942,41.308902],[2.2009852,41.3088399],[2.1992968,41.3050342],[2.1978963,41.3027486],[2.1928846,41.296254],[2.1919426,41.2952614],[2.1889906,41.2911718],[2.1883383,41.2905218],[2.1860958,41.2874579],[2.1791805,41.2801097],[2.175282,41.2768243],[2.1716795,41.2740685],[2.1673145,41.271037],[2.1638618,41.2682805],[2.1602102,41.2656304],[2.1546837,41.2619858],[2.1457656,41.2572273],[2.1334311,41.251987],[2.1275947,41.2498491],[2.1187492,41.2470971],[2.1149584,41.2460425],[2.1103807,41.2449156],[2.1086792,41.2443314],[2.1042763,41.2429949],[2.1026411,41.2425612],[2.0943318,41.2403574],[2.0942909,41.2404447],[2.0874054,41.2384184],[2.0823199,41.2374719],[2.0822953,41.2375465],[2.0802206,41.2371388],[2.0802981,41.2369619],[2.0629696,41.2326644],[2.0601722,41.2320341],[2.0457527,41.2291063],[2.0426952,41.2285578],[2.0312017,41.2267637],[2.026556,41.2261983],[2.015815,41.2252553],[2.0127435,41.2250532],[2.0060525,41.2247595],[2.0050616,41.224723],[1.9869051,41.2241811],[1.9837176,41.2241579],[1.9607465,41.2245074],[1.9498584,41.2239511],[1.9452049,41.2234745],[1.9451605,41.2234665],[1.9438489,41.2226893],[1.9381959,41.2205826],[1.9296629,41.218065],[1.9283488,41.2177725],[1.9186962,41.2133386],[1.9079719,41.2107358],[1.9067715,41.210375],[1.9037977,41.2098049],[1.9017113,41.208957],[1.9000853,41.2084492],[1.8989438,41.2081043],[1.89677,41.2074693],[1.8911002,41.2037732],[1.8904277,41.20351],[1.8886004,41.2030997],[1.8841465,41.2004134],[1.8826625,41.1998561],[1.8745898,41.1980514],[1.8664632,41.1954801],[1.849947,41.1944161],[1.8465913,41.1945954],[1.8437611,41.195021],[1.8363749,41.1951624],[1.8347444,41.1953038],[1.8320154,41.1956097],[1.8293611,41.1951091],[1.8270941,41.194926],[1.8226984,41.1951124],[1.822353,41.1950539],[1.813634,41.1898263],[1.8118645,41.1891164],[1.806069,41.1871169],[1.8019635,41.1859187],[1.7885834,41.1834523],[1.7874995,41.183468],[1.7864533,41.1831801],[1.7859984,41.1829283],[1.7704121,41.179205],[1.7677748,41.1773821],[1.7656901,41.1763346],[1.7626454,41.1740534],[1.7592074,41.1723395],[1.7451613,41.1673784],[1.7298115,41.1656764],[1.729417,41.1656764],[1.7126943,41.1677049],[1.7122056,41.1678961],[1.7106368,41.1677985],[1.7084213,41.1665994],[1.6929989,41.1608336],[1.6887334,41.1598456],[1.6773186,41.1584619],[1.6739233,41.1579194],[1.6666529,41.1571474],[1.6588642,41.1567297],[1.6580488,41.1566213],[1.6468986,41.1540992],[1.6394179,41.1527094],[1.6247364,41.1510679],[1.623716,41.1509614],[1.5747657,41.1462152],[1.572113,41.1459077],[1.5668141,41.144937],[1.5573136,41.1438683],[1.5520206,41.1436371],[1.5392095,41.1418074],[1.5329736,41.1404248],[1.5310529,41.1397908],[1.5285194,41.1390084],[1.521389,41.1372371],[1.5161141,41.1362311],[1.5145249,41.1357891],[1.5057575,41.1332155],[1.5022902,41.1320328],[1.4982427,41.1308726],[1.4951579,41.1301932],[1.491601,41.1289552],[1.489905,41.1285274],[1.4839233,41.1273374],[1.4836241,41.127182],[1.477424,41.1244092],[1.465762,41.1199685],[1.4548934,41.1152844],[1.4536712,41.1148755],[1.4508266,41.1134254],[1.4470248,41.1116578],[1.4424883,41.1097418],[1.4423956,41.1098664],[1.4416398,41.1095289],[1.441587,41.1094709],[1.4396735,41.1077498],[1.4226659,41.0976271],[1.4184999,41.0960577],[1.4020633,41.0922098],[1.3979728,41.091779],[1.3821822,41.0918984],[1.3811821,41.0921379],[1.3761207,41.0905078],[1.3749452,41.0901901],[1.369852,41.0890266],[1.365546,41.0882177],[1.3651483,41.0882094],[1.3643029,41.0878128],[1.3470656,41.0848647],[1.3294977,41.0863327],[1.3272907,41.0868059],[1.3229801,41.088276],[1.3154768,41.0886626],[1.3114471,41.0869065],[1.31061,41.0860978],[1.308648,41.0846787],[1.3006675,41.0799217],[1.299498,41.0793524],[1.2821681,41.0738898],[1.2819419,41.0738519],[1.2705644,41.0667734],[1.2693775,41.0662837],[1.2689276,41.0658653],[1.2575708,41.0596796],[1.244467,41.0559416],[1.244118,41.0558801],[1.2327079,41.0552385],[1.2294657,41.0465177],[1.2280807,41.0443997],[1.2186342,41.0342699],[1.2156078,41.0325411],[1.2116395,41.0282934],[1.2104745,41.0273625],[1.2003138,41.0210348],[1.1884045,41.016783],[1.18699,41.0164318],[1.1699965,41.0144199],[1.1601883,41.0156818],[1.1580245,41.0157654],[1.1557335,41.0161301],[1.1557028,41.0160404],[1.153067,41.0165545],[1.1417636,41.0183537],[1.1273527,41.0245984],[1.1188599,41.0316717],[1.1174596,41.0311242],[1.1164259,41.0308406],[1.1125493,41.0292672],[1.1059073,41.0270345],[1.0848275,41.0235595],[1.0829695,41.023544],[1.0804974,41.0235938],[1.0737076,41.0215801],[1.0569981,41.0208376],[1.0568423,41.0208685],[1.0468188,41.0159226],[1.0456998,41.0155104],[1.0417448,41.0147741],[1.0399829,41.0135462],[1.0257198,41.0064267],[1.0116101,41.0035737],[1.0112805,41.0032897],[0.9981166,40.9950819],[0.9975834,40.9949266],[0.9950906,40.9927186],[0.9931942,40.9907825],[0.9931495,40.9908074],[0.990635,40.9877931],[0.987629,40.985049],[0.9847339,40.9828337],[0.983163,40.9796496],[0.9818269,40.9771925],[0.9805334,40.975021],[0.9703608,40.9636511],[0.9557162,40.9555257],[0.9476202,40.9524801],[0.9443636,40.9516633],[0.9364498,40.945922],[0.9307702,40.9401796],[0.9307257,40.9401425],[0.9285331,40.9379996],[0.9272703,40.9367853],[0.925704,40.9357748],[0.9255072,40.9353517],[0.9240842,40.9335701],[0.9182375,40.9275821],[0.9157015,40.9254332],[0.9076018,40.919851],[0.9053506,40.9185942],[0.900847,40.9119785],[0.8967217,40.9084556],[0.8856666,40.8966977],[0.8820216,40.8940415],[0.8787402,40.8919101],[0.8777755,40.8907363],[0.8781622,40.8905298],[0.8771547,40.8894518],[0.8768943,40.8895909],[0.8738606,40.8854621],[0.8735927,40.8852983],[0.8703947,40.8803866],[0.868653,40.8783249],[0.8647864,40.8743809],[0.8640001,40.8732474],[0.8525962,40.8621112],[0.8503771,40.8610586],[0.8455925,40.8554645],[0.845004,40.8549263],[0.8432561,40.8537369],[0.8409406,40.8493733],[0.8398474,40.8479996],[0.8385487,40.8464489],[0.8366977,40.8443462],[0.8257688,40.8352957],[0.8244653,40.8345018],[0.8179828,40.8311194],[0.8145768,40.8296103],[0.8137515,40.8290704],[0.8095601,40.8269614],[0.8093943,40.8266753],[0.8046029,40.8220969],[0.8106828,40.8185809],[0.8159153,40.8147756],[0.8223179,40.809175],[0.8265984,40.8046486],[0.8286626,40.8022957],[0.8363274,40.7928559],[0.8385492,40.7904792],[0.8546599,40.7754489],[0.8567077,40.773409],[0.8580079,40.7720246],[0.8668233,40.7739577],[0.8672048,40.7739962],[0.8859093,40.7733674],[0.9031697,40.7678733],[0.9149689,40.7595243],[0.9168511,40.7581924],[0.9222971,40.7526819],[0.9257456,40.7487277],[0.9310466,40.7417948],[0.9310228,40.7417844],[0.9364489,40.7354065],[0.9406519,40.7225593],[0.939142,40.7093701],[0.933108,40.6990195],[0.9317975,40.6961862],[0.9275663,40.6892326],[0.9275018,40.6891485],[0.9260183,40.6863343],[0.921187,40.679278],[0.9178985,40.6754507],[0.9145451,40.6719693],[0.9109821,40.6686571],[0.9076967,40.6658758],[0.8990022,40.659167],[0.8972669,40.6578874],[0.8900034,40.6527697],[0.8868198,40.6506975],[0.8821878,40.6479152],[0.8772678,40.6452887],[0.8591043,40.6367128],[0.8519019,40.6338655],[0.8369569,40.6290178],[0.8319952,40.6278476],[0.825115,40.6252553],[0.8225754,40.6243609],[0.8162412,40.6222817],[0.8067509,40.6185241],[0.805305,40.6177182],[0.7990592,40.6148079],[0.7942722,40.6117808],[0.7933664,40.611257],[0.7917758,40.6098541],[0.7897604,40.6077754],[0.7772679,40.5933455],[0.7669984,40.5803471],[0.7633017,40.5752362],[0.7610638,40.57242],[0.7525233,40.5625977],[0.7495236,40.5594817],[0.7421711,40.5525626],[0.7398327,40.5505071],[0.7319277,40.5440124],[0.7257811,40.539698],[0.7168661,40.5343625],[0.7114608,40.5315198],[0.7021443,40.5272411],[0.6966849,40.5250515],[0.6902944,40.5228383],[0.6871275,40.5218338],[0.6791965,40.5195436],[0.6749202,40.5184637],[0.6645722,40.5162154],[0.6554883,40.5148774],[0.6431673,40.5138964],[0.638926,40.5136883],[0.6301195,40.5135242],[0.6222051,40.5138252],[0.6173876,40.5142835],[0.6106364,40.5152657],[0.6035674,40.516659],[0.5944021,40.5191652],[0.5905211,40.520543],[0.5843899,40.5231052],[0.5804684,40.5250092],[0.5744683,40.5285567],[0.5720059,40.5259242],[0.5694596,40.5208237],[0.5688527,40.5190692],[0.56734,40.5154713],[0.5640285,40.5159634],[0.5147021,40.5230465],[0.5146784,40.5230616],[0.5131691,40.5235398],[0.5116037,40.5238487],[0.5100521,40.5239679],[0.5093634,40.524115],[0.5088119,40.5244019],[0.507037,40.5256717],[0.5062191,40.5260569],[0.5049737,40.5261667],[0.5019505,40.5261325],[0.5012057,40.5263352],[0.5008398,40.5265624],[0.499539,40.5276466],[0.4987937,40.5278404],[0.4979933,40.5278826],[0.4969582,40.5277249],[0.4960427,40.5278247],[0.4947006,40.5281175],[0.4932823,40.5280794],[0.4914479,40.5286663],[0.4906191,40.5288445],[0.4870252,40.5291873],[0.4862919,40.5296148],[0.4854416,40.5302889],[0.4838455,40.5311477],[0.4821349,40.5318478],[0.4810198,40.5321967],[0.4797153,40.5323081],[0.4791577,40.5322528],[0.4769252,40.5319959],[0.4764758,40.5322076],[0.4762083,40.5325128],[0.4758303,40.5331907],[0.4746269,40.5336593],[0.4737752,40.5340812],[0.4727462,40.5344994],[0.4676697,40.535859],[0.460367,40.5375463],[0.4593104,40.5381183],[0.4573846,40.539464],[0.4564914,40.5402293],[0.4552711,40.5408332],[0.4524493,40.541287],[0.4502392,40.5419295],[0.4489905,40.5412913],[0.447366,40.5423036],[0.4471501,40.5426973],[0.4473089,40.5437193],[0.4468673,40.5443179],[0.4462381,40.5449401],[0.4445269,40.5454145],[0.442846,40.5457889],[0.440382,40.5460876],[0.438582,40.5466727],[0.4379642,40.5470603],[0.4369579,40.5479279],[0.4361312,40.5490783],[0.4358271,40.5498259],[0.4358581,40.5506626],[0.4362055,40.5519131],[0.4365701,40.5537306],[0.4363407,40.5554756],[0.4364175,40.5574366],[0.4361221,40.5588143],[0.435065,40.5593862],[0.4344883,40.5608083],[0.4342401,40.5647243],[0.4334116,40.5653794],[0.4344459,40.567357],[0.4350581,40.5673207],[0.4354366,40.5675616],[0.436049,40.5682189],[0.4375212,40.5692918],[0.4383126,40.5702138],[0.4382748,40.5710885],[0.4376518,40.5713773],[0.436928,40.5715429],[0.4364852,40.5718893],[0.4365937,40.5726246],[0.4373278,40.5733502],[0.4381197,40.573822],[0.4397082,40.574396],[0.439864,40.5751299],[0.4397605,40.5761056],[0.4401878,40.5766062],[0.4407992,40.5770113],[0.4424191,40.5775033],[0.4439444,40.5782233],[0.4434409,40.5787697],[0.4423729,40.5791348],[0.441117,40.5792893],[0.4389305,40.5792645],[0.436312,40.5791084],[0.4346217,40.5790867],[0.4326213,40.5792363],[0.4313685,40.5794537],[0.4306828,40.5796722],[0.4296938,40.5801969],[0.4285644,40.580978],[0.4268501,40.5823348],[0.4256469,40.5835233],[0.4242221,40.5838448],[0.4226853,40.5842867],[0.4201817,40.5854597],[0.4190208,40.5863227],[0.4183648,40.5871257],[0.4175966,40.5878149],[0.4173046,40.5881118],[0.415075,40.5895648],[0.4087792,40.592606],[0.4063232,40.5940295],[0.405326,40.5944012],[0.4046033,40.5948278],[0.4044775,40.595606],[0.4047513,40.5961113],[0.4055623,40.5964926],[0.4063808,40.597252],[0.4053333,40.5980304],[0.4045086,40.5999371],[0.4034568,40.601328],[0.4027573,40.6019791],[0.4019624,40.6023808],[0.4013774,40.6024972],[0.4001404,40.6025697],[0.3981087,40.6025845],[0.396116,40.6024361],[0.3950568,40.6025213],[0.3939029,40.6030687],[0.3923397,40.6041684],[0.3914459,40.6049512],[0.3906949,40.6057568],[0.3899162,40.6062481],[0.3891552,40.6066217],[0.3883932,40.6067431],[0.3874324,40.6066723],[0.3843086,40.6061246],[0.3832988,40.6060192],[0.3823998,40.6060005],[0.3797902,40.6065093],[0.3788662,40.6064644],[0.3774293,40.6065605],[0.3759512,40.6065408],[0.3747394,40.6064141],[0.3738454,40.606026],[0.3722507,40.6051],[0.3710657,40.6050356],[0.3703332,40.6052731],[0.3679686,40.606423],[0.3669148,40.6063817],[0.3658666,40.6057459],[0.3630614,40.6061249],[0.3602059,40.605974],[0.3580254,40.6067941],[0.3566629,40.6069599],[0.3549431,40.6075413],[0.3537888,40.6078541],[0.3508024,40.6081571],[0.3477703,40.60802],[0.3452425,40.607571],[0.3446294,40.6075978],[0.3424633,40.608237],[0.3418437,40.6083721],[0.3379289,40.6087827],[0.3371027,40.6090408],[0.3336237,40.609898],[0.3306475,40.6108846],[0.3297573,40.6110454],[0.3283683,40.6111576],[0.3259129,40.6121651],[0.3252833,40.6123364],[0.3242447,40.6123663],[0.3235434,40.6125216],[0.3227242,40.6129235],[0.3218803,40.6135423],[0.3208841,40.6139492],[0.3198432,40.6146457],[0.3190404,40.6149029],[0.3184753,40.6149462],[0.3177578,40.6147777],[0.3170181,40.6141596],[0.3164545,40.6139957],[0.3157827,40.614033],[0.3152404,40.6143008],[0.312488,40.616001],[0.3110436,40.6169071],[0.3108042,40.6171133],[0.3104712,40.6174406],[0.3102177,40.6176346],[0.310006,40.6177458],[0.30964,40.617891],[0.309376,40.617972],[0.3091729,40.6180839],[0.308928,40.6182742],[0.3087452,40.6184566],[0.308573,40.6185948],[0.3084711,40.6186604],[0.3081077,40.6187852],[0.3079567,40.6188474],[0.307561,40.6190636],[0.3074192,40.6191577],[0.3072709,40.6192478],[0.3071127,40.6194026],[0.306912,40.619626],[0.3067518,40.6198427],[0.3066095,40.6200236],[0.306398,40.6202199],[0.306084,40.6204137],[0.305434,40.6206592],[0.3050821,40.6207483],[0.3048614,40.6207957],[0.3046898,40.6208576],[0.3043998,40.6209547],[0.3041003,40.6210784],[0.303936,40.6211799],[0.3036419,40.6213383],[0.303089,40.6217522],[0.3028418,40.6218856],[0.3024363,40.6220551],[0.3021686,40.6221727],[0.3017899,40.6222702],[0.3015402,40.6223256],[0.301109,40.6224046],[0.3008863,40.6224633],[0.3005578,40.6226314],[0.3003465,40.6228266],[0.300004,40.6232778],[0.2998616,40.6235954],[0.2997317,40.6239397],[0.2994759,40.6245246],[0.2993952,40.6247903],[0.2992871,40.6251836],[0.2991889,40.6253333],[0.2990097,40.6255473],[0.2988222,40.6256616],[0.2985976,40.625772],[0.2983487,40.6258519],[0.2981034,40.6258864],[0.2978354,40.6258477],[0.297587,40.6257743],[0.2972627,40.6256511],[0.2969699,40.6255091],[0.2967103,40.6253741],[0.2962399,40.6250547],[0.2957919,40.6247843],[0.2954903,40.6246366],[0.2950624,40.6244603],[0.2946704,40.6244053],[0.294272,40.6242735],[0.2938986,40.624072],[0.2934415,40.6237354],[0.2931437,40.6235354],[0.2926404,40.6232249],[0.2924098,40.623131],[0.2921778,40.6231151],[0.2918756,40.6231862],[0.2916231,40.6233379],[0.2913112,40.623633],[0.2908562,40.6239689],[0.2906073,40.6241449],[0.2903844,40.624326],[0.290173,40.6244607],[0.289941,40.6245614],[0.2896667,40.6247073],[0.2892536,40.6248912],[0.2888077,40.6250368],[0.2885643,40.6250872],[0.2882148,40.6251692],[0.2880044,40.6252259],[0.287894,40.625261],[0.2878054,40.6252971],[0.2876201,40.6254034],[0.2874233,40.6254907],[0.287213,40.6255452],[0.2866777,40.6257168],[0.2863646,40.6258446],[0.2858375,40.6260415],[0.2844616,40.6266027],[0.2838549,40.6268626],[0.2836563,40.6269872],[0.2834802,40.6271836],[0.2834187,40.6272385],[0.2832813,40.6273061],[0.2830944,40.6273259],[0.2828059,40.6273882],[0.2826178,40.6274585],[0.282414,40.6275511],[0.2822416,40.6276887],[0.2820389,40.6278818],[0.2818511,40.628001],[0.2815948,40.6282169],[0.2813848,40.6284178],[0.280606,40.6290315],[0.2803295,40.6292241],[0.2798156,40.6295358],[0.2796304,40.629632],[0.279044,40.629804],[0.2788786,40.629893],[0.2787088,40.6301038],[0.2786776,40.6302426],[0.2787214,40.6303527],[0.2791053,40.6304711],[0.279249,40.630578],[0.2793299,40.6307086],[0.2793304,40.6308327],[0.2792482,40.630952],[0.2791165,40.6310489],[0.2789502,40.6311394],[0.2787518,40.6312282],[0.2786331,40.6313118],[0.2781073,40.6318327],[0.2779522,40.6320443],[0.2777219,40.6324541],[0.2775481,40.6327368],[0.2771957,40.6333781],[0.2769898,40.6337422],[0.2768941,40.6340478],[0.2768691,40.6343618],[0.2769036,40.6346754],[0.2769222,40.6349772],[0.2769479,40.6352026],[0.2768584,40.6354647],[0.2767922,40.6356893],[0.2766965,40.6358475],[0.276605,40.6359392],[0.2764091,40.6360225],[0.2762934,40.6361716],[0.2762497,40.636317],[0.2762516,40.6364936],[0.2761986,40.6366101],[0.2760652,40.636733],[0.2756482,40.6369268],[0.2754324,40.6369689],[0.2751998,40.6369822],[0.2750141,40.6369495],[0.2747958,40.6369559],[0.2740167,40.6371656],[0.2737516,40.63725],[0.2731163,40.6373297],[0.2727337,40.6374073],[0.2722361,40.6374671],[0.2720162,40.6375282],[0.271814,40.6376044],[0.2716066,40.6376692],[0.2713193,40.6377169],[0.271147,40.6377533],[0.2707625,40.637863],[0.2706492,40.6379499],[0.270574,40.6380288],[0.2704711,40.6381611],[0.2703906,40.6382991],[0.2703673,40.638533],[0.2704288,40.6386674],[0.270454,40.6387791],[0.27048,40.6388515],[0.2704737,40.6390959],[0.2704831,40.6392201],[0.2705395,40.6393705],[0.2705815,40.6394386],[0.2705929,40.6395087],[0.270582,40.6395794],[0.2705815,40.6396963],[0.2705586,40.6398375],[0.270468,40.6399232],[0.27033,40.6400841],[0.2702746,40.6402792],[0.2701395,40.640485],[0.2700057,40.6406606],[0.2698223,40.6407817],[0.2696715,40.6409247],[0.2695111,40.6411709],[0.2689865,40.641613],[0.2685728,40.6418667],[0.2683011,40.6421238],[0.2679248,40.6424992],[0.2676571,40.6428749],[0.2675351,40.6430345],[0.2674269,40.6431492],[0.2672955,40.6432375],[0.2671151,40.6434045],[0.2667777,40.6436038],[0.2664654,40.643724],[0.2662579,40.6438634],[0.2661082,40.6440597],[0.2659776,40.6443689],[0.2657674,40.6446739],[0.265666,40.6449163],[0.26562,40.6451039],[0.2656002,40.6452479],[0.2656868,40.6454189],[0.2657574,40.6456503],[0.2658085,40.6458388],[0.2659651,40.646079],[0.2661811,40.6465934],[0.2663887,40.6467659],[0.2665859,40.6468719],[0.2667983,40.6469555],[0.2670005,40.6469816],[0.2671876,40.6469661],[0.2674858,40.6469356],[0.2676801,40.6469391],[0.2679474,40.647033],[0.2685227,40.6473647],[0.2687927,40.6475305],[0.268994,40.6476642],[0.2692216,40.6477801],[0.2693257,40.6478506],[0.2693632,40.6479016],[0.2693857,40.648019],[0.2693593,40.648179],[0.2693028,40.648327],[0.269132,40.6486027],[0.2690634,40.648734],[0.2690552,40.6488774],[0.2690572,40.6490002],[0.2690343,40.6491584],[0.2690308,40.6493005],[0.269058,40.6493815],[0.2691026,40.649477],[0.26911,40.6495354],[0.269088,40.6495786],[0.2690834,40.6496576],[0.2691354,40.649741],[0.2692167,40.6499255],[0.269235,40.6501259],[0.2691683,40.6503229],[0.2690259,40.6505283],[0.2689711,40.650682],[0.268958,40.6508439],[0.2689769,40.6509972],[0.269036,40.6512904],[0.2690369,40.6514527],[0.2690498,40.6517167],[0.2690202,40.6518237],[0.2689309,40.6520544],[0.2689105,40.6522063],[0.2689304,40.6524109],[0.2689912,40.6525289],[0.2691295,40.6527122],[0.2692344,40.652988],[0.2692406,40.6531122],[0.2692334,40.6532721],[0.2692163,40.6534131],[0.269148,40.6537623],[0.2690828,40.6539919],[0.2689018,40.6542626],[0.2686449,40.6545265],[0.2684679,40.6547842],[0.2681854,40.6553248],[0.2679857,40.655833],[0.2679523,40.6560795],[0.267917,40.6564408],[0.2679912,40.6567273],[0.268045,40.6569001],[0.2679949,40.6570711],[0.2678896,40.6573087],[0.2677063,40.6576496],[0.2676934,40.6578813],[0.2677069,40.6581648],[0.2678565,40.6584785],[0.26801,40.6587502],[0.2681947,40.6591782],[0.268443,40.6598229],[0.2689635,40.6597763],[0.2725547,40.6650411],[0.273044,40.665368],[0.2734983,40.6658291],[0.2735382,40.6660102],[0.2733989,40.6668177],[0.273506,40.6670904],[0.2734712,40.6679454],[0.273613,40.668174],[0.2737881,40.6685835],[0.274077,40.6690407],[0.2743633,40.6692727],[0.274873,40.6698252],[0.2752165,40.6701036],[0.2756855,40.6702047],[0.2765717,40.6702256],[0.2770019,40.670377],[0.277496,40.6707632],[0.2779676,40.6707991],[0.2786102,40.6709944],[0.2795435,40.6713114],[0.2815414,40.6719193],[0.2815868,40.6719654],[0.2824203,40.6721201],[0.2825803,40.672259],[0.283103,40.6728569],[0.2831364,40.6731279],[0.2831254,40.6733979],[0.2836833,40.6742218],[0.2845394,40.6752779],[0.2852165,40.6757893],[0.2853737,40.6762884],[0.285579,40.6770589],[0.2856143,40.6776453],[0.2866487,40.6783903],[0.2869168,40.6790722],[0.2873249,40.6792169],[0.2879762,40.6799304],[0.2889101,40.6809657],[0.28972,40.6817054],[0.2899881,40.6823873],[0.2906044,40.6829423],[0.2910535,40.6835384],[0.2915062,40.6840445],[0.292308,40.6846939],[0.2916461,40.6852639],[0.2915569,40.6857122],[0.2917269,40.6858963],[0.2921832,40.6868979],[0.2922662,40.6871851],[0.2920068,40.6877496],[0.291769,40.6879242],[0.2916949,40.6881476],[0.2912611,40.6886329],[0.2907289,40.6886294],[0.2905465,40.6887512],[0.2893944,40.6894448],[0.2889811,40.6894261],[0.2888089,40.6892959],[0.2878432,40.6894782],[0.287444,40.6894035],[0.2869085,40.6894787],[0.2866686,40.6895609],[0.2862406,40.6899022],[0.286012,40.6899959],[0.2859848,40.6900853],[0.2856956,40.6902136],[0.2848444,40.6907791],[0.2838196,40.6912505],[0.2832786,40.6914629],[0.283207,40.6915739],[0.2830129,40.6921773],[0.2826592,40.6924392],[0.2825773,40.6927076],[0.2816633,40.6933616],[0.2812995,40.6935783],[0.2807311,40.693664],[0.2803486,40.693468],[0.2796593,40.6931793],[0.2792438,40.6932145],[0.278887,40.6932602],[0.2785812,40.6935052],[0.2781598,40.6936844],[0.2777979,40.693856],[0.277264,40.6938907],[0.2767175,40.6942359],[0.2767047,40.6945509],[0.2768082,40.6949136],[0.2766162,40.6952695],[0.2764834,40.6956266],[0.2760576,40.6962021],[0.2757984,40.6964662],[0.2755326,40.6971806],[0.2754607,40.6974942],[0.274456,40.6978308],[0.27395,40.6982692],[0.2735308,40.6983945],[0.2728696,40.6986491],[0.2726951,40.6988176],[0.2725021,40.6989557],[0.2724907,40.6990905],[0.2724209,40.6994943],[0.2724635,40.6999006],[0.272567,40.7002634],[0.2721999,40.700561],[0.2716665,40.7008727],[0.2712894,40.7010529],[0.2712226,40.7013126],[0.2710915,40.7016248],[0.2710158,40.7020283],[0.2706546,40.7024702],[0.2705708,40.7027835],[0.270388,40.7029143],[0.2698413,40.7032617],[0.2693592,40.7034755],[0.2687644,40.7035515],[0.2681161,40.7034911],[0.2672294,40.7034701],[0.2668215,40.7033163],[0.2661174,40.7031735],[0.2656889,40.7035237],[0.2647136,40.7042212],[0.2642205,40.704705],[0.2637328,40.7050537],[0.263369,40.7052703],[0.2624546,40.7059242],[0.2617989,40.7060438],[0.2609766,40.7058959],[0.2605741,40.7056093],[0.2592201,40.705442],[0.2588026,40.7055222],[0.2586271,40.705473],[0.2576337,40.7051701],[0.256863,40.7052058],[0.2567482,40.705122],[0.2562206,40.7050014],[0.2552744,40.7049879],[0.2548551,40.705113],[0.2546187,40.7051074],[0.2541495,40.7050062],[0.2533811,40.7049879],[0.2527937,40.7048838],[0.2523189,40.7049175],[0.2514914,40.7048978],[0.2510868,40.704663],[0.250566,40.7043803],[0.2501098,40.7039641],[0.2500026,40.7036913],[0.2495502,40.703185],[0.2489226,40.7026206],[0.2488058,40.7025818],[0.2483853,40.7024817],[0.2479802,40.702517],[0.2433462,40.7001093],[0.2396445,40.7009216],[0.2348318,40.7062396],[0.2273103,40.7158495],[0.2245969,40.725603],[0.2245154,40.7261416],[0.2247238,40.7268222],[0.2250008,40.7272793],[0.2249958,40.7276845],[0.2250318,40.7279556],[0.2249559,40.7283592],[0.2251775,40.730076],[0.225303,40.7302592],[0.2254518,40.7306681],[0.2256217,40.7308524],[0.2256431,40.7316186],[0.2254712,40.7318397],[0.2260087,40.7329336],[0.2254249,40.7327394],[0.2250757,40.7325958],[0.2247819,40.7325437],[0.2243717,40.7324438],[0.2240805,40.7323287],[0.223372,40.7322846],[0.2227807,40.7322703],[0.2226014,40.7323111],[0.222485,40.7322632],[0.2218327,40.7322926],[0.2215389,40.7322404],[0.2213634,40.7321912],[0.2208922,40.7321348],[0.2205335,40.7322207],[0.2199404,40.732247],[0.2196429,40.7322848],[0.2188113,40.7323549],[0.2183266,40.7326224],[0.2181496,40.7326091],[0.2180294,40.7326513],[0.217852,40.732647],[0.2174437,40.732502],[0.2172091,40.7324513],[0.2170889,40.7324935],[0.216797,40.7323964],[0.2164422,40.7323878],[0.2159175,40.732195],[0.2155665,40.7320964],[0.2151601,40.7319064],[0.2148757,40.7316293],[0.2145814,40.7314466],[0.2142994,40.7312551],[0.2137231,40.7308808],[0.2133317,40.7303309],[0.2129272,40.7300959],[0.2125201,40.7299217],[0.2120017,40.7295781],[0.2116507,40.7294796],[0.2114756,40.7294213],[0.2109562,40.7291024],[0.2106643,40.7290053],[0.2104304,40.7290086],[0.2094151,40.7291552],[0.2091786,40.7291495],[0.2090584,40.7291917],[0.2085854,40.7291802],[0.2084117,40.7290859],[0.2081161,40.7290788],[0.207828,40.7288916],[0.2072536,40.7284724],[0.2071088,40.7279734],[0.2068717,40.7276974],[0.2062937,40.7272961],[0.2061942,40.7269153],[0.2061998,40.7267804],[0.20603,40.7265961],[0.2057415,40.7264179],[0.2053853,40.7264453],[0.2047396,40.7263171],[0.2036265,40.7260424],[0.2027528,40.7257059],[0.201925,40.7256858],[0.2012061,40.7258936],[0.2008551,40.725795],[0.2002174,40.7254778],[0.199052,40.7250396],[0.1982857,40.7249669],[0.1977668,40.724639],[0.1973126,40.7241776],[0.1969849,40.7249353],[0.1966188,40.7251967],[0.1959397,40.7258648],[0.194855,40.7263248],[0.1948342,40.7268198],[0.1945788,40.727264],[0.1945669,40.7277591],[0.1941654,40.7286502],[0.1937454,40.7287841],[0.1932561,40.7291595],[0.1928991,40.7292049],[0.1926924,40.7293349],[0.1923972,40.729598],[0.1922184,40.7299089],[0.1917423,40.7303928],[0.1914234,40.7306553],[0.1913508,40.7308336],[0.1910575,40.7310517],[0.1909839,40.7311855],[0.1908111,40.7310007],[0.1906947,40.7309528],[0.1899279,40.7308891],[0.1891233,40.7305992],[0.1890713,40.7301476],[0.1882128,40.729451],[0.1870554,40.7288238],[0.1852522,40.7280726],[0.1843654,40.7280488],[0.182186,40.7281309],[0.1704857,40.732936],[0.1707375,40.7339781],[0.1703932,40.73442],[0.1697433,40.7350887],[0.1691332,40.7355151],[0.1684618,40.7359941],[0.1682611,40.7362594],[0.1678269,40.7370054],[0.1669642,40.7378039],[0.1667429,40.7388344],[0.1673743,40.7393003],[0.1670366,40.7395848],[0.1665849,40.7397674],[0.1659874,40.7398968],[0.1648561,40.7400492],[0.1640873,40.7400303],[0.1638374,40.7403394],[0.1638202,40.7407443],[0.1634824,40.7417269],[0.1634099,40.7420404],[0.1630741,40.7422799],[0.1632548,40.742532],[0.164393,40.742602],[0.164675,40.7431975],[0.1645945,40.7434207],[0.1642777,40.7439084],[0.1640907,40.744129],[0.1637187,40.7445252],[0.1637148,40.7446152],[0.1635221,40.7449708],[0.1633923,40.7452378],[0.1631462,40.745457],[0.1626192,40.7464349],[0.16232,40.7467878],[0.1604363,40.7479215],[0.1602349,40.7481327],[0.1598322,40.7484831],[0.1597421,40.7489313],[0.1597267,40.7492913],[0.1596008,40.7494683],[0.1593527,40.7497324],[0.1594052,40.7499589],[0.1590703,40.7503676],[0.1594923,40.7504732],[0.1598808,40.7504909],[0.1603447,40.7504472],[0.1607551,40.7503231],[0.1619661,40.7500501],[0.1625802,40.7498238],[0.1633741,40.7494523],[0.1638738,40.7492625],[0.1642079,40.7489567],[0.1644118,40.7487159],[0.1647842,40.7483407],[0.1650675,40.7478788],[0.1652824,40.7475888],[0.1656504,40.7473089],[0.1658022,40.7470603],[0.1658961,40.7467568],[0.1659827,40.746431],[0.1661383,40.7460783],[0.1663591,40.7458678],[0.1666051,40.7455339],[0.1668145,40.7451998],[0.1675391,40.7450667],[0.1680534,40.7448106],[0.1683904,40.744649],[0.1686512,40.7443063],[0.1689085,40.7441471],[0.1694023,40.7438856],[0.1695922,40.7436858],[0.1699659,40.7436618],[0.1700805,40.7435047],[0.1703727,40.7433843],[0.1705773,40.7433597],[0.1708773,40.7432582],[0.171152,40.7431252],[0.1713355,40.743041],[0.1716113,40.7430434],[0.1719764,40.7430046],[0.1722601,40.7428465],[0.1723554,40.7425888],[0.1723909,40.7422514],[0.1725544,40.7420783],[0.1729212,40.74195],[0.1734491,40.7417886],[0.1736865,40.7417082],[0.1740292,40.7415683],[0.1740903,40.7413904],[0.174403,40.7412198],[0.1747203,40.7411802],[0.1749877,40.741301],[0.1752626,40.7414211],[0.1755843,40.7418836],[0.1758098,40.7423796],[0.1759986,40.7437248],[0.1762915,40.7441741],[0.176274,40.7443388],[0.1758465,40.7447327],[0.1757668,40.7450148],[0.1759042,40.74538],[0.1758587,40.7455267],[0.1755462,40.745685],[0.1754895,40.7457857],[0.1754882,40.7459771],[0.1752023,40.7460736],[0.1749184,40.7465054],[0.1748669,40.7467406],[0.1748877,40.7469538],[0.1751037,40.7472396],[0.1750605,40.74731],[0.1747175,40.7474596],[0.1745324,40.7476083],[0.1743262,40.7477572],[0.1741631,40.7479351],[0.1741218,40.748057],[0.1740781,40.7485938],[0.1739487,40.7489829],[0.1739659,40.7493853],[0.1741096,40.7496105],[0.1743597,40.7498938],[0.1745441,40.7498627],[0.1748597,40.7499497],[0.1749255,40.7501552],[0.1747575,40.7506159],[0.174866,40.7508054],[0.1750453,40.750869],[0.175565,40.7509768],[0.1757614,40.7520711],[0.1760578,40.7527192],[0.1760577,40.7530036],[0.1759966,40.7533025],[0.1760308,40.753387],[0.1760332,40.7535465],[0.17584,40.7534913],[0.1756645,40.753479],[0.1755622,40.7535845],[0.1755289,40.7537173],[0.1752228,40.7538696],[0.1752226,40.7539815],[0.1753801,40.7540674],[0.1753869,40.7541889],[0.1753029,40.7544825],[0.1753056,40.7546621],[0.1754751,40.7549027],[0.1756854,40.754952],[0.1767629,40.754991],[0.1773086,40.7549711],[0.177759,40.7549028],[0.1780899,40.754718],[0.1792186,40.7541036],[0.17979,40.7539577],[0.1802087,40.7537707],[0.1808037,40.7536129],[0.1814894,40.753382],[0.182324,40.7533552],[0.1832868,40.7537641],[0.1834117,40.753894],[0.1836255,40.754222],[0.1836971,40.754481],[0.1839103,40.7549276],[0.1841017,40.7555505],[0.184448,40.7559517],[0.1846136,40.7556062],[0.1846332,40.7552191],[0.1846256,40.7548628],[0.1848055,40.7541304],[0.1847933,40.7538898],[0.184826,40.7534173],[0.1849103,40.752938],[0.1852374,40.7527543],[0.1857705,40.7526095],[0.1864853,40.7523203],[0.1870747,40.7519923],[0.1884165,40.7514491],[0.1884145,40.7512165],[0.1888885,40.7511602],[0.1891201,40.7510229],[0.1894514,40.7507963],[0.1896632,40.7506463],[0.1899841,40.7504794],[0.1901527,40.7505331],[0.1903469,40.7506274],[0.1904177,40.7509106],[0.1905231,40.7511124],[0.1906036,40.7512864],[0.1906299,40.7516736],[0.1909139,40.751938],[0.1911237,40.7521436],[0.1912647,40.752329],[0.1916292,40.7526501],[0.1918082,40.7528605],[0.191972,40.752912],[0.192338,40.753133],[0.1927526,40.7534284],[0.1930124,40.7535893],[0.1931361,40.7536759],[0.193184,40.7537678],[0.1931139,40.7540305],[0.1934661,40.754289],[0.1937,40.754391],[0.1939142,40.7544979],[0.1942948,40.7546661],[0.1946387,40.7547835],[0.1948259,40.7548127],[0.1950713,40.7549756],[0.1950907,40.7559219],[0.1959307,40.7570684],[0.1959155,40.7574283],[0.1958391,40.7576967],[0.195767,40.7581453],[0.196288,40.7584282],[0.1968637,40.758949],[0.1971507,40.7590347],[0.1975652,40.7590358],[0.1982819,40.7588911],[0.1988241,40.75867],[0.1994285,40.7583784],[0.1998638,40.7578846],[0.2013959,40.7575656],[0.2023483,40.7579449],[0.2032953,40.7587424],[0.2032935,40.7594091],[0.2039657,40.7603262],[0.2056576,40.7617094],[0.206035,40.7618176],[0.2064472,40.7618726],[0.2065504,40.7622355],[0.2070086,40.7626069],[0.207942,40.7629448],[0.2085279,40.7630941],[0.208988,40.7634205],[0.2098278,40.7642966],[0.2102922,40.7648032],[0.2108612,40.7653575],[0.211203,40.765681],[0.2114706,40.7663631],[0.2115664,40.7669059],[0.211788,40.7672716],[0.2121317,40.7675501],[0.2125763,40.7675384],[0.2136145,40.7674959],[0.2146832,40.7674316],[0.2149828,40.7673488],[0.2159294,40.7673716],[0.2164638,40.7673395],[0.2172348,40.7673131],[0.2179809,40.7671734],[0.2184275,40.7671166],[0.2188473,40.7669916],[0.2191431,40.7669988],[0.2198562,40.7669394],[0.2204295,40.7668815],[0.2213434,40.7668584],[0.2234418,40.7654009],[0.2240829,40.7652484],[0.2246413,40.7652424],[0.2252766,40.765501],[0.2255397,40.7658131],[0.225824,40.7662451],[0.2261792,40.7667089],[0.226635,40.7671331],[0.2269312,40.7672601],[0.2281271,40.7674917],[0.2287763,40.7675528],[0.2290934,40.7674805],[0.2293535,40.7673676],[0.2296837,40.7673086],[0.2299214,40.7673947],[0.2298078,40.7676288],[0.2295373,40.7679067],[0.2295385,40.7680058],[0.2297358,40.768218],[0.2296483,40.7683738],[0.2294908,40.7688369],[0.2295729,40.7692307],[0.2296367,40.7698692],[0.2295929,40.7702355],[0.2293683,40.7704993],[0.22932,40.770651],[0.2293316,40.7709172],[0.2294356,40.7710274],[0.2296844,40.7713172],[0.2298248,40.7715598],[0.2300689,40.7717791],[0.2301233,40.7719414],[0.2301052,40.7720642],[0.2301337,40.7722523],[0.2302401,40.7723741],[0.2303288,40.7726727],[0.2304749,40.7728532],[0.230591,40.7730392],[0.2308306,40.7732578],[0.2308776,40.7735327],[0.2308487,40.773759],[0.2311257,40.7738034],[0.2316573,40.7739693],[0.232581,40.7744158],[0.2330831,40.7747593],[0.2336653,40.7752585],[0.2340962,40.775618],[0.2345585,40.7760123],[0.2349051,40.7763554],[0.2350717,40.7765679],[0.2351334,40.7768585],[0.2349109,40.777205],[0.2346209,40.7775268],[0.2335189,40.7782657],[0.2328099,40.7793948],[0.2330006,40.781614],[0.2329886,40.7823438],[0.2334697,40.7856626],[0.2334757,40.786518],[0.2335699,40.7869927],[0.2368497,40.7886478],[0.2440318,40.7918322],[0.2443999,40.792092],[0.248647,40.7970428],[0.2495724,40.7982776],[0.2498333,40.7985224],[0.2556029,40.7996924],[0.2577624,40.8002258],[0.2577712,40.8006488],[0.2584392,40.8041243],[0.2585774,40.8045257],[0.2598479,40.8065071],[0.2615872,40.8088626],[0.2641738,40.812017],[0.2655111,40.8131211],[0.2659664,40.8133694],[0.267761,40.8146994],[0.2688054,40.8149517],[0.2695081,40.8151497],[0.2700847,40.8153992],[0.2709592,40.8158174],[0.2710801,40.8160043],[0.2714376,40.8163877],[0.2718739,40.8165478],[0.2725805,40.8169613],[0.272903,40.8172175],[0.2728347,40.8173423],[0.2727952,40.8176073],[0.2728995,40.8178627],[0.2729509,40.8182912],[0.2730924,40.8188195],[0.273327,40.81929],[0.2736303,40.819541],[0.2740733,40.8196649],[0.2747806,40.8197156],[0.2756433,40.8197094],[0.2759784,40.8196321],[0.2776445,40.8196963],[0.2780738,40.8199466],[0.278459,40.8199747],[0.2787252,40.8201884],[0.2795642,40.8208095],[0.2794079,40.8209473],[0.2793952,40.8211227],[0.2792756,40.8212176],[0.2790701,40.8212573],[0.2789296,40.8212791],[0.2788302,40.8213947],[0.2783164,40.8217717],[0.2782252,40.8220479],[0.278113,40.822263],[0.2780912,40.8225659],[0.2781305,40.8227827],[0.2781173,40.8230333],[0.2782812,40.8232154],[0.27825,40.8233289],[0.2781599,40.8234388],[0.2780269,40.8234424],[0.2778117,40.8235113],[0.2775165,40.8235154],[0.2773656,40.8235584],[0.2772046,40.8237328],[0.2767848,40.8239459],[0.2762481,40.8243332],[0.2755774,40.824461],[0.2753363,40.8246287],[0.2752638,40.824723],[0.2749926,40.8248771],[0.2748983,40.8250248],[0.274531,40.8252461],[0.2741708,40.8254146],[0.2735083,40.8256212],[0.2733952,40.8256212],[0.2732173,40.8256881],[0.2730379,40.8257008],[0.2728466,40.8258208],[0.2727757,40.8260964],[0.2727759,40.8263218],[0.2728766,40.8267308],[0.2728056,40.8270788],[0.2725424,40.8273106],[0.2718365,40.827737],[0.2715405,40.8279426],[0.2714025,40.8280092],[0.2712789,40.8280905],[0.2712841,40.8282376],[0.2713233,40.8283833],[0.2713069,40.8284628],[0.2712105,40.8285676],[0.2710803,40.8286223],[0.2708996,40.8286666],[0.2707781,40.8286666],[0.2706948,40.8287054],[0.2702255,40.8288383],[0.2699898,40.8289215],[0.2698151,40.8290478],[0.2697458,40.8292723],[0.2697368,40.829546],[0.269549,40.8297115],[0.2692533,40.8298432],[0.2687634,40.8301067],[0.268532,40.8300941],[0.2681645,40.8301787],[0.2679766,40.8303945],[0.2677826,40.8307512],[0.2676565,40.8309274],[0.2675282,40.831252],[0.2674607,40.8314701],[0.2673937,40.8315873],[0.2673724,40.8318286],[0.2673208,40.8319369],[0.2673087,40.8322313],[0.2672462,40.83233],[0.2672222,40.8325026],[0.2671071,40.8328537],[0.266742,40.8331002],[0.2666929,40.8331908],[0.2662377,40.8335491],[0.2658696,40.8339065],[0.265632,40.834126],[0.2653586,40.8342843],[0.2648994,40.834469],[0.2644931,40.8345468],[0.2642075,40.8347103],[0.2641763,40.8348061],[0.2641575,40.8352552],[0.2640831,40.8354421],[0.2639672,40.8355336],[0.2636113,40.8355666],[0.262961,40.8357315],[0.2625949,40.8358631],[0.2623632,40.8358945],[0.2620643,40.835944],[0.2616748,40.8362343],[0.2614354,40.8365047],[0.2613703,40.8366851],[0.2613746,40.8368741],[0.2615228,40.8371816],[0.2618813,40.8373785],[0.2622915,40.837518],[0.2623958,40.8376128],[0.2625407,40.8377726],[0.2625683,40.837971],[0.26233,40.8381909],[0.2621289,40.8383119],[0.2618611,40.8383865],[0.2614993,40.8383963],[0.2605553,40.838323],[0.2602557,40.8383546],[0.26,40.8384021],[0.2598308,40.8385748],[0.2598222,40.8387817],[0.2599605,40.8391304],[0.2599514,40.8394144],[0.2598856,40.8396665],[0.2599345,40.8403397],[0.260183,40.8407326],[0.2604674,40.8412044],[0.2604619,40.8416375],[0.2604275,40.8418204],[0.2602757,40.8420027],[0.2600606,40.84211],[0.2599029,40.8421419],[0.2592002,40.8424727],[0.2589814,40.8430236],[0.259018,40.8432177],[0.2590254,40.8436239],[0.2591047,40.8438778],[0.2591701,40.8441076],[0.2591757,40.8442962],[0.2592225,40.8443909],[0.2592559,40.8447817],[0.2592324,40.8453187],[0.2591072,40.8455477],[0.2589029,40.8456907],[0.2587488,40.8457197],[0.2586772,40.8457559],[0.2585234,40.8457601],[0.2582591,40.8457475],[0.2579507,40.8456774],[0.257399,40.8454672],[0.2565915,40.845257],[0.2560944,40.845223],[0.2557367,40.8452784],[0.2555122,40.8455049],[0.2556988,40.8459708],[0.2559422,40.8464984],[0.2563375,40.8469748],[0.257576,40.8478812],[0.2576767,40.8480848],[0.2576386,40.8482519],[0.2575614,40.8483092],[0.2571143,40.8483388],[0.2568647,40.848421],[0.2562674,40.8487199],[0.2560101,40.8489472],[0.2558223,40.8491619],[0.2555705,40.8494846],[0.2554968,40.8497497],[0.2553904,40.8500449],[0.2553852,40.8502584],[0.2554635,40.85055],[0.2554525,40.8508182],[0.2553958,40.8509525],[0.2554359,40.8510957],[0.2555299,40.8512236],[0.2556127,40.8513186],[0.2556067,40.8514533],[0.2557078,40.8515948],[0.2557143,40.8516799],[0.255713,40.8517697],[0.2557654,40.8518749],[0.2558023,40.8521467],[0.255801,40.8524903],[0.2557714,40.8526746],[0.255623,40.8528439],[0.2553726,40.8529849],[0.2552094,40.85303],[0.2544809,40.8529563],[0.2540872,40.852995],[0.2537511,40.8531789],[0.2535926,40.8533467],[0.253616,40.8536499],[0.2535489,40.8538738],[0.2535408,40.8542272],[0.2535764,40.8544739],[0.2534949,40.8546919],[0.2533159,40.8550151],[0.2528705,40.8553084],[0.2524935,40.8553887],[0.251933,40.8554492],[0.251556,40.8554072],[0.2513082,40.8554759],[0.2509812,40.8557134],[0.2508597,40.855837],[0.2508831,40.8560393],[0.2510795,40.8563396],[0.2512502,40.8565112],[0.2513371,40.8566619],[0.2518537,40.8571322],[0.2520189,40.8573411],[0.2522741,40.8575411],[0.2528423,40.8580927],[0.2531126,40.8585556],[0.2532774,40.8590441],[0.2533058,40.8592917],[0.253205,40.8596268],[0.25274,40.8604348],[0.2522779,40.8609562],[0.2517507,40.8613359],[0.2514072,40.8617495],[0.2513361,40.8619821],[0.2515421,40.8622536],[0.2518625,40.8624913],[0.2521924,40.8626454],[0.2528054,40.863064],[0.2531134,40.8634254],[0.253322,40.8639032],[0.2534998,40.8650288],[0.2537256,40.8653392],[0.2541485,40.865704],[0.2543738,40.8660365],[0.2543882,40.8661845],[0.2542066,40.86668],[0.2540855,40.8667934],[0.2540071,40.8670886],[0.2539488,40.8671959],[0.253945,40.8675344],[0.2540431,40.8677491],[0.2540373,40.8680361],[0.2537708,40.8683496],[0.2533946,40.8688453],[0.253285,40.8690276],[0.253301,40.8695452],[0.2535317,40.8698662],[0.2536679,40.8701256],[0.2538829,40.8704194],[0.2541257,40.8707312],[0.2541972,40.8709139],[0.254217,40.8711967],[0.2544738,40.8716269],[0.2545502,40.8717663],[0.2548654,40.8722095],[0.2550831,40.8725463],[0.2554578,40.8732004],[0.2555562,40.8734808],[0.2555747,40.8737856],[0.2554939,40.8739555],[0.2552699,40.8740978],[0.2551994,40.8740921],[0.255102,40.8740341],[0.2548599,40.8738166],[0.2546169,40.873547],[0.2545036,40.8734748],[0.2543777,40.8734458],[0.2542144,40.8734781],[0.2541109,40.8734864],[0.2540226,40.8735786],[0.253863,40.8736984],[0.2537604,40.8738811],[0.2537818,40.8742535],[0.2537615,40.8745531],[0.2535896,40.8747309],[0.2534769,40.8748944],[0.253334,40.8751168],[0.2530564,40.8755943],[0.2528064,40.8758075],[0.2526385,40.8759313],[0.2524541,40.8759561],[0.252268,40.8759524],[0.2520109,40.8758316],[0.251855,40.8757799],[0.2516639,40.8757851],[0.2514987,40.8758658],[0.2512406,40.8762046],[0.2511429,40.8762996],[0.2510696,40.8764716],[0.2509787,40.8767568],[0.2509275,40.877079],[0.2508779,40.8771853],[0.2508516,40.8774588],[0.2508836,40.8776202],[0.2508943,40.8779111],[0.250874,40.8780582],[0.2507165,40.878499],[0.2506676,40.8786845],[0.2505332,40.8788733],[0.2500941,40.8792304],[0.2498681,40.8794269],[0.2496874,40.8795052],[0.2494472,40.879579],[0.2488525,40.8795732],[0.2483909,40.8795599],[0.2480168,40.8795895],[0.2477555,40.8795973],[0.2473286,40.8796657],[0.247018,40.8797369],[0.2467323,40.8797713],[0.2464315,40.8798342],[0.2461922,40.8799168],[0.2461107,40.8799596],[0.2457754,40.8800353],[0.2456277,40.8800983],[0.2451311,40.8802006],[0.2448034,40.880292],[0.2443436,40.8804822],[0.2441258,40.8805763],[0.243828,40.8807463],[0.2436354,40.8807743],[0.2434661,40.8808538],[0.24341,40.8809303],[0.2432142,40.8809571],[0.2430443,40.8810523],[0.2427095,40.8811874],[0.24246,40.8813158],[0.2423291,40.8813938],[0.2421432,40.8813967],[0.2419568,40.8815272],[0.2416508,40.8816215],[0.2413387,40.8817553],[0.2411041,40.8818763],[0.2407078,40.8820145],[0.2403881,40.8822163],[0.2402564,40.8823101],[0.2401005,40.8824803],[0.239885,40.8828454],[0.2395219,40.88318],[0.2391119,40.8834625],[0.2389601,40.8835739],[0.2387766,40.883747],[0.2386668,40.8839717],[0.2386426,40.8841648],[0.2386348,40.8845484],[0.2388088,40.8849122],[0.2390093,40.8852001],[0.2397198,40.8858154],[0.2399594,40.8859135],[0.2403922,40.8861031],[0.2407986,40.8863183],[0.2411454,40.8864872],[0.2418484,40.8867008],[0.242271,40.8867534],[0.2434018,40.8867905],[0.2438881,40.886754],[0.2442883,40.8866562],[0.2446913,40.8866461],[0.2450541,40.8866114],[0.2454713,40.8866689],[0.245682,40.8868064],[0.2458109,40.8870269],[0.245946,40.8872891],[0.2460266,40.8876093],[0.2460847,40.8879081],[0.2460731,40.8882607],[0.2459025,40.8885517],[0.2459151,40.8887206],[0.2459897,40.8888522],[0.2460231,40.8890604],[0.2460058,40.889189],[0.2460253,40.8893524],[0.2460289,40.8895455],[0.2460698,40.8897283],[0.2460597,40.889922],[0.2459651,40.8901468],[0.2458761,40.8903106],[0.245769,40.8904392],[0.2457482,40.8905624],[0.2457935,40.8907371],[0.2457743,40.8908844],[0.2456848,40.8910758],[0.2456573,40.891253],[0.2456471,40.8913998],[0.2456403,40.8916473],[0.2456482,40.8918127],[0.245737,40.8922288],[0.2458041,40.8924045],[0.246003,40.892626],[0.2463249,40.8929333],[0.246963,40.8934164],[0.2472721,40.8936143],[0.2475592,40.8937675],[0.2478548,40.8938638],[0.2483733,40.8941128],[0.2486824,40.8942485],[0.249019,40.894419],[0.2494399,40.8946925],[0.2499351,40.8951856],[0.2501866,40.8953564],[0.2503451,40.8954906],[0.2503592,40.8955993],[0.2502599,40.8957575],[0.2500897,40.895906],[0.249961,40.8961378],[0.2497854,40.8964879],[0.2495441,40.8967817],[0.2493806,40.8970632],[0.2491923,40.8972327],[0.2491362,40.8975227],[0.249187,40.8978368],[0.2492751,40.8982164],[0.2494996,40.8984993],[0.2496375,40.8987109],[0.2497514,40.8992556],[0.2497536,40.8996534],[0.2496653,40.9001736],[0.2496012,40.9004887],[0.2493509,40.900798],[0.2492174,40.9011551],[0.2493192,40.9015628],[0.2495459,40.9021086],[0.2498175,40.9024303],[0.2503919,40.9028944],[0.2508588,40.9030857],[0.2518502,40.9035146],[0.2529613,40.9039194],[0.2535005,40.9043179],[0.2536528,40.9045732],[0.2536503,40.9050656],[0.2535431,40.9054485],[0.2531131,40.9061443],[0.2529618,40.9064788],[0.2527484,40.9067296],[0.2524629,40.9069162],[0.2522362,40.90701],[0.2519828,40.9070609],[0.2517349,40.9070717],[0.2512481,40.906979],[0.2508599,40.9069192],[0.2499852,40.9069015],[0.2496112,40.9069951],[0.2493211,40.9072231],[0.2491437,40.90752],[0.2489257,40.9077264],[0.2488552,40.9079137],[0.2485514,40.9084524],[0.2483937,40.9087047],[0.2483001,40.9090098],[0.248364,40.9093639],[0.2486153,40.9096629],[0.249128,40.9102248],[0.2495476,40.9106946],[0.2499605,40.9110974],[0.250141,40.9112893],[0.2503983,40.9115323],[0.2506054,40.9116831],[0.2508771,40.911832],[0.2512787,40.9119647],[0.2517523,40.912014],[0.2523397,40.9119522],[0.2530973,40.911646],[0.2533671,40.9114092],[0.2535357,40.91134],[0.2537944,40.9114225],[0.2540959,40.9115855],[0.2542367,40.9118306],[0.2542533,40.9120647],[0.254261,40.9123829],[0.2541065,40.9127126],[0.2539295,40.9129785],[0.2538901,40.9132311],[0.2538125,40.9134513],[0.2537915,40.9137276],[0.253823,40.9139853],[0.2538821,40.9145682],[0.2540146,40.9148138],[0.2542701,40.9151302],[0.2544658,40.9153216],[0.2546038,40.9155313],[0.2546177,40.915676],[0.254589,40.9159471],[0.2544755,40.9162836],[0.2544579,40.9164155],[0.2543889,40.9165354],[0.2541784,40.9167335],[0.254008,40.9168617],[0.2538252,40.916935],[0.253541,40.9169858],[0.2533495,40.9171221],[0.2531608,40.9173514],[0.2530414,40.9176335],[0.253002,40.9177772],[0.2530268,40.9179952],[0.2531696,40.9182794],[0.2532585,40.9185244],[0.253306,40.9186371],[0.2534251,40.9187972],[0.2535308,40.9189596],[0.2535797,40.9191283],[0.2536345,40.9192541],[0.2538422,40.9196504],[0.2560797,40.9229015],[0.258146,40.9255629],[0.2594801,40.9275785],[0.2605336,40.9284764],[0.2610093,40.9287331],[0.2618847,40.9289064],[0.2639693,40.9290365],[0.2642938,40.9288742],[0.2648276,40.9283817],[0.2655888,40.9284051],[0.2663794,40.9285448],[0.2668516,40.9287296],[0.267316,40.9289956],[0.2680229,40.9303264],[0.2682765,40.9306525],[0.2690629,40.9311885],[0.270102,40.9317895],[0.2705704,40.9321364],[0.2709211,40.9325047],[0.27241,40.934759],[0.2731532,40.9356204],[0.2738946,40.9362028],[0.2742717,40.9366244],[0.2738176,40.9382494],[0.2740299,40.940621],[0.273202,40.9409327],[0.2725556,40.9413113],[0.2718473,40.9418808],[0.2714058,40.9425598],[0.2712091,40.9436282],[0.2713694,40.944227],[0.2716684,40.9447499],[0.2719968,40.9451459],[0.2729009,40.9458947],[0.2745795,40.9466936],[0.2754721,40.9472086],[0.2759016,40.9477277],[0.2760271,40.9481024],[0.2759781,40.9485541],[0.2752067,40.9492876],[0.2749315,40.9497277],[0.274948,40.9500605],[0.2751054,40.9503622],[0.2755037,40.9507292],[0.2760043,40.9510031],[0.276605,40.9511391],[0.2779691,40.9511003],[0.2796028,40.9507476],[0.2803959,40.9509321],[0.280918,40.9511604],[0.2811828,40.9514681],[0.2813646,40.9520213],[0.2816443,40.9543099],[0.2818876,40.9546633],[0.2830803,40.955719],[0.283172,40.9561307],[0.2829487,40.9571368],[0.2830001,40.9576937],[0.2832406,40.957993],[0.2849595,40.9595922],[0.2853569,40.9604184],[0.285454,40.960938],[0.2853686,40.9613728],[0.2846611,40.9624377],[0.284125,40.9636058],[0.2840533,40.9640762],[0.2842484,40.964656],[0.2846054,40.964907],[0.285634,40.9652829],[0.2858455,40.965475],[0.286286,40.96621],[0.2869965,40.96664],[0.2879116,40.9673614],[0.2885363,40.9677399],[0.2903628,40.9683902],[0.2919888,40.96883],[0.2927933,40.9692393],[0.2931831,40.9696695],[0.2934036,40.9700414],[0.2935008,40.970561],[0.2933597,40.9710694],[0.2924816,40.9725265],[0.2918091,40.9733383],[0.2909934,40.973902],[0.2902548,40.9741033],[0.2893364,40.9742736],[0.2884556,40.9742447],[0.2879396,40.9741424],[0.2833792,40.9727595],[0.2829217,40.9728806],[0.2823441,40.9732123],[0.2815417,40.9740457],[0.2810853,40.9749053],[0.2809748,40.9753138],[0.2809847,40.9762321],[0.2817327,40.9802907],[0.281781,40.9807847],[0.2819734,40.9813105],[0.2822573,40.9817618],[0.2823248,40.9821651],[0.2810872,40.9871629],[0.2804108,40.9879027],[0.2783149,40.9892593],[0.2773196,40.989801],[0.2759756,40.990983],[0.2728093,40.9928113],[0.2725031,40.9931082],[0.2722607,40.9934934],[0.2721633,40.9939285],[0.2721979,40.9951073],[0.2721024,40.9955783],[0.2718467,40.9959369],[0.2703007,40.9971246],[0.2689426,40.9977846],[0.2686798,40.9979992],[0.2684689,40.9983024],[0.2683632,40.9988097],[0.2688456,41.0011107],[0.2693714,41.0018883],[0.2700696,41.002544],[0.2715,41.0033409],[0.2745532,41.0047401],[0.2749353,41.0052516],[0.274951,41.0058096],[0.2747618,41.0063103],[0.274244,41.0071356],[0.2734837,41.0078687],[0.2721946,41.008725],[0.2705649,41.0094287],[0.2692503,41.0097723],[0.268093,41.0099313],[0.2663226,41.0099545],[0.2644478,41.0102688],[0.2622314,41.0111332],[0.2605908,41.0120984],[0.259905,41.0126582],[0.2593411,41.0132776],[0.2589091,41.0139202],[0.258635,41.0146305],[0.2586718,41.015377],[0.2590351,41.0164745],[0.2594308,41.0172648],[0.2602902,41.0182942],[0.2609972,41.0188866],[0.2619329,41.0192924],[0.2629885,41.0194787],[0.2646735,41.019647],[0.2662792,41.0196555],[0.2712755,41.0192165],[0.272229,41.0192614],[0.2728024,41.019074],[0.2735691,41.0187099],[0.2753473,41.018119],[0.2763693,41.0181079],[0.2780923,41.0185632],[0.2790782,41.0190215],[0.2795979,41.01943],[0.2798105,41.0197969],[0.2796594,41.0202943],[0.2790534,41.0211332],[0.2785499,41.0215261],[0.2770039,41.0227096],[0.2762099,41.0233441],[0.2752346,41.0239897],[0.2748077,41.0242498],[0.2743233,41.0244636],[0.2735345,41.0248502],[0.2725662,41.0255542],[0.2719311,41.0258633],[0.2710969,41.0260533],[0.2702083,41.0262066],[0.2696077,41.0262396],[0.2687341,41.0261735],[0.2683298,41.0260642],[0.2676909,41.0257854],[0.2669009,41.0254293],[0.2664513,41.0252778],[0.2661412,41.0252308],[0.2658448,41.0252124],[0.265432,41.0253538],[0.2645379,41.0258845],[0.2639482,41.0260283],[0.2633184,41.0261884],[0.2628967,41.0263031],[0.2625414,41.0264402],[0.2620433,41.0267011],[0.2615602,41.0269107],[0.2610795,41.0271647],[0.2608634,41.0273787],[0.2608238,41.0276102],[0.2605728,41.0278753],[0.2601988,41.028044],[0.2597948,41.028333],[0.2596667,41.0284105],[0.2592328,41.0285164],[0.2589321,41.028565],[0.2584992,41.0287578],[0.2582626,41.0288255],[0.2579273,41.0290237],[0.2575508,41.0293423],[0.2572748,41.0296937],[0.2568767,41.0300049],[0.2559844,41.0306302],[0.2556767,41.0307959],[0.2553334,41.0309516],[0.2550485,41.0312423],[0.2546489,41.0314832],[0.2540586,41.0317987],[0.2536841,41.0320647],[0.2533252,41.0322749],[0.2526294,41.0326201],[0.2523131,41.0329731],[0.2521501,41.0334675],[0.2520241,41.0337819],[0.2519622,41.0341527],[0.2515033,41.0348887],[0.2511515,41.0357445],[0.2509252,41.0360662],[0.2504944,41.0370271],[0.2504199,41.0374144],[0.2502703,41.0377988],[0.2496323,41.0383107],[0.2492593,41.0387059],[0.2492014,41.0388708],[0.2488024,41.0391683],[0.2485489,41.0394769],[0.248119,41.0397563],[0.247659,41.0402647],[0.2474127,41.0404947],[0.2472036,41.0407106],[0.2468029,41.0409881],[0.2463775,41.0412605],[0.2459812,41.0414241],[0.2457125,41.0414963],[0.2451855,41.0416668],[0.2448627,41.0417],[0.2443191,41.0415868],[0.2437383,41.0414424],[0.2430825,41.041024],[0.2427925,41.04075],[0.2425343,41.0402677],[0.242508,41.0396315],[0.243109,41.038628],[0.2437473,41.0378699],[0.2440887,41.0372585],[0.2442364,41.0369441],[0.244353,41.0367149],[0.2444086,41.0364528],[0.244301,41.03618],[0.2441982,41.0359702],[0.2437856,41.0355838],[0.2432407,41.0352048],[0.2426278,41.0348958],[0.2420604,41.0345329],[0.2417639,41.0343478],[0.2414847,41.0342691],[0.2408418,41.0342601],[0.2403611,41.0342782],[0.2393995,41.0342761],[0.2386306,41.0341376],[0.2377007,41.0341403],[0.2366701,41.0342496],[0.2359152,41.0342933],[0.2353199,41.0343159],[0.2343028,41.0343613],[0.2333819,41.0345447],[0.2327156,41.0346827],[0.2320896,41.0349936],[0.2315767,41.0353547],[0.2311334,41.0357006],[0.230907,41.0362287],[0.2306166,41.0365458],[0.2305152,41.0367036],[0.2304347,41.0371055],[0.2303611,41.0373214],[0.230261,41.0375692],[0.230033,41.0378582],[0.2299499,41.037987],[0.229923,41.0381603],[0.2298809,41.0385794],[0.2298741,41.0388144],[0.229822,41.0390963],[0.2297717,41.0393221],[0.2297652,41.039785],[0.2297541,41.0400489],[0.2298618,41.0401941],[0.2300784,41.0403661],[0.2303367,41.0405626],[0.2306003,41.0407929],[0.2312698,41.0412516],[0.2317196,41.0414756],[0.2319952,41.0416705],[0.2323289,41.0419398],[0.232591,41.0421858],[0.2328862,41.0423868],[0.2332997,41.0425991],[0.233614,41.0428694],[0.2338339,41.043102],[0.2338763,41.043277],[0.2339338,41.0433414],[0.2340235,41.0434188],[0.2341196,41.0435377],[0.2342006,41.0437007],[0.2346357,41.0444134],[0.2348061,41.0447576],[0.2348664,41.0450908],[0.2348732,41.0458251],[0.2348084,41.0460908],[0.2347328,41.046283],[0.2345357,41.0464801],[0.2343967,41.0465318],[0.2342134,41.0465606],[0.2339334,41.0466679],[0.2336564,41.0468205],[0.233489,41.0469636],[0.233242,41.0471008],[0.2329415,41.0472188],[0.2320724,41.047396],[0.2317296,41.0474969],[0.2313474,41.0475444],[0.2310192,41.0476268],[0.230604,41.0477087],[0.2301815,41.0477153],[0.229488,41.0476251],[0.2289715,41.0475328],[0.2284821,41.0473444],[0.2280975,41.0471754],[0.2276478,41.0469933],[0.2269147,41.0467534],[0.2264693,41.0465508],[0.2259676,41.0463097],[0.225601,41.0460314],[0.2253868,41.0458343],[0.2252675,41.0456426],[0.2250244,41.0454618],[0.2247672,41.0452848],[0.2245438,41.0450328],[0.2242543,41.0446182],[0.2241178,41.0442974],[0.2240295,41.0441099],[0.2238533,41.0438411],[0.2237818,41.0436501],[0.2237401,41.0434572],[0.2237703,41.0432869],[0.2237476,41.0431114],[0.2236076,41.0425597],[0.2233138,41.0420013],[0.2223411,41.0416228],[0.2217612,41.0412492],[0.2213098,41.0409919],[0.2207767,41.041053],[0.2203572,41.0412744],[0.2198259,41.041606],[0.2195436,41.0418693],[0.2187818,41.0425578],[0.2185094,41.0427745],[0.2183208,41.0431342],[0.2181603,41.0435902],[0.2178924,41.0442913],[0.2176973,41.0445151],[0.2175055,41.0447594],[0.2174388,41.0450625],[0.21729,41.0454146],[0.217171,41.0457315],[0.2172249,41.0462145],[0.217201,41.0465177],[0.2171686,41.0468107],[0.2171884,41.0470186],[0.2173416,41.0472601],[0.2175403,41.0475069],[0.2178396,41.04774],[0.2181743,41.0479833],[0.2185923,41.0483205],[0.2189261,41.0486053],[0.2193282,41.0488961],[0.2197338,41.0491027],[0.2202258,41.0492849],[0.221361,41.049769],[0.2220847,41.0499431],[0.2232729,41.0501997],[0.2237066,41.0504597],[0.2241822,41.0506969],[0.2247879,41.0509048],[0.2253633,41.0510143],[0.2257519,41.0510584],[0.2261986,41.0511461],[0.2265919,41.0512399],[0.2270093,41.0512731],[0.2273883,41.0513524],[0.2277874,41.0514131],[0.2281172,41.0514774],[0.2283674,41.0515481],[0.2285793,41.0516724],[0.228801,41.0518161],[0.2290431,41.0519619],[0.2291983,41.0521073],[0.2298933,41.052592],[0.2300308,41.0527967],[0.23017,41.0529739],[0.2303234,41.0532205],[0.2303758,41.053489],[0.2305382,41.0538282],[0.2306118,41.0540785],[0.2306733,41.0544766],[0.230697,41.054808],[0.2306069,41.0551655],[0.2305311,41.0554979],[0.2305183,41.0558465],[0.2304424,41.0562697],[0.2303663,41.0564137],[0.2303368,41.0566374],[0.2303279,41.0569359],[0.2302443,41.0571074],[0.2301337,41.0574427],[0.2299551,41.0577514],[0.2298066,41.0579076],[0.2296157,41.0581205],[0.2289356,41.0587981],[0.2286552,41.0589608],[0.2284177,41.059074],[0.2280194,41.0591455],[0.2272702,41.0591627],[0.2260436,41.0591423],[0.225654,41.059044],[0.2254192,41.058948],[0.2251632,41.0588173],[0.2248855,41.0587258],[0.2246669,41.0586616],[0.2243314,41.0585803],[0.2237036,41.0584523],[0.2233566,41.0584204],[0.2230396,41.0584141],[0.2228449,41.0584677],[0.2223353,41.0585747],[0.2219322,41.0586982],[0.2215882,41.0588993],[0.2213094,41.0590827],[0.2209718,41.059298],[0.2205872,41.0594984],[0.2203448,41.0596431],[0.2196988,41.0600624],[0.2195239,41.0602398],[0.2193615,41.0604749],[0.2191401,41.0609769],[0.2190577,41.0610995],[0.2188886,41.061233],[0.2188213,41.0614357],[0.2187865,41.0616977],[0.2187199,41.0618841],[0.2186182,41.0620889],[0.2185678,41.0624096],[0.2185486,41.062571],[0.218428,41.0627225],[0.2181057,41.063451],[0.2180211,41.0635708],[0.217912,41.0637527],[0.2177917,41.0640084],[0.2177316,41.0642527],[0.2176484,41.0647859],[0.2175635,41.0650407],[0.2174454,41.0655254],[0.2173396,41.0659178],[0.2173179,41.0663013],[0.2173971,41.0668261],[0.2174545,41.0669388],[0.2175441,41.067067],[0.2177066,41.0671962],[0.2177779,41.0673028],[0.217879,41.0676211],[0.2180641,41.0679326],[0.2181222,41.0681066],[0.2182574,41.068444],[0.2183781,41.0688222],[0.2185045,41.0690241],[0.2186391,41.0693151],[0.218719,41.0694488],[0.2188685,41.0696328],[0.2190405,41.0699032],[0.2191669,41.0699803],[0.219388,41.0701039],[0.219576,41.0702247],[0.2196932,41.0703408],[0.2202061,41.0708866],[0.2203192,41.0709956],[0.2205005,41.0711467],[0.2207545,41.0713306],[0.2208458,41.0713806],[0.2210082,41.0715052],[0.2212721,41.0717461],[0.2215603,41.0720678],[0.2217716,41.0723451],[0.2218677,41.072612],[0.2219258,41.0728785],[0.2219096,41.0731708],[0.2217897,41.0733995],[0.2215912,41.07365],[0.2213603,41.0738841],[0.2210769,41.0740475],[0.220735,41.0743457],[0.2203126,41.0745662],[0.2198996,41.0747002],[0.2194548,41.0748347],[0.2190721,41.0750112],[0.2188382,41.0750868],[0.2183826,41.0752229],[0.2176159,41.0753509],[0.2170382,41.0754835],[0.2166337,41.0756223],[0.2160576,41.0759927],[0.2157324,41.0765769],[0.2154421,41.0772568],[0.2152874,41.0777311],[0.2152853,41.0780166],[0.2153957,41.0781601],[0.2156606,41.0782477],[0.2160885,41.0783326],[0.2166364,41.0784276],[0.217099,41.0786077],[0.2176776,41.0787905],[0.2185466,41.0791249],[0.2191723,41.0793423],[0.2203553,41.0819992],[0.2202075,41.0824595],[0.2200744,41.082745],[0.2198959,41.0829845],[0.2196961,41.0831702],[0.2195161,41.0833282],[0.2192255,41.0834332],[0.2189111,41.0835376],[0.2176952,41.0839207],[0.2171606,41.0840748],[0.2167263,41.0841551],[0.2163654,41.0842035],[0.2156965,41.0842277],[0.2154744,41.0844307],[0.2143098,41.0842996],[0.2133498,41.0841515],[0.2120732,41.0839339],[0.211205,41.083723],[0.2104797,41.0835028],[0.2100879,41.0833601],[0.2098609,41.08333],[0.2090597,41.0830738],[0.2088639,41.0830171],[0.2086022,41.0829783],[0.2082266,41.0827856],[0.2074859,41.0828435],[0.2066694,41.0829739],[0.2059199,41.0831368],[0.2054266,41.0831698],[0.2050939,41.0832842],[0.2045833,41.0833554],[0.2040092,41.0835209],[0.2036063,41.0835988],[0.2033096,41.0836964],[0.202922,41.0837918],[0.2022445,41.0839792],[0.2016563,41.0841079],[0.201383,41.0841863],[0.2010214,41.0843794],[0.2008579,41.0845264],[0.2006698,41.0848026],[0.200711,41.0856444],[0.2007712,41.0861089],[0.20106,41.0867377],[0.2003954,41.1022226],[0.2009107,41.1032738],[0.201393,41.1041595],[0.2016333,41.1046201],[0.2018381,41.1049937],[0.2020215,41.1054014],[0.2022147,41.1057271],[0.2026376,41.1059717],[0.2033081,41.1063022],[0.2038075,41.1067803],[0.2046042,41.1076188],[0.2050623,41.1081386],[0.2056,41.1088079],[0.2058602,41.1092487],[0.2060224,41.1097129],[0.2057909,41.1099034],[0.2054812,41.109983],[0.2049777,41.1100444],[0.2055329,41.1112327],[0.2063198,41.1128455],[0.2065524,41.1133565],[0.2072538,41.114471],[0.2076601,41.1151761],[0.2081577,41.115919],[0.2085396,41.1164121],[0.2092879,41.1168666],[0.2088374,41.1176096],[0.2081592,41.1183182],[0.2075152,41.1189579],[0.2065707,41.119538],[0.2057874,41.1199072],[0.2047278,41.1204885],[0.2040194,41.1208858],[0.2033138,41.1214577],[0.2020124,41.1226986],[0.2008563,41.1235805],[0.20049,41.1240316],[0.2003662,41.1242436],[0.2003031,41.1245735],[0.2003854,41.1252155],[0.2006478,41.1260933],[0.2008842,41.1264966],[0.2013191,41.1269566],[0.2018299,41.1275522],[0.2025031,41.1279818],[0.2033115,41.1283984],[0.2038734,41.1285242],[0.2048365,41.1286454],[0.2064872,41.1285875],[0.2080605,41.1286257],[0.2105709,41.1290126],[0.2116903,41.1294244],[0.2123195,41.129895],[0.2128153,41.1302434],[0.2137703,41.1304406],[0.2146816,41.1303763],[0.2161087,41.1303649],[0.2169067,41.1303119],[0.2177475,41.1303608],[0.2186337,41.1307115],[0.2197497,41.1320891],[0.2199106,41.1325378],[0.2200452,41.133206],[0.2199959,41.1337467],[0.2197909,41.134206],[0.2191091,41.1345255],[0.2184318,41.1347779],[0.2170869,41.1350753],[0.2163556,41.1351786],[0.2162683,41.1348647],[0.2126851,41.1361495],[0.2140766,41.1369464],[0.2245445,41.1339716],[0.237118,41.1301183],[0.2378691,41.1298416],[0.238546,41.1298515],[0.239203,41.1297362],[0.2400494,41.1297352],[0.2412972,41.1294438],[0.241528,41.129534],[0.242587,41.1295435],[0.2439241,41.1296754],[0.2441328,41.1298106],[0.2446331,41.1296066],[0.2451313,41.1295057],[0.2455589,41.1296082],[0.2459608,41.1295162],[0.246399,41.1295836],[0.2469547,41.1299302],[0.2473274,41.1301504],[0.2479917,41.1302151],[0.2482602,41.1300955],[0.2484206,41.1301197],[0.2489411,41.1298438],[0.2493711,41.1296587],[0.2497867,41.1296101],[0.2498661,41.1300904],[0.2498639,41.1314426],[0.2498677,41.1322846],[0.2497456,41.1325115],[0.2495723,41.1328003],[0.2500799,41.1328098],[0.250592,41.1330716],[0.2512644,41.1333711],[0.2518204,41.1337973],[0.2517576,41.1342945],[0.2523176,41.1351089],[0.2522995,41.1352763],[0.2518339,41.1355252],[0.2515787,41.1357875],[0.2510646,41.1360017],[0.251218,41.1363823],[0.251118,41.1367363],[0.2511909,41.1371301],[0.2502617,41.1379214],[0.2504022,41.1380767],[0.2514313,41.1388668],[0.2515766,41.1392431],[0.2521962,41.1395154],[0.2525594,41.1395659],[0.2530254,41.1398515],[0.2527361,41.1406292],[0.2527564,41.1409998],[0.2537749,41.1413482],[0.2544004,41.1412555],[0.2548654,41.1413997],[0.2552308,41.141604],[0.2557426,41.1423496],[0.2562077,41.1429734],[0.2563398,41.1435603],[0.255906,41.1436581],[0.2556384,41.1440068],[0.2550877,41.1442067],[0.2547848,41.144448],[0.2548328,41.1449435],[0.2550004,41.1452375],[0.2553308,41.1456728],[0.2559708,41.146674],[0.2553726,41.1471543],[0.2548846,41.147437],[0.2546071,41.1478074],[0.2538486,41.1481013],[0.2529833,41.1484455],[0.2531563,41.1489731],[0.2528749,41.1496367],[0.2529901,41.1501527],[0.254384,41.1501493],[0.2571467,41.1503593],[0.2577389,41.1502885],[0.2583584,41.1500458],[0.2592522,41.1495702],[0.2604709,41.1491574],[0.2615332,41.1489562],[0.2621752,41.148929],[0.2634273,41.1491907],[0.2653038,41.1488312],[0.2663281,41.1490633],[0.269769,41.1487764],[0.2718991,41.1487248],[0.2730114,41.1488102],[0.2740181,41.1491689],[0.2919877,41.156356],[0.2933553,41.1572534],[0.2994074,41.1615019],[0.3033178,41.1643795],[0.3005133,41.1665807],[0.300491,41.1668194],[0.3005703,41.1669448],[0.3008146,41.1670795],[0.3011565,41.1671554],[0.301361,41.1672702],[0.3014243,41.1674904],[0.3014039,41.167711],[0.3014099,41.1677939],[0.3014829,41.1678767],[0.3016171,41.1680077],[0.3017452,41.168073],[0.3019007,41.1681157],[0.3020465,41.1681135],[0.302389,41.1680319],[0.3025661,41.1680068],[0.3026626,41.1680158],[0.3027763,41.1680788],[0.3028651,41.1681753],[0.3029838,41.1682451],[0.3031275,41.1682859],[0.3034284,41.1682942],[0.303615,41.1682948],[0.3036972,41.1683155],[0.3037737,41.1683774],[0.3038071,41.1684912],[0.3037826,41.1687047],[0.3037364,41.1688456],[0.3037135,41.168985],[0.3037528,41.1691329],[0.3040208,41.1696798],[0.3040552,41.169733],[0.3043217,41.1698289],[0.3043853,41.1699049],[0.3043889,41.1702922],[0.3044547,41.1705116],[0.3045316,41.1706432],[0.3046134,41.170755],[0.3049537,41.1714964],[0.3048127,41.1720145],[0.3047573,41.1724197],[0.3048514,41.1728017],[0.3049618,41.1729523],[0.3051341,41.1733127],[0.3051395,41.1737106],[0.3050671,41.1739083],[0.3050854,41.1740268],[0.3051069,41.1745508],[0.3051538,41.1748525],[0.3050264,41.1750706],[0.3048393,41.1751408],[0.3046697,41.1754595],[0.3045234,41.1763605],[0.3045674,41.1767097],[0.3047166,41.1770773],[0.3050918,41.1773623],[0.3057833,41.1775586],[0.305939,41.177687],[0.3061414,41.1779894],[0.3064038,41.1785481],[0.3063918,41.1788401],[0.3060734,41.1793643],[0.3059279,41.1796991],[0.305878,41.1800424],[0.3059731,41.1803543],[0.3060791,41.1806798],[0.3061675,41.1808983],[0.3062842,41.1809857],[0.3069514,41.1812668],[0.3070425,41.1813676],[0.3069349,41.1815608],[0.3066334,41.1819793],[0.3064913,41.1820429],[0.3061386,41.1820824],[0.3059973,41.1821724],[0.3058269,41.1827503],[0.3058004,41.1829516],[0.3058871,41.1832911],[0.3058932,41.1834923],[0.3058084,41.1842124],[0.3056888,41.1845037],[0.305553,41.1846581],[0.3051854,41.1847958],[0.3050977,41.1848896],[0.3052265,41.1849462],[0.305545,41.1850417],[0.3057597,41.185165],[0.3061964,41.1855702],[0.306356,41.1856473],[0.3068465,41.1857272],[0.3071943,41.185841],[0.3074169,41.1860548],[0.3076088,41.1861749],[0.3079346,41.1862859],[0.3081555,41.1863996],[0.3082501,41.1865267],[0.3083192,41.1868162],[0.3083196,41.1871112],[0.3081743,41.1873704],[0.3080169,41.1875641],[0.3079699,41.1876798],[0.3079514,41.1879024],[0.3079613,41.1880495],[0.3078647,41.1882776],[0.3078286,41.1884163],[0.3078475,41.1886733],[0.3079209,41.1890207],[0.308186,41.1896027],[0.3084352,41.1901219],[0.3089898,41.1909493],[0.3089735,41.1911608],[0.3088484,41.1913145],[0.3087775,41.1914217],[0.3087646,41.1915817],[0.3087677,41.1917643],[0.3088393,41.1919291],[0.3091729,41.1922282],[0.3092931,41.1923816],[0.309334,41.1925711],[0.3092664,41.1929099],[0.3091883,41.1931049],[0.3092656,41.1934428],[0.309292,41.1936727],[0.3093072,41.1938707],[0.3094143,41.1940726],[0.3095,41.194264],[0.3097404,41.1944445],[0.309843,41.1945693],[0.3100153,41.1946468],[0.3108753,41.1948415],[0.3114255,41.1950384],[0.3122204,41.1949994],[0.3126901,41.1951075],[0.3129188,41.1953021],[0.3133689,41.1955977],[0.3136404,41.1957125],[0.3137463,41.1958164],[0.3137533,41.196001],[0.3135379,41.1963044],[0.3134598,41.1965734],[0.3134245,41.1967723],[0.3135536,41.197027],[0.3136942,41.197267],[0.3138178,41.1975086],[0.3140182,41.1977594],[0.3142155,41.197905],[0.3142496,41.1981022],[0.3142089,41.1982419],[0.313901,41.1984373],[0.3136579,41.1984987],[0.3133931,41.1985138],[0.3130384,41.1984816],[0.3125553,41.1984887],[0.3121562,41.1985384],[0.3119385,41.1986192],[0.3118688,41.1986987],[0.3118226,41.1987782],[0.3119063,41.198927],[0.3120546,41.1990971],[0.3122457,41.1995332],[0.3126029,41.1999199],[0.3128469,41.200204],[0.3131671,41.200555],[0.3132796,41.2009287],[0.3132424,41.2011392],[0.3131827,41.2013433],[0.3132249,41.2015816],[0.3134429,41.2022381],[0.3134579,41.2025144],[0.3134896,41.2026097],[0.3136562,41.2027296],[0.3138134,41.2028997],[0.31384,41.2030012],[0.3138283,41.2031355],[0.3138782,41.2032251],[0.3140729,41.2033895],[0.3140846,41.2034814],[0.3139822,41.203706],[0.3138562,41.2039104],[0.3138153,41.204005],[0.3138023,41.204105],[0.3138197,41.2044231],[0.3138103,41.2046527],[0.3137537,41.2049248],[0.3137638,41.2051279],[0.3138698,41.2053456],[0.3140921,41.2055732],[0.3143222,41.2057548],[0.3144678,41.2059328],[0.3145436,41.2060998],[0.3145959,41.2064265],[0.3147004,41.2066151],[0.3148577,41.2068485],[0.3150127,41.2069985],[0.3151609,41.2070889],[0.3152601,41.2071801],[0.3153186,41.2072931],[0.3153168,41.2074566],[0.3152853,41.2076167],[0.3153269,41.207817],[0.3154339,41.2079351],[0.3157217,41.2081221],[0.3163617,41.2087504],[0.3167398,41.2091899],[0.3167865,41.2093065],[0.3168761,41.2094793],[0.3171411,41.2096486],[0.3172198,41.2097112],[0.3172494,41.2098102],[0.3173017,41.2101413],[0.3173668,41.2102982],[0.3174739,41.2104831],[0.3175161,41.2106287],[0.3175314,41.2108088],[0.3174628,41.2110203],[0.3172596,41.2112125],[0.317204,41.2112512],[0.3171742,41.2113216],[0.3172388,41.2114986],[0.3172944,41.2116824],[0.3173085,41.211902],[0.3172774,41.2120405],[0.317166,41.2121782],[0.3169452,41.2122751],[0.3167219,41.2123412],[0.3166574,41.2123827],[0.3166255,41.2124835],[0.3167179,41.2125862],[0.3169922,41.2128205],[0.3170533,41.212922],[0.3170479,41.2130715],[0.3170265,41.2131933],[0.3169585,41.2132858],[0.3169617,41.2133741],[0.3169772,41.21345],[0.3173631,41.2142969],[0.3177818,41.2147298],[0.3177676,41.2160137],[0.31785,41.2164705],[0.3180491,41.2172729],[0.3182193,41.2178312],[0.3187064,41.2188171],[0.3186319,41.2191338],[0.3183615,41.2194298],[0.3183527,41.2197285],[0.3184353,41.220088],[0.3211196,41.2239858],[0.3224038,41.2252408],[0.3239258,41.2244404],[0.3255353,41.2234843],[0.3262473,41.2231755],[0.3269748,41.2229383],[0.3287481,41.2226259],[0.3306327,41.2226254],[0.3312818,41.2227237],[0.3321549,41.2230046],[0.332902,41.2233882],[0.3339199,41.2241692],[0.3357288,41.225963],[0.336115,41.2265191],[0.3369048,41.2284415],[0.3377835,41.2297668],[0.3383488,41.2303268],[0.3389861,41.2306595],[0.3395698,41.2308767],[0.340307,41.2310625],[0.3412494,41.2310621],[0.3419847,41.2309777],[0.3435057,41.2303932],[0.3449203,41.2293614],[0.3465869,41.2283583],[0.3490098,41.2274503],[0.3502425,41.2270632],[0.3513039,41.2268252],[0.3533741,41.2267198],[0.3541557,41.226607],[0.3550558,41.2262475],[0.3575852,41.2255613],[0.359976,41.2254285],[0.3608634,41.2255196],[0.3617339,41.2257464],[0.362884,41.2263071],[0.3633894,41.2266256],[0.3638009,41.2269738],[0.3640329,41.2273092],[0.3641828,41.227674],[0.3647194,41.230225],[0.3646403,41.2317042],[0.3645837,41.2322282],[0.3636728,41.2342361],[0.3634053,41.2355317],[0.3633757,41.236118],[0.363745,41.2372689],[0.3641311,41.2380501],[0.3646047,41.2386757],[0.3677533,41.2384214],[0.3707002,41.2379569],[0.3737582,41.2373359],[0.3796704,41.2363068],[0.380907,41.2362254],[0.3811375,41.2362997],[0.3813112,41.2364297],[0.378764,41.2374681],[0.3784985,41.2402163],[0.3783733,41.2404386],[0.3782873,41.241022],[0.3772746,41.2417118],[0.3771915,41.2424377],[0.3771812,41.2425838],[0.3768313,41.2429582],[0.3763726,41.2432968],[0.3760978,41.2434456],[0.3758129,41.2435614],[0.3749179,41.2440158],[0.3744185,41.2444449],[0.3740893,41.2448731],[0.3738161,41.2451509],[0.3738943,41.2455542],[0.3739809,41.245747],[0.374503,41.2462153],[0.3746208,41.2463493],[0.374645,41.2465752],[0.3745377,41.2466982],[0.3741396,41.2472681],[0.3738913,41.2478027],[0.3735133,41.2486582],[0.3737186,41.2488774],[0.3739055,41.2491205],[0.374617,41.2494863],[0.3748324,41.2496328],[0.375137,41.2497257],[0.3752277,41.2498036],[0.3755983,41.2502811],[0.3761808,41.2503511],[0.3763712,41.2503996],[0.3765128,41.2508875],[0.3770401,41.2516201],[0.3771445,41.2519449],[0.3776379,41.2524329],[0.3779774,41.2526898],[0.3780396,41.2528182],[0.3777485,41.2531653],[0.3777888,41.2533245],[0.37788,41.2539919],[0.3780097,41.2541463],[0.3780111,41.2545213],[0.3780702,41.2548771],[0.3780135,41.2549456],[0.377974,41.2550996],[0.3780257,41.2556014],[0.3783511,41.2559681],[0.3783955,41.2563241],[0.3785606,41.2564688],[0.3782954,41.2566673],[0.3779465,41.257003],[0.3779484,41.2572303],[0.3774782,41.2582883],[0.3775116,41.2584579],[0.3774559,41.2589437],[0.3776789,41.2593233],[0.3775678,41.2594761],[0.37735,41.260062],[0.3769618,41.2606829],[0.376828,41.2611605],[0.3771238,41.261362],[0.3771921,41.2621981],[0.3771532,41.2628022],[0.3774368,41.2631675],[0.3778428,41.2636458],[0.3778428,41.2639822],[0.3780728,41.2644182],[0.3779334,41.2650467],[0.378008,41.2656035],[0.3782484,41.2660805],[0.3785596,41.2663741],[0.3785371,41.266937],[0.3786656,41.2670498],[0.3790591,41.268051],[0.3792232,41.2682397],[0.3792574,41.268445],[0.3795742,41.2689611],[0.3794176,41.2692827],[0.3794742,41.2695856],[0.3795857,41.2700549],[0.3795768,41.2705896],[0.37992,41.2710429],[0.3800875,41.2715219],[0.3803736,41.2717601],[0.3807663,41.2718284],[0.3810692,41.2720981],[0.381096,41.2726477],[0.3812032,41.2729019],[0.3817816,41.2733624],[0.3821087,41.2736851],[0.3824947,41.2741252],[0.3828008,41.2743584],[0.3830964,41.2745682],[0.3831574,41.2747727],[0.3831857,41.2750286],[0.3830789,41.2752357],[0.383151,41.2755269],[0.3834066,41.2758263],[0.383471,41.2763983],[0.3838714,41.2767378],[0.3842423,41.2773567],[0.3844356,41.2778522],[0.3850437,41.2782315],[0.3855578,41.2786127],[0.3766594,41.2876334],[0.3699364,41.2959899],[0.3698756,41.2966055],[0.3696026,41.2970233],[0.3693416,41.2972963],[0.3690595,41.2977231],[0.3688008,41.297937],[0.3686505,41.2982015],[0.3686278,41.2985787],[0.3686562,41.2989711],[0.3684759,41.2991379],[0.3679803,41.2995689],[0.3677806,41.2997689],[0.3675295,41.3001225],[0.367088,41.300514],[0.3667487,41.3008317],[0.3667143,41.3012164],[0.3666544,41.3013071],[0.3666533,41.3014336],[0.3665836,41.3015303],[0.3665549,41.3024643],[0.3664379,41.3026869],[0.3656475,41.303972],[0.3670064,41.304939],[0.3681585,41.3062697],[0.3687179,41.3073685],[0.3692358,41.3088842],[0.3700502,41.3113301],[0.3702728,41.3125327],[0.3703405,41.3140024],[0.3698991,41.3157692],[0.3687458,41.3180171],[0.3678026,41.3193631],[0.366415,41.3204012],[0.3645914,41.3212677],[0.3627743,41.321634],[0.3597272,41.3219478],[0.3569679,41.3224909],[0.3541315,41.3233576],[0.351658,41.3242878],[0.3500735,41.3253283],[0.3494993,41.3258819],[0.348868,41.3270042],[0.3484547,41.3280896],[0.3484825,41.3288763],[0.3489273,41.3301147],[0.3502469,41.3316543],[0.3524677,41.3333259],[0.3551795,41.3352296],[0.3569954,41.3367345],[0.3585734,41.3383801],[0.3592834,41.3393918],[0.3594857,41.3399872],[0.359791,41.341279],[0.3625826,41.3414242],[0.3634684,41.3416212],[0.3640116,41.3419651],[0.3643431,41.342218],[0.3646947,41.342273],[0.3650129,41.3422091],[0.3654622,41.3418887],[0.365648,41.3415968],[0.3660299,41.3413191],[0.3665162,41.3411676],[0.366899,41.3411058],[0.3671608,41.3411809],[0.3675261,41.3412151],[0.3676437,41.341331],[0.367525,41.3415606],[0.3674724,41.3418991],[0.3673541,41.3421883],[0.3672353,41.342517],[0.367014,41.3427446],[0.3668011,41.3429181],[0.3667515,41.3430296],[0.3668455,41.3432411],[0.3669054,41.343397],[0.3671139,41.3435613],[0.3673657,41.3436369],[0.3678822,41.3437243],[0.3682958,41.3438984],[0.3686599,41.3442142],[0.3689603,41.3446222],[0.3691721,41.3451118],[0.3692952,41.3453258],[0.3697391,41.3456515],[0.3700665,41.3458193],[0.3704321,41.346051],[0.3707203,41.3463596],[0.3711332,41.3464668],[0.3714789,41.3464203],[0.3717106,41.3463434],[0.3718847,41.3463956],[0.3719824,41.3464977],[0.3719142,41.346594],[0.3718553,41.3467312],[0.3719207,41.346913],[0.3721182,41.3470664],[0.3725564,41.3472901],[0.3727222,41.3474382],[0.3728306,41.3475961],[0.3727968,41.3478101],[0.3728134,41.3480524],[0.3726463,41.3483242],[0.3725175,41.3484074],[0.3723947,41.3484777],[0.3723048,41.3487264],[0.3723021,41.3490691],[0.3724188,41.3492573],[0.3726206,41.3494884],[0.3728021,41.3497215],[0.3729995,41.3498347],[0.3732044,41.3498942],[0.3734281,41.3499025],[0.3738162,41.3498253],[0.3739677,41.3515389],[0.3733405,41.3518905],[0.3729992,41.3529181],[0.3729087,41.3534791],[0.3726963,41.3537646],[0.3716179,41.3541744],[0.371265,41.3542839],[0.3713293,41.3550655],[0.3708205,41.3553956],[0.3705484,41.3556828],[0.3704921,41.356675],[0.3703642,41.356976],[0.3684711,41.3592019],[0.367897,41.3594258],[0.3656284,41.3620229],[0.3652119,41.3627555],[0.3649286,41.3635203],[0.3647167,41.3638147],[0.3626703,41.3649283],[0.3622695,41.3659667],[0.3618006,41.3666108],[0.3616559,41.3672814],[0.3617159,41.3679821],[0.3616326,41.3684529],[0.3612753,41.3691748],[0.3608926,41.3696362],[0.3604383,41.3701343],[0.3600838,41.3705192],[0.3582892,41.3719943],[0.3576772,41.3722476],[0.3558796,41.3723674],[0.3543942,41.3729872],[0.3520267,41.3740202],[0.3377431,41.383335],[0.33379,41.3856694],[0.3325216,41.3861905],[0.3316251,41.386647],[0.3314282,41.3866392],[0.3270929,41.3897177],[0.3224748,41.3928648],[0.3225024,41.3929682],[0.3200365,41.394183],[0.3236536,41.3971523],[0.3296235,41.4020174],[0.3351249,41.4065259],[0.3358454,41.4074572],[0.338008,41.4102347],[0.3411618,41.4131599],[0.3418414,41.4138156],[0.3439604,41.4178065],[0.3484062,41.4267324],[0.3470647,41.4285788],[0.3470544,41.4303503],[0.3479437,41.4319389],[0.3484249,41.433973],[0.3482988,41.434713],[0.3475819,41.4396822],[0.3475391,41.4408104],[0.3480499,41.4421361],[0.3488109,41.4433606],[0.3500287,41.4439899],[0.3513051,41.4449806],[0.3520997,41.4461446],[0.353932,41.4489032],[0.3542715,41.4493778],[0.3551808,41.45109],[0.3554128,41.452462],[0.3552777,41.4530384],[0.3545765,41.4540359],[0.3526455,41.4558866],[0.3506064,41.4568319],[0.3485416,41.4576029],[0.347763,41.4580892],[0.3464521,41.458855],[0.3453342,41.459864],[0.3448725,41.4603324],[0.344241,41.4614558],[0.3433116,41.4625989],[0.3429793,41.4628775],[0.3428096,41.463482],[0.3428848,41.4649092],[0.3429332,41.4653952],[0.343205,41.4667062],[0.3432438,41.4685132],[0.3432914,41.4692368],[0.3436946,41.4703333],[0.3434338,41.4714031],[0.3430454,41.4717064],[0.342623,41.4724087],[0.3419045,41.475324],[0.3417061,41.475898],[0.3410503,41.4769921],[0.3400146,41.4779043],[0.3395402,41.4789511],[0.3393761,41.4809202],[0.3396768,41.4833316],[0.3408621,41.4846428],[0.3423526,41.4858749],[0.3439159,41.4868782],[0.3465761,41.4881098],[0.3473186,41.4877454],[0.3486711,41.4872647],[0.3508617,41.4870117],[0.3670257,41.4859591],[0.3682238,41.4862426],[0.3708351,41.484635],[0.3725143,41.4846848],[0.3753965,41.4850684],[0.3807812,41.4854414],[0.3840007,41.4858599],[0.3870954,41.4866422],[0.3893243,41.4875851],[0.3912304,41.4885375],[0.3940591,41.4897237],[0.3945186,41.4897144],[0.3953489,41.4900079],[0.3961029,41.4902618],[0.3963159,41.490327],[0.3964145,41.4903473],[0.3967809,41.4903799],[0.3969215,41.4904002],[0.39706,41.4904411],[0.3971982,41.4904884],[0.3973008,41.4905285],[0.3973853,41.4905728],[0.3974992,41.49066],[0.3980308,41.4911737],[0.3982319,41.4913557],[0.3984485,41.4915713],[0.3985553,41.4916854],[0.3986832,41.4918423],[0.3988879,41.4921451],[0.3990499,41.4923757],[0.3991354,41.4924848],[0.3992182,41.4925713],[0.3993867,41.4927003],[0.3997201,41.4929916],[0.3998921,41.4931531],[0.3999851,41.4932822],[0.4000925,41.4934728],[0.4001922,41.4936741],[0.40029,41.4938349],[0.4004114,41.4939745],[0.4005782,41.494117],[0.4008232,41.4943116],[0.401069,41.4945451],[0.4012256,41.4947017],[0.4013036,41.4948196],[0.4013736,41.4949851],[0.401425,41.4950773],[0.4015434,41.4952322],[0.4018716,41.4955935],[0.4019876,41.4956889],[0.4020748,41.4957827],[0.402123,41.4958658],[0.4022123,41.4960894],[0.4022717,41.4961925],[0.4023637,41.4963179],[0.402445,41.4964116],[0.4025334,41.4964767],[0.4026192,41.4965192],[0.4027875,41.4965932],[0.4028447,41.4966305],[0.4028931,41.4966803],[0.4029873,41.4968094],[0.4031206,41.4970429],[0.403322,41.4973384],[0.4034867,41.4975934],[0.4036558,41.4978872],[0.4037287,41.4980411],[0.4037451,41.4981108],[0.4037498,41.498173],[0.4037342,41.4982637],[0.4037066,41.4983549],[0.4036913,41.4984374],[0.4036917,41.4984879],[0.4037217,41.4985182],[0.403758,41.4985371],[0.4038627,41.4985566],[0.4039646,41.4985841],[0.4040579,41.4986168],[0.4041603,41.4986642],[0.4042961,41.4987132],[0.4045007,41.4988087],[0.4046121,41.4988689],[0.4047302,41.4989427],[0.4048005,41.49901],[0.4049972,41.4992441],[0.4052641,41.4995816],[0.4055224,41.4998927],[0.4056603,41.5000706],[0.4061256,41.5005665],[0.406602,41.5010285],[0.4073382,41.5016116],[0.4075191,41.5017616],[0.4076799,41.5019048],[0.4080481,41.5022553],[0.4081629,41.5023822],[0.4082713,41.5025783],[0.4084198,41.5028185],[0.4085407,41.5030023],[0.4087606,41.5034062],[0.4090632,41.5038985],[0.4091898,41.5041499],[0.4092502,41.5042575],[0.4092831,41.5043033],[0.4093929,41.504404],[0.4094168,41.5044342],[0.4094566,41.5045495],[0.4095295,41.5048231],[0.4095906,41.5050632],[0.4096244,41.5052387],[0.4101563,41.5062602],[0.4103311,41.5065353],[0.4104352,41.506779],[0.4105376,41.507065],[0.4106001,41.5072087],[0.4107633,41.5074745],[0.4112382,41.5080345],[0.4113004,41.5080972],[0.4113559,41.5081462],[0.411424,41.5081819],[0.4116723,41.5082659],[0.41188,41.5083435],[0.4120271,41.5084117],[0.4121101,41.5084631],[0.4121693,41.5085112],[0.4122385,41.5085785],[0.4122875,41.5086418],[0.4123642,41.5087606],[0.412573,41.5091751],[0.4127809,41.5094887],[0.4130221,41.5098111],[0.413331,41.5101468],[0.4134812,41.5102871],[0.4136069,41.5104115],[0.4137195,41.5105329],[0.4137775,41.5106108],[0.4139966,41.5108553],[0.4140687,41.5109695],[0.4141178,41.51103],[0.4141833,41.5110999],[0.4142632,41.5111711],[0.41434,41.5112287],[0.4144012,41.511285],[0.4145281,41.5114382],[0.4146198,41.5115745],[0.4147335,41.5117274],[0.4150244,41.5120348],[0.4151864,41.5122402],[0.4154977,41.5126975],[0.4155491,41.5127905],[0.4155945,41.5129149],[0.4156413,41.5130033],[0.4157196,41.5130817],[0.4159855,41.5132966],[0.4160023,41.5133267],[0.4160088,41.5133737],[0.4160252,41.5134128],[0.4160737,41.5134886],[0.4161047,41.5135226],[0.4161449,41.5135956],[0.4162578,41.5139196],[0.4166443,41.5147173],[0.4168283,41.5151528],[0.417051,41.5156081],[0.4171147,41.5157248],[0.4172024,41.5158691],[0.4172658,41.515993],[0.4173386,41.5161811],[0.4173973,41.5163004],[0.4174355,41.5163643],[0.4175547,41.5165327],[0.4176617,41.5166738],[0.4178921,41.5169663],[0.4179827,41.5170701],[0.4180577,41.5171411],[0.4181622,41.5172245],[0.4182556,41.5172888],[0.4184776,41.5174297],[0.4188635,41.5177005],[0.4189699,41.5177668],[0.4190147,41.5177849],[0.4190905,41.5178083],[0.4198332,41.5180249],[0.4207139,41.5182698],[0.4208285,41.5183102],[0.4208931,41.5183432],[0.4209502,41.5183841],[0.4211211,41.5185761],[0.4212316,41.5186894],[0.4213446,41.5187712],[0.4218618,41.5190854],[0.4224345,41.5194513],[0.423345,41.5200598],[0.4236361,41.5202456],[0.4243487,41.5207677],[0.4245605,41.5209283],[0.4246925,41.5210132],[0.4255784,41.5214905],[0.4257611,41.5215964],[0.4260709,41.5217916],[0.4263904,41.5220167],[0.4266243,41.522193],[0.426756,41.522287],[0.4268977,41.5224009],[0.4269402,41.5224469],[0.4269824,41.5224992],[0.4271844,41.5227865],[0.4274914,41.5232041],[0.4275845,41.5233655],[0.4279312,41.5239011],[0.4283756,41.5245406],[0.4285389,41.5248045],[0.4288171,41.5252241],[0.4290427,41.5255804],[0.4293175,41.5260549],[0.4294918,41.5263443],[0.4296598,41.5266425],[0.4299001,41.5270496],[0.4299864,41.5271722],[0.4302352,41.5276065],[0.4304746,41.528009],[0.4305503,41.5281242],[0.4306604,41.5283095],[0.4311077,41.5290913],[0.4311946,41.5292274],[0.4314894,41.5295916],[0.431856,41.5300186],[0.4321425,41.5302312],[0.4322509,41.5303381],[0.4323984,41.5305188],[0.4324407,41.5306008],[0.4324799,41.530699],[0.4324983,41.5307795],[0.4324951,41.5308596],[0.4324839,41.5309305],[0.4324322,41.531087],[0.4324334,41.5311167],[0.4324434,41.5311368],[0.4327165,41.5313239],[0.4329494,41.5314948],[0.4330412,41.531568],[0.4333198,41.5318291],[0.4334206,41.5319151],[0.4341776,41.5333331],[0.4347685,41.5340809],[0.4370521,41.5357867],[0.4384596,41.5372394],[0.4430025,41.5410837],[0.4435711,41.5414088],[0.4442681,41.5416671],[0.445864,41.5419254],[0.4469233,41.5422358],[0.4461803,41.5429155],[0.4455315,41.5455915],[0.444987,41.5473008],[0.4447725,41.5477756],[0.4430435,41.5504299],[0.4424124,41.5516376],[0.4412612,41.5529868],[0.4402704,41.5546465],[0.4390823,41.5559789],[0.4365907,41.5580527],[0.4362382,41.5584144],[0.4357965,41.5593552],[0.4355057,41.5602014],[0.4336982,41.5616153],[0.4322527,41.5630723],[0.4309545,41.564597],[0.430329,41.5652371],[0.4317549,41.5672567],[0.4325779,41.5683038],[0.432855,41.5687818],[0.4329153,41.5690141],[0.4323036,41.5712747],[0.4320834,41.5727762],[0.4315035,41.5742794],[0.4306409,41.5758811],[0.4301553,41.5773545],[0.4301365,41.5779044],[0.4307911,41.5800732],[0.4315313,41.5813658],[0.4322563,41.5821456],[0.433226,41.5830172],[0.4358577,41.5849196],[0.4358504,41.5856853],[0.4355324,41.587604],[0.4346548,41.5900527],[0.4335961,41.5920295],[0.4334651,41.592952],[0.4335776,41.5934889],[0.4333116,41.5941272],[0.4284944,41.6023761],[0.4152117,41.597585],[0.4020229,41.5927176],[0.3920345,41.5953186],[0.3496128,41.599464],[0.3493655,41.6004799],[0.3490461,41.6012636],[0.3490177,41.6016427],[0.3491715,41.6022956],[0.3491106,41.6029728],[0.3486444,41.6041661],[0.3483297,41.6059674],[0.3479274,41.6086267],[0.3475956,41.6121845],[0.3474105,41.6134777],[0.3472022,41.6143212],[0.347017,41.6163078],[0.347111,41.6171966],[0.3464044,41.6179196],[0.3465948,41.6190487],[0.3465701,41.6194997],[0.3461441,41.621007],[0.3458163,41.6218631],[0.3473594,41.6226916],[0.3481833,41.6230728],[0.3488164,41.6234776],[0.3490686,41.6237134],[0.349645,41.6248763],[0.3508863,41.6265961],[0.3512032,41.62692],[0.3530079,41.62793],[0.3535111,41.6290679],[0.3537953,41.6294559],[0.3579819,41.6317199],[0.355391,41.6342991],[0.3545466,41.6344499],[0.3521818,41.634681],[0.3513645,41.634894],[0.3494143,41.6361756],[0.3488596,41.6368222],[0.3483229,41.6375853],[0.3468707,41.6394467],[0.3430628,41.6449698],[0.3411403,41.6474933],[0.3403183,41.6487779],[0.336162,41.6540859],[0.3354956,41.6551318],[0.334738,41.6567388],[0.3329164,41.6596014],[0.3307426,41.6602948],[0.3290558,41.6611182],[0.3271153,41.6619129],[0.3262414,41.6621994],[0.3260662,41.6667252],[0.3260722,41.6668421],[0.3256626,41.6707803],[0.3256717,41.6718877],[0.3259463,41.6746534],[0.3270165,41.6781705],[0.3282112,41.6810716],[0.3287651,41.6820281],[0.3310225,41.6847993],[0.3343539,41.6881245],[0.335391,41.68913],[0.340972,41.6936595],[0.3413035,41.694028],[0.3414827,41.6944731],[0.341831,41.6960929],[0.3420223,41.6965376],[0.3512856,41.7025351],[0.3536177,41.704169],[0.3579945,41.7076791],[0.3599941,41.7091515],[0.3638585,41.7113526],[0.3653509,41.7120833],[0.3677186,41.7134637],[0.3686581,41.7141926],[0.3686276,41.7165979],[0.3692179,41.7246673],[0.3714951,41.7240781],[0.3727722,41.7239055],[0.3744672,41.7259719],[0.3811685,41.7350049],[0.3818621,41.7358489],[0.3847418,41.7403116],[0.3880622,41.7366926],[0.3906736,41.7349135],[0.3946538,41.7324185],[0.3952405,41.731821],[0.395293,41.7335973],[0.3955035,41.7355361],[0.3948723,41.7374729],[0.3949325,41.7379304],[0.3957369,41.7406441],[0.3969377,41.7440305],[0.39776,41.7468518],[0.3994194,41.7516294],[0.3994034,41.7526924],[0.3989821,41.7535964],[0.3985624,41.7543022],[0.3984868,41.7546917],[0.3986066,41.7551384],[0.3990708,41.7564124],[0.3986756,41.7578109],[0.4001732,41.7570191],[0.4006129,41.7566908],[0.4051506,41.7581231],[0.4080119,41.7592358],[0.4088452,41.7593011],[0.4125485,41.7592811],[0.4173964,41.759524],[0.4199853,41.7595819],[0.4234791,41.7599189],[0.4247904,41.76015],[0.4297188,41.7614526],[0.4303606,41.7615325],[0.4347081,41.7611864],[0.4376213,41.7612342],[0.4382755,41.7613227],[0.4480167,41.7646686],[0.4560624,41.7642015],[0.4644772,41.7633139],[0.4686012,41.764976],[0.4696583,41.7656195],[0.4706231,41.7687871],[0.471894,41.7736114],[0.4726643,41.7796306],[0.4735634,41.7846913],[0.4738187,41.787187],[0.4775865,41.7916656],[0.4799814,41.7954472],[0.4817641,41.7976985],[0.4826457,41.8004183],[0.4828782,41.8009336],[0.4832318,41.8014631],[0.4842759,41.8016296],[0.4854407,41.8020264],[0.4890528,41.8051585],[0.4951783,41.8044858],[0.498948,41.8069644],[0.5002353,41.8107073],[0.5008356,41.8120037],[0.5021336,41.8143955],[0.5071479,41.8178263],[0.5105274,41.8206316],[0.5119226,41.8210482],[0.5154611,41.8223536],[0.5194874,41.8209154],[0.5246894,41.8224757],[0.5251024,41.822544],[0.5310571,41.8213704],[0.5319796,41.8212879],[0.5361628,41.8211771],[0.5422578,41.8200627],[0.5427827,41.8201099],[0.5432169,41.8202211],[0.5435735,41.8204046],[0.5438698,41.8207666],[0.5440171,41.8210605],[0.5440858,41.8213598],[0.5440439,41.8214788],[0.5439065,41.8216775],[0.5437883,41.8218765],[0.543673,41.8219592],[0.5436544,41.8220939],[0.5437374,41.8221698],[0.5437314,41.82227],[0.5439812,41.8225129],[0.5441856,41.8226759],[0.5444372,41.8227899],[0.5447003,41.822931],[0.5448169,41.8230599],[0.544812,41.8231532],[0.5448854,41.8232929],[0.5450108,41.8234145],[0.5450833,41.8235887],[0.5451889,41.8238215],[0.545442,41.8242448],[0.5455811,41.82435],[0.5458025,41.8244049],[0.5461217,41.824445],[0.5463409,41.824442],[0.5465524,41.8245243],[0.5466453,41.8246763],[0.5466762,41.8248726],[0.5466817,41.8250609],[0.5467777,41.8252207],[0.5469678,41.8253049],[0.5471833,41.8253357],[0.5473503,41.8253861],[0.5474203,41.8254979],[0.5474304,41.82567],[0.5474812,41.8259263],[0.5475958,41.8261443],[0.5477596,41.8262792],[0.5479164,41.8263285],[0.5481687,41.8263351],[0.5484125,41.8263519],[0.5488596,41.8263719],[0.5489347,41.8264885],[0.5489068,41.8266722],[0.5489223,41.8270165],[0.5490573,41.8273184],[0.5491588,41.8276881],[0.5490397,41.8281044],[0.5488953,41.8282928],[0.5488574,41.8284803],[0.5489326,41.82871],[0.5491816,41.8289667],[0.5494966,41.8292146],[0.5495884,41.8293073],[0.5495797,41.8294892],[0.5495914,41.8296313],[0.5496579,41.8297434],[0.5497711,41.8297905],[0.5499968,41.8298424],[0.5502312,41.829942],[0.5503232,41.8300502],[0.5503352,41.8302915],[0.5503541,41.8304434],[0.5505225,41.8306898],[0.5506862,41.8308677],[0.5509103,41.8310173],[0.5511004,41.8311746],[0.5512509,41.8312841],[0.5512686,41.8313866],[0.5511859,41.8317257],[0.5511172,41.8320489],[0.5511881,41.8323446],[0.5511678,41.8325724],[0.5512335,41.8328325],[0.5514401,41.8331898],[0.5514851,41.83354],[0.5515875,41.8339224],[0.5518132,41.8341305],[0.5520701,41.8342909],[0.5521868,41.834438],[0.5524156,41.8344688],[0.5526792,41.8345454],[0.5527955,41.834585],[0.55243,41.8366608],[0.5534337,41.8401558],[0.5513162,41.840636],[0.5513382,41.8435661],[0.551382,41.8438404],[0.5514715,41.8441097],[0.5516697,41.844546],[0.5518334,41.8447472],[0.5519336,41.8449674],[0.5520033,41.8452647],[0.5521412,41.8455479],[0.5522768,41.8457129],[0.5524715,41.8460616],[0.5525648,41.8463611],[0.5527222,41.8465712],[0.5529266,41.84687],[0.5530942,41.8472091],[0.5531784,41.8477056],[0.553229,41.8480586],[0.5532675,41.8483763],[0.5532234,41.8484901],[0.553143,41.8485959],[0.5528312,41.848843],[0.5526311,41.849031],[0.553814,41.8514464],[0.5541746,41.8517913],[0.5544252,41.8519681],[0.5547402,41.8521431],[0.555129,41.852549],[0.5552109,41.8530114],[0.5554295,41.8531291],[0.5558545,41.8531043],[0.5564103,41.8531989],[0.5570996,41.8537147],[0.5573486,41.853887],[0.5577088,41.8538926],[0.558319,41.8534101],[0.559173,41.8528499],[0.5597367,41.8524733],[0.5603684,41.8523969],[0.5609063,41.8520518],[0.5612788,41.8519283],[0.5621001,41.8519437],[0.5627088,41.8524571],[0.5625048,41.8525918],[0.5623092,41.8527722],[0.5623521,41.8530226],[0.5622333,41.853218],[0.5678544,41.8521119],[0.5800531,41.8509098],[0.5813976,41.8576724],[0.5798971,41.8636232],[0.5842904,41.8638088],[0.5844017,41.8641031],[0.5845652,41.8644923],[0.5847324,41.8647248],[0.5849592,41.8648766],[0.5852294,41.8650445],[0.5854318,41.8651771],[0.5856701,41.8652689],[0.5861828,41.8653949],[0.5864354,41.8654493],[0.5866313,41.8654823],[0.5867738,41.8655498],[0.5868697,41.86563],[0.5869927,41.8656857],[0.5871702,41.8656906],[0.5874436,41.8656758],[0.5878972,41.8656088],[0.5882792,41.8655467],[0.588446,41.8655618],[0.5885606,41.8655953],[0.5886924,41.8656598],[0.5887262,41.8658495],[0.58876,41.8659687],[0.5888496,41.86601],[0.58959,41.8660446],[0.5897343,41.8660197],[0.5898415,41.8659414],[0.589942,41.865813],[0.5900491,41.8657441],[0.5906993,41.8656342],[0.5915337,41.8653869],[0.5917509,41.8652827],[0.5941507,41.8678075],[0.5988077,41.8691874],[0.6035623,41.869111],[0.6045597,41.8695007],[0.6056659,41.8701839],[0.6066968,41.8710363],[0.6071841,41.8715537],[0.6074777,41.8718228],[0.6076402,41.8720781],[0.607649,41.8724764],[0.6074155,41.8730348],[0.6072858,41.8732538],[0.6083146,41.8785029],[0.6036604,41.8799586],[0.6030801,41.8804979],[0.6022183,41.8809628],[0.6014946,41.8813119],[0.6007417,41.8815695],[0.5997229,41.8818594],[0.5987254,41.8818851],[0.5983952,41.8820297],[0.5980885,41.8823129],[0.5978433,41.8825527],[0.5976518,41.8826487],[0.5973676,41.8827022],[0.5928455,41.8840516],[0.5920969,41.8844224],[0.5923636,41.8850301],[0.5926598,41.8854793],[0.593024,41.8857624],[0.5932758,41.8861259],[0.5937536,41.8869185],[0.5939258,41.8873364],[0.5940476,41.887845],[0.5944072,41.8885607],[0.5949003,41.8893008],[0.5954139,41.8904102],[0.5960391,41.8913969],[0.5961947,41.8918422],[0.5962291,41.8922918],[0.5960093,41.8927245],[0.5962398,41.8936087],[0.5974623,41.8967041],[0.5992181,41.9037087],[0.600486,41.907604],[0.6009848,41.9085429],[0.6005585,41.9093217],[0.5995868,41.9104778],[0.5972581,41.9125859],[0.5959445,41.9140949],[0.5951773,41.9152445],[0.5946596,41.9174039],[0.5948956,41.9179548],[0.5953887,41.9183626],[0.5964144,41.9188076],[0.5974065,41.9190827],[0.5984256,41.9191948],[0.6004775,41.9188062],[0.6020805,41.9183687],[0.603117,41.918147],[0.6039343,41.9181033],[0.6048807,41.9182086],[0.6058321,41.9184038],[0.6067466,41.9187983],[0.6074871,41.9193153],[0.6064186,41.9196101],[0.6053417,41.9201842],[0.602894,41.9223232],[0.5955657,41.9243001],[0.5915974,41.9251359],[0.5902119,41.9258006],[0.5769825,41.9292216],[0.5757163,41.9307288],[0.571217,41.9315714],[0.5670708,41.9322587],[0.5659297,41.9327715],[0.5637251,41.9325969],[0.56244,41.9326908],[0.5619652,41.9352089],[0.5618797,41.9382192],[0.5627279,41.9391563],[0.5643437,41.9402317],[0.5657438,41.9443574],[0.5675991,41.9458305],[0.5676794,41.9468366],[0.5697887,41.948752],[0.5752135,41.9530043],[0.576589,41.9550681],[0.5775979,41.9581148],[0.5795297,41.9587685],[0.5852922,41.9621697],[0.5853486,41.9625794],[0.5862664,41.9671328],[0.591948,41.9693937],[0.5924209,41.9691657],[0.5929153,41.9687978],[0.5936103,41.968228],[0.5939472,41.9679175],[0.5951346,41.9670254],[0.5961045,41.9663816],[0.5970205,41.9658407],[0.5981961,41.9650265],[0.5985719,41.9643986],[0.5986764,41.9641199],[0.5990734,41.9636394],[0.5995139,41.9632305],[0.5999121,41.9622782],[0.6003625,41.9618327],[0.6011304,41.9618251],[0.6014393,41.9617026],[0.6015901,41.961446],[0.6020482,41.9613049],[0.6025177,41.9612435],[0.6027685,41.9610977],[0.6028469,41.9608757],[0.6037423,41.9605633],[0.6054862,41.9600056],[0.605678,41.9604224],[0.6057136,41.9612889],[0.6055721,41.9619573],[0.6055385,41.9623468],[0.6055973,41.9632564],[0.605553,41.9641476],[0.6054495,41.9646703],[0.6055083,41.9649388],[0.6057603,41.9652449],[0.6062308,41.9656056],[0.6070311,41.9660071],[0.607715,41.9662799],[0.6085074,41.9665539],[0.6088589,41.9667307],[0.6090679,41.9669016],[0.6093046,41.9671338],[0.610111,41.9676439],[0.6103732,41.9678951],[0.610863,41.9688244],[0.6110903,41.9693992],[0.6112658,41.9700194],[0.6114273,41.9707531],[0.6118291,41.9716569],[0.6119094,41.9719549],[0.6119223,41.9725534],[0.6119005,41.9733311],[0.6117773,41.9739682],[0.6115274,41.9745738],[0.611218,41.9750838],[0.6109411,41.9755064],[0.6108987,41.9757344],[0.6109703,41.9761052],[0.6111691,41.9764096],[0.6113917,41.9767053],[0.6113803,41.9771285],[0.6115845,41.977715],[0.6118812,41.9781981],[0.6125589,41.9787502],[0.6130489,41.9790415],[0.6136109,41.9796475],[0.6140974,41.9805556],[0.6142351,41.9809934],[0.6144936,41.9813815],[0.6147926,41.981604],[0.6159332,41.9819622],[0.616381,41.9821409],[0.6166957,41.98256],[0.6171048,41.9828497],[0.6176988,41.9830872],[0.6183146,41.9832386],[0.6185807,41.9837785],[0.6185162,41.9841137],[0.6182776,41.9843716],[0.6181338,41.984781],[0.6178622,41.9850063],[0.617695,41.9853331],[0.6176138,41.9856429],[0.6176474,41.986014],[0.6175384,41.9863306],[0.6173221,41.9866621],[0.6170631,41.9869037],[0.616827,41.9871596],[0.6204701,41.9893011],[0.6207808,41.9893248],[0.6213648,41.9896864],[0.6216573,41.9900978],[0.6220074,41.9904203],[0.6223696,41.9907431],[0.6226763,41.9910062],[0.6232526,41.9913041],[0.6235369,41.9914878],[0.6240126,41.9918434],[0.6243317,41.991956],[0.6245407,41.9920851],[0.6252038,41.9921078],[0.6259208,41.9923028],[0.6268858,41.9923227],[0.627146,41.9924265],[0.6276015,41.992555],[0.6283249,41.9925777],[0.628928,41.9925901],[0.6294624,41.9928264],[0.6298408,41.9928295],[0.6301322,41.9926691],[0.6314804,41.9926588],[0.6328466,41.9927161],[0.6353193,41.9927671],[0.6362486,41.9932495],[0.637352,41.9937929],[0.6387287,41.9946129],[0.6423959,41.9860107],[0.6420862,41.9821837],[0.6423,41.9823176],[0.6426156,41.9824278],[0.6429017,41.9825951],[0.6431196,41.9828091],[0.6433358,41.9830698],[0.6435368,41.9834518],[0.6436863,41.9838853],[0.6437658,41.9843799],[0.6438471,41.984691],[0.6441933,41.9853577],[0.6443633,41.9857106],[0.6444858,41.985934],[0.6446405,41.9860862],[0.6449523,41.9863073],[0.6451808,41.9865857],[0.6453682,41.9868691],[0.6457194,41.9871856],[0.6458824,41.9875078],[0.6458687,41.9878796],[0.6457782,41.9882256],[0.6457545,41.988413],[0.6458278,41.9885856],[0.6461862,41.9896423],[0.6462099,41.9899835],[0.6460606,41.990403],[0.6457899,41.9908035],[0.6456217,41.9912747],[0.645398,41.9916468],[0.6453283,41.991947],[0.6453474,41.9922614],[0.6454402,41.9925825],[0.6456478,41.9929291],[0.6457513,41.9932811],[0.6459845,41.9938514],[0.6460361,41.99427],[0.6462465,41.995052],[0.6465273,41.9959214],[0.6467689,41.9963308],[0.6471291,41.9967341],[0.648436,41.9972769],[0.6491831,41.9975983],[0.6500967,41.9979556],[0.6505671,41.9982126],[0.6511196,41.9984357],[0.6513873,41.9985146],[0.6518235,41.9986765],[0.6520118,41.9987702],[0.6522396,41.9987925],[0.6528185,41.9988127],[0.6534105,41.9988861],[0.6538283,41.9989572],[0.6542055,41.9991201],[0.6544807,41.9993333],[0.6547436,41.9995929],[0.655047,41.9998133],[0.6553821,42.0000042],[0.6557046,42.0002269],[0.6559196,42.0003512],[0.6562884,42.0005868],[0.6569715,42.0010027],[0.6571569,42.001145],[0.6572619,42.0013006],[0.6573561,42.0015896],[0.6574887,42.0019015],[0.6576732,42.0021042],[0.6580227,42.0023491],[0.6582193,42.0025817],[0.6583467,42.0029702],[0.6583336,42.0033256],[0.658213,42.0036562],[0.6581744,42.003892],[0.6582418,42.0040923],[0.6584349,42.0042474],[0.6585504,42.0043931],[0.6585349,42.0045842],[0.6584483,42.0048468],[0.6584765,42.005209],[0.6585758,42.0055896],[0.6586692,42.0058707],[0.6588309,42.0061615],[0.6590281,42.0063756],[0.6593234,42.0066538],[0.659575,42.006928],[0.659681,42.0072013],[0.6597157,42.0077621],[0.6597115,42.0080368],[0.6597446,42.0084592],[0.6598387,42.0087093],[0.6599828,42.0089935],[0.6600443,42.0092268],[0.6602174,42.0095361],[0.6605152,42.0097987],[0.6609147,42.010035],[0.6613751,42.0104208],[0.6618995,42.0109543],[0.6623142,42.0113397],[0.6624795,42.0115195],[0.6627092,42.0117598],[0.6628543,42.0120094],[0.6629337,42.012289],[0.6632589,42.0131838],[0.6632989,42.0135492],[0.6632847,42.0137172],[0.663325,42.0138553],[0.6634691,42.0141061],[0.6638277,42.014599],[0.6638686,42.0147422],[0.663881,42.0149385],[0.6638452,42.0151238],[0.6636791,42.0153019],[0.6634459,42.0154193],[0.6631353,42.0154057],[0.6627507,42.0152628],[0.6619082,42.0147004],[0.6614916,42.0144424],[0.6610079,42.0142611],[0.6606221,42.0140843],[0.6603436,42.0138584],[0.6601412,42.0137004],[0.6600212,42.0136564],[0.6598598,42.0136649],[0.6592641,42.0137251],[0.6589024,42.0138075],[0.6586432,42.0139095],[0.6584667,42.0139994],[0.6581483,42.0142414],[0.6579482,42.0143317],[0.6576137,42.0144705],[0.657218,42.0146654],[0.6571024,42.0147709],[0.6570633,42.0148514],[0.656979,42.0150941],[0.6568659,42.0152732],[0.6567052,42.0154308],[0.6564963,42.015555],[0.656273,42.015652],[0.6561338,42.0157351],[0.6560091,42.0158822],[0.6559406,42.016041],[0.65585,42.0161309],[0.6557849,42.0162581],[0.6557295,42.0164738],[0.6556698,42.0166744],[0.6556767,42.0167949],[0.6557626,42.0169951],[0.6559298,42.0170901],[0.6559656,42.0171671],[0.6558927,42.0172945],[0.6557904,42.0175134],[0.6556421,42.0177605],[0.6554425,42.0180669],[0.6552877,42.0182195],[0.6552528,42.0183573],[0.6552787,42.018608],[0.6551446,42.018823],[0.6551321,42.0190369],[0.6549356,42.0194077],[0.654844,42.0197312],[0.6547131,42.0200069],[0.6546818,42.0202745],[0.6546319,42.020531],[0.6546837,42.0206777],[0.6549622,42.0212221],[0.6551773,42.0216112],[0.6552503,42.0219149],[0.6552029,42.0222745],[0.6550691,42.0224652],[0.6544082,42.0227987],[0.6537964,42.0229739],[0.6531057,42.0231266],[0.6526641,42.0232006],[0.6523686,42.023283],[0.6520814,42.023451],[0.6518533,42.023655],[0.6517576,42.023967],[0.6516671,42.0243757],[0.6516549,42.0248752],[0.6516666,42.0254873],[0.6517279,42.0258796],[0.6518249,42.0262021],[0.6520091,42.0264203],[0.6525065,42.0266959],[0.6529946,42.0268469],[0.6536047,42.0270127],[0.6541003,42.0273336],[0.6545249,42.0277091],[0.6548924,42.0281728],[0.6555488,42.0290454],[0.6563514,42.0300681],[0.6566628,42.0304174],[0.6570974,42.030794],[0.6573586,42.0310398],[0.6574642,42.0312356],[0.6574782,42.0314255],[0.6573256,42.0318933],[0.6570401,42.0324917],[0.6567819,42.0330806],[0.6566582,42.033506],[0.6566198,42.0343663],[0.6566262,42.0352599],[0.6566804,42.0360065],[0.6566187,42.0369435],[0.6567203,42.0397314],[0.6568569,42.0401193],[0.6572644,42.0405043],[0.6577719,42.0408672],[0.6584052,42.0411162],[0.6589334,42.0412518],[0.6593678,42.0413258],[0.6599232,42.0413208],[0.6605542,42.0412133],[0.6616682,42.040995],[0.6622383,42.0409447],[0.6629027,42.0409453],[0.6647734,42.0410632],[0.6655069,42.0411598],[0.6662163,42.0413148],[0.6671267,42.0418346],[0.6677739,42.0421955],[0.6680755,42.0423914],[0.6682665,42.0425437],[0.6684425,42.0427464],[0.6686406,42.0430133],[0.6688823,42.0435076],[0.6689985,42.043847],[0.6690597,42.044067],[0.6690821,42.044273],[0.6691642,42.0446722],[0.6694176,42.0450486],[0.6697506,42.0453591],[0.6700423,42.0454325],[0.6703404,42.0455803],[0.670628,42.0458108],[0.6709167,42.0461215],[0.6711045,42.0464572],[0.6712096,42.0466898],[0.6714178,42.0468606],[0.6717948,42.0470314],[0.6720471,42.0472438],[0.672162,42.0474705],[0.6720271,42.0477043],[0.6714996,42.0480889],[0.6699648,42.0487279],[0.6697354,42.0488585],[0.669486,42.0490095],[0.6692851,42.0492168],[0.6691872,42.0494085],[0.6691413,42.049634],[0.6691743,42.0498416],[0.6692524,42.0500783],[0.6692607,42.0503937],[0.6692152,42.0508415],[0.6690335,42.0515834],[0.6688369,42.0521142],[0.668784,42.0525337],[0.6687178,42.0528908],[0.6687854,42.0532763],[0.6690201,42.0537326],[0.6691796,42.0539804],[0.6692372,42.0542476],[0.6692087,42.0544229],[0.6691161,42.0545862],[0.6688732,42.0547278],[0.6686915,42.0548619],[0.6685434,42.0551071],[0.6685973,42.0553279],[0.6688038,42.0554875],[0.6693811,42.0558374],[0.6696959,42.056048],[0.6699499,42.0561986],[0.6700648,42.0563316],[0.6700792,42.0564556],[0.6700913,42.0566902],[0.6700651,42.057156],[0.669947,42.0580305],[0.6699769,42.0583872],[0.6699894,42.0586943],[0.6700445,42.0590391],[0.6702222,42.0593931],[0.6704289,42.0596747],[0.6704917,42.0599136],[0.6704677,42.0601478],[0.6702901,42.0606432],[0.6700614,42.0610605],[0.6699166,42.0613083],[0.6698215,42.0615163],[0.6698436,42.0617093],[0.6698973,42.0618349],[0.670139,42.062097],[0.6706197,42.0624895],[0.6710636,42.0628696],[0.6713983,42.0632545],[0.6720712,42.0639389],[0.6726014,42.0644657],[0.673035,42.0650201],[0.6733358,42.0652872],[0.6735783,42.0656242],[0.6735735,42.0659321],[0.6734906,42.066416],[0.6735395,42.0668615],[0.6736541,42.0674316],[0.6737317,42.0677749],[0.6738448,42.0682054],[0.6740041,42.0684051],[0.6743851,42.0687683],[0.6746376,42.0689214],[0.6748647,42.0690407],[0.6750519,42.0691986],[0.6751251,42.069375],[0.6751857,42.0696102],[0.6753148,42.0699042],[0.6755044,42.0701252],[0.6757601,42.07045],[0.6760713,42.0707583],[0.6767963,42.0715597],[0.6772396,42.0720258],[0.6776022,42.0723226],[0.6780339,42.0726374],[0.6786312,42.0731292],[0.6790499,42.0735123],[0.6793911,42.0739333],[0.6797138,42.0745389],[0.6801216,42.0754696],[0.6804772,42.0762732],[0.680746,42.0768065],[0.6810468,42.0774634],[0.6812862,42.0781025],[0.6814568,42.0784744],[0.6815106,42.0788925],[0.6814326,42.0795362],[0.6814807,42.079922],[0.6816149,42.0801953],[0.6822124,42.0806737],[0.6827001,42.0811888],[0.6828143,42.0816016],[0.6827243,42.0819185],[0.682438,42.0823975],[0.6825428,42.0827388],[0.683013,42.0832388],[0.6834352,42.0834565],[0.6836218,42.0837653],[0.6836606,42.0843281],[0.6834454,42.0849504],[0.6828924,42.0868056],[0.6828858,42.0875415],[0.683298,42.0885634],[0.6843041,42.0896663],[0.684535,42.0901657],[0.684693,42.0915994],[0.6849152,42.0919486],[0.6882494,42.0949793],[0.6891206,42.0955023],[0.6920758,42.0963861],[0.6943566,42.0975675],[0.6956945,42.0985934],[0.6959839,42.0988748],[0.6960985,42.0992169],[0.6959123,42.0995648],[0.69494,42.1005094],[0.6950631,42.1010231],[0.6965151,42.1019295],[0.6979509,42.1029891],[0.6996126,42.1051414],[0.6998883,42.1070355],[0.6998177,42.1078295],[0.6992916,42.109286],[0.6998073,42.1121037],[0.700856,42.1146677],[0.7014061,42.1159337],[0.70239,42.1176385],[0.7025954,42.1186711],[0.7025274,42.1200496],[0.7027007,42.1215924],[0.7021386,42.1227037],[0.7010846,42.1239852],[0.6998211,42.1246966],[0.6984434,42.1264772],[0.6979168,42.1270859],[0.6972369,42.1277016],[0.6970702,42.1279105],[0.6968739,42.1282862],[0.6967546,42.1286014],[0.6967077,42.1288731],[0.6966694,42.1292059],[0.6965883,42.1295697],[0.6965489,42.1301634],[0.6964695,42.1307202],[0.6964105,42.1314669],[0.6965625,42.1319014],[0.6967272,42.1322669],[0.6968658,42.1327496],[0.6968827,42.1331063],[0.6968762,42.1334623],[0.6968907,42.1338812],[0.696927,42.1341294],[0.6969415,42.1344949],[0.6969438,42.1348723],[0.6968694,42.1351193],[0.6965284,42.1359628],[0.696305,42.136486],[0.6961534,42.1368745],[0.6960697,42.1372615],[0.696018,42.1376006],[0.6958811,42.1383876],[0.6957222,42.1390178],[0.6956268,42.1395108],[0.6956284,42.1400158],[0.6957589,42.1405452],[0.6959982,42.1410888],[0.6963951,42.1415094],[0.696603,42.1418606],[0.6966982,42.1421001],[0.6967434,42.1425281],[0.6967767,42.1427348],[0.6967,42.1432541],[0.696559,42.1437606],[0.6963799,42.144149],[0.6961522,42.1445585],[0.6960155,42.1448298],[0.6959743,42.1450616],[0.6960316,42.1461067],[0.6960524,42.1467782],[0.6960503,42.1472876],[0.6960147,42.1478391],[0.6959831,42.1482134],[0.6959731,42.1487769],[0.6963323,42.1488266],[0.6954977,42.1514117],[0.6984412,42.1539198],[0.6987781,42.1540205],[0.6991607,42.1541605],[0.6995777,42.1543236],[0.6998314,42.1544061],[0.6999591,42.1544419],[0.7001101,42.1544974],[0.700097,42.154626],[0.7001655,42.1547774],[0.7002934,42.1549138],[0.7004847,42.1550427],[0.7005959,42.1550938],[0.7009008,42.1550071],[0.7011233,42.1550555],[0.7012535,42.1551383],[0.7013117,42.1552687],[0.7013921,42.1554739],[0.7014878,42.1555838],[0.7018544,42.1558173],[0.7020743,42.1559503],[0.7022573,42.156103],[0.7022953,42.1562261],[0.7022492,42.1564219],[0.7022386,42.1567647],[0.702278,42.1569492],[0.7024102,42.1571103],[0.7026601,42.1572179],[0.7028779,42.1572757],[0.7030598,42.1573416],[0.7031654,42.157444],[0.7031731,42.157537],[0.703322,42.1577337],[0.7083066,42.1593748],[0.7138492,42.1628196],[0.7088658,42.1665427],[0.7011004,42.1691643],[0.7006203,42.1692116],[0.700571,42.1695412],[0.7004438,42.16977],[0.7001934,42.1699862],[0.6989392,42.1707915],[0.6985611,42.1711162],[0.6983689,42.171335],[0.698082,42.1718037],[0.6979451,42.1723456],[0.6979282,42.173048],[0.6981223,42.1735746],[0.6986648,42.1741393],[0.6994198,42.1746529],[0.70017,42.1752979],[0.7006346,42.1757877],[0.7008725,42.1760963],[0.7011323,42.1765269],[0.7012921,42.1771111],[0.7013732,42.1776923],[0.7013857,42.1781527],[0.7013117,42.178743],[0.7009157,42.1797241],[0.7007147,42.1804877],[0.700672,42.1814562],[0.7008472,42.1821638],[0.7011708,42.1828881],[0.7019913,42.1840049],[0.7024892,42.1846477],[0.703006,42.1851974],[0.7033758,42.1856319],[0.7035003,42.1858805],[0.7034498,42.1862085],[0.7031874,42.1865332],[0.7020524,42.1876346],[0.7019287,42.1878803],[0.7018231,42.1883352],[0.7018422,42.1886292],[0.7019866,42.1890752],[0.7022282,42.1894974],[0.7024512,42.1899249],[0.7026247,42.1902981],[0.7028024,42.1905114],[0.7030305,42.1906775],[0.7033287,42.1908227],[0.703742,42.1909466],[0.7040371,42.1909662],[0.7042244,42.1909197],[0.7043921,42.1907419],[0.7045876,42.1905228],[0.7048487,42.1904058],[0.7052284,42.1902961],[0.705751,42.1902381],[0.7061405,42.1902156],[0.7066357,42.1903065],[0.706813,42.1904899],[0.7069304,42.1908556],[0.706887,42.1912541],[0.706761,42.1916654],[0.7064761,42.1921679],[0.7063004,42.1926006],[0.7062741,42.1929244],[0.7065382,42.1933983],[0.7072949,42.1940984],[0.7077481,42.1947209],[0.708165,42.1954111],[0.70848,42.1959636],[0.7088588,42.1965398],[0.7091643,42.1969841],[0.7093225,42.1974617],[0.7093774,42.1979246],[0.7094584,42.1983006],[0.7096127,42.1986985],[0.7095837,42.1988642],[0.7094403,42.1991286],[0.7091489,42.1995262],[0.7088941,42.1999822],[0.7086838,42.2004706],[0.7084411,42.2010965],[0.7082235,42.2016821],[0.7080714,42.2024091],[0.7079507,42.203733],[0.708094,42.2045214],[0.7084497,42.2051958],[0.7088609,42.2058387],[0.709499,42.2065396],[0.7101451,42.2071122],[0.7106264,42.2074613],[0.711253,42.2079236],[0.7117564,42.2083474],[0.7120276,42.2084824],[0.7125228,42.2086438],[0.7130806,42.2088128],[0.7133311,42.2089645],[0.713656,42.2092555],[0.7139636,42.2096777],[0.7141251,42.2101574],[0.7142169,42.2105159],[0.7142669,42.2109872],[0.7142978,42.211526],[0.7142687,42.2117402],[0.7141244,42.2119392],[0.7138169,42.2122637],[0.7135191,42.2126436],[0.7132478,42.2131621],[0.7130999,42.2136648],[0.7130525,42.2140158],[0.7130541,42.2144376],[0.7131847,42.2150699],[0.7133521,42.2157384],[0.7136383,42.2163885],[0.713805,42.2166052],[0.7141382,42.2168921],[0.7143534,42.2170415],[0.7145758,42.2171547],[0.7148846,42.2172481],[0.7151935,42.2172994],[0.7155831,42.2173466],[0.7162416,42.2173975],[0.7166188,42.2174723],[0.7168393,42.217603],[0.7169737,42.217796],[0.7170376,42.2180707],[0.7170771,42.2184504],[0.7170726,42.2187713],[0.7170136,42.2191179],[0.7168389,42.2196289],[0.7165356,42.2201612],[0.7163475,42.220441],[0.7156971,42.2211735],[0.7151514,42.2217477],[0.7148451,42.2221698],[0.7146691,42.2226199],[0.714434,42.223097],[0.7143244,42.2234467],[0.7143244,42.2236616],[0.7144018,42.2239378],[0.714586,42.2243274],[0.7148465,42.2246603],[0.7155261,42.2252039],[0.7160769,42.2258155],[0.7166826,42.2265237],[0.7168729,42.2267294],[0.7170969,42.2268741],[0.7174554,42.2270264],[0.7179423,42.2272184],[0.7184449,42.2274508],[0.7191694,42.2279825],[0.7194487,42.228241],[0.7195987,42.2284601],[0.7198128,42.2289027],[0.7199812,42.229135],[0.7206667,42.2296871],[0.7209593,42.23003],[0.7211284,42.2303759],[0.7212963,42.2308825],[0.7214731,42.2311728],[0.7217425,42.2314866],[0.7221115,42.2317981],[0.7224281,42.2321042],[0.7227652,42.2324889],[0.7230118,42.2328016],[0.7232953,42.2330762],[0.7234773,42.2333045],[0.7235194,42.2334739],[0.7235603,42.2341898],[0.7236909,42.2345357],[0.7239115,42.2349831],[0.7246128,42.235655],[0.7250128,42.2359908],[0.7253062,42.2362207],[0.7255096,42.2363969],[0.7255697,42.2364813],[0.7255711,42.2366034],[0.7255309,42.2367578],[0.7253718,42.2370693],[0.7250962,42.2374901],[0.7246781,42.2379555],[0.724349,42.2382912],[0.7242019,42.2384854],[0.724139,42.2386977],[0.7241197,42.2391061],[0.724246,42.2395996],[0.7244418,42.2399052],[0.7245972,42.2402668],[0.7247712,42.2408591],[0.7249309,42.2413545],[0.7250192,42.2417381],[0.7251663,42.2421811],[0.7252953,42.242625],[0.7254058,42.2429518],[0.725759,42.2434292],[0.7261324,42.2437764],[0.7266449,42.2441496],[0.7271422,42.2444318],[0.7274132,42.2446169],[0.7276091,42.2448213],[0.7279297,42.2452151],[0.7279832,42.2454078],[0.7278558,42.2458491],[0.7278646,42.2460564],[0.7279846,42.2462222],[0.7281689,42.2463232],[0.7286777,42.2465517],[0.729587,42.2470078],[0.7299053,42.2471454],[0.7301591,42.2472307],[0.7304424,42.2472677],[0.7308152,42.2472633],[0.7313885,42.2472135],[0.7316793,42.2472193],[0.7319291,42.2473078],[0.7321995,42.247505],[0.7325304,42.247767],[0.7331486,42.2485678],[0.7333307,42.2489728],[0.7335017,42.24955],[0.7336148,42.2500727],[0.7337147,42.2504617],[0.7338816,42.2508203],[0.7341884,42.2511637],[0.7345723,42.2514472],[0.7353424,42.2519122],[0.7357825,42.2521192],[0.736063,42.2522671],[0.7362167,42.2523874],[0.7362487,42.2525297],[0.7361858,42.2527731],[0.7359295,42.253226],[0.7356338,42.2535884],[0.73542,42.2538411],[0.7353057,42.2540084],[0.7352489,42.2542135],[0.735223,42.2544132],[0.7352531,42.2546271],[0.7353914,42.254906],[0.7355283,42.2551649],[0.7357082,42.255532],[0.7361736,42.2562163],[0.7364929,42.2566558],[0.736615,42.256875],[0.7366174,42.2570557],[0.736426,42.2576494],[0.736384,42.2578974],[0.7363781,42.2581305],[0.7363111,42.2584728],[0.7362454,42.2587266],[0.7362543,42.2589229],[0.7363526,42.2591551],[0.7365324,42.2593555],[0.7368108,42.2596493],[0.7368902,42.2598109],[0.7369067,42.2599546],[0.7369149,42.2601885],[0.7370136,42.2605385],[0.737189,42.2608103],[0.737433,42.2611385],[0.7375669,42.261433],[0.7376285,42.2618154],[0.7376256,42.2620306],[0.7375759,42.262222],[0.7374786,42.2624195],[0.7373153,42.262718],[0.7371903,42.2629187],[0.7371281,42.2630614],[0.7371147,42.2632248],[0.7371362,42.2635293],[0.7371091,42.2638624],[0.7371306,42.264219],[0.7371973,42.2649232],[0.7373035,42.2654681],[0.7374884,42.265941],[0.738066,42.2669455],[0.7383535,42.2674358],[0.7385707,42.2680152],[0.7387863,42.268661],[0.7390095,42.2690731],[0.7392297,42.269399],[0.7394851,42.2697618],[0.7396445,42.270082],[0.7397413,42.2703404],[0.7397476,42.2705641],[0.7396824,42.2711631],[0.7396262,42.271517],[0.7393727,42.2729375],[0.7391859,42.2735928],[0.7389834,42.2740844],[0.7387571,42.2748781],[0.7386435,42.275466],[0.7385853,42.2757964],[0.7385919,42.2762605],[0.7386811,42.2766805],[0.7389267,42.2773804],[0.7392191,42.2780046],[0.7398561,42.279002],[0.7399002,42.2793235],[0.7398633,42.2796926],[0.7396807,42.2799384],[0.7393587,42.2802794],[0.7390738,42.2806346],[0.7386052,42.2814725],[0.7403717,42.283864],[0.7412268,42.283764],[0.7421721,42.2847777],[0.7427315,42.2848044],[0.7438898,42.28573],[0.7433774,42.2873135],[0.7430097,42.2897027],[0.7448303,42.3011777],[0.7482261,42.3034168],[0.7566191,42.3093098],[0.7551058,42.3134384],[0.7598356,42.317074],[0.7609475,42.320054],[0.7646231,42.3224814],[0.7604171,42.3249967],[0.7591848,42.3259016],[0.7570393,42.3261431],[0.7549457,42.3250142],[0.7522071,42.3263015],[0.7499169,42.3267637],[0.7491329,42.3268434],[0.7465179,42.3267398],[0.7436777,42.3263195],[0.743722,42.3276777],[0.7435482,42.3284307],[0.7427983,42.3296978],[0.7422839,42.3312543],[0.7416773,42.3326878],[0.741553,42.3334572],[0.7418949,42.3349227],[0.7417525,42.3353866],[0.7406594,42.3363948],[0.7403601,42.3368727],[0.7406668,42.3371328],[0.7417154,42.3372157],[0.7437536,42.3378154],[0.7447599,42.3375934],[0.7468288,42.340344],[0.7479958,42.3420076],[0.7494296,42.3432573],[0.7502268,42.3429881],[0.7518606,42.3435198],[0.7536015,42.3442191],[0.753999,42.3445753],[0.7542123,42.3450995],[0.7543367,42.3457618],[0.7543038,42.3466362],[0.7554304,42.3470045],[0.7577556,42.3467121],[0.758328,42.3475577],[0.7591775,42.3483672],[0.7625276,42.3483653],[0.7629503,42.3481263],[0.7632554,42.3477471],[0.7670108,42.3488392],[0.7682357,42.3498344],[0.770433,42.3504464],[0.7713067,42.3506427],[0.7683366,42.3523342],[0.7674748,42.3527407],[0.7664153,42.3530907],[0.7661274,42.3533523],[0.7654585,42.3561746],[0.7641606,42.3568025],[0.7631833,42.3562944],[0.7619038,42.3564174],[0.7605948,42.3570637],[0.7601187,42.3572234],[0.7586494,42.3572176],[0.7541095,42.3564121],[0.7533892,42.3563456],[0.7524947,42.3564109],[0.7512933,42.3566214],[0.749977,42.3569436],[0.7492253,42.3575715],[0.7482372,42.3572887],[0.7478742,42.3566973],[0.7470466,42.3566613],[0.7461474,42.3568528],[0.7429273,42.3580296],[0.7394663,42.3598534],[0.7386401,42.3604567],[0.738266,42.3611082],[0.7373519,42.3618673],[0.7367677,42.3620484],[0.7337217,42.3618687],[0.7284943,42.3631915],[0.7278769,42.3634277],[0.7255396,42.3653766],[0.7232719,42.3656304],[0.7222243,42.3674202],[0.7228008,42.3687521],[0.7254969,42.3701951],[0.7309592,42.3709808],[0.7342693,42.3715122],[0.735647,42.3740605],[0.735298,42.3761608],[0.7366852,42.3764127],[0.7377209,42.376676],[0.7396878,42.3774852],[0.7430514,42.3791131],[0.7429626,42.3800705],[0.7431319,42.3808753],[0.7437522,42.3821156],[0.7443337,42.3835192],[0.7447278,42.3840196],[0.7452715,42.38438],[0.7460967,42.3847762],[0.7442814,42.3871316],[0.743006,42.3879476],[0.7426199,42.3906433],[0.7417448,42.3918604],[0.7404305,42.3916152],[0.7398139,42.3937062],[0.739434,42.3952852],[0.7391432,42.3961141],[0.737695,42.3981151],[0.7377112,42.3985918],[0.7381501,42.3996399],[0.7364871,42.399253],[0.7351736,42.4002502],[0.7343246,42.4006831],[0.730331,42.4021728],[0.7283846,42.4039739],[0.7275661,42.4045137],[0.7259443,42.4052328],[0.7282664,42.4079213],[0.7313146,42.4081012],[0.7334768,42.4072744],[0.7345202,42.4078616],[0.7348177,42.4087793],[0.7357794,42.4128987],[0.7358462,42.4140219],[0.7355251,42.4147527],[0.7343645,42.4168974],[0.7337423,42.417674],[0.7313308,42.4200395],[0.729049,42.4225448],[0.7275387,42.4251511],[0.7262345,42.4269312],[0.7258343,42.4271513],[0.7221078,42.4276416],[0.7191612,42.4289889],[0.7178698,42.4305794],[0.7174598,42.43125],[0.7168339,42.4317655],[0.7145374,42.4330105],[0.7138486,42.433285],[0.7130926,42.4340658],[0.7126074,42.4342886],[0.7113222,42.4351676],[0.7106288,42.4357753],[0.7101422,42.4363853],[0.7099224,42.4369867],[0.7100719,42.4374591],[0.7107123,42.4388339],[0.710722,42.4394098],[0.7090823,42.4416958],[0.7088699,42.4422159],[0.7088115,42.442668],[0.7088973,42.4435026],[0.7088717,42.4443047],[0.7087405,42.4447592],[0.707553,42.4462652],[0.7073311,42.4468306],[0.7076142,42.4477128],[0.7075141,42.4480762],[0.7064931,42.4493158],[0.7064724,42.449583],[0.7066206,42.4499099],[0.7067786,42.4501961],[0.707233,42.4508978],[0.7076278,42.4514767],[0.7078917,42.4521344],[0.707802,42.4528287],[0.7076886,42.4531431],[0.7074302,42.4536281],[0.7072325,42.4539579],[0.7067519,42.4550007],[0.7067537,42.4556268],[0.7068211,42.4560012],[0.7069759,42.4564219],[0.7071952,42.456745],[0.707623,42.4571112],[0.7082928,42.4576166],[0.7087727,42.4580416],[0.7089764,42.4582385],[0.7090681,42.4583732],[0.7090818,42.4585647],[0.7090546,42.4587154],[0.7089555,42.4589901],[0.7089808,42.4592232],[0.706323,42.4642836],[0.7046099,42.4646025],[0.6963321,42.4737087],[0.6941683,42.4763555],[0.6898996,42.4837223],[0.6899407,42.4868425],[0.6928101,42.4867246],[0.6946459,42.4862957],[0.6977838,42.4863004],[0.700622,42.4909989],[0.6989501,42.4949523],[0.7005096,42.4955197],[0.7045871,42.4939229],[0.7061941,42.4927201],[0.7079183,42.4919662],[0.7089557,42.4899365],[0.7133731,42.4872082],[0.7268895,42.4980459],[0.7280269,42.4977957],[0.7298409,42.4975665],[0.7331381,42.5044155],[0.7339663,42.5044347],[0.7345413,42.504319],[0.7350133,42.5042299],[0.7355038,42.5040692],[0.7359071,42.5039647],[0.7365473,42.5037756],[0.7370272,42.5036763],[0.7380228,42.503428],[0.738166,42.5034582],[0.7383734,42.5035909],[0.739068,42.5038328],[0.7393419,42.5039707],[0.7395405,42.5042787],[0.7397141,42.504428],[0.739934,42.5045296],[0.7402551,42.504535],[0.7404631,42.5045239],[0.740738,42.5045962],[0.7410238,42.5048222],[0.7413661,42.5050767],[0.7418046,42.5053509],[0.7421562,42.5056032],[0.7426803,42.5066538],[0.7420116,42.5065399],[0.7417172,42.5062378],[0.7412364,42.5059535],[0.7407997,42.5059382],[0.7405573,42.5059389],[0.7403372,42.5060318],[0.7401786,42.5060578],[0.7399335,42.5060649],[0.7395476,42.5062046],[0.7392585,42.5062205],[0.7388921,42.5063924],[0.7383172,42.5067198],[0.738143,42.5068348],[0.7379575,42.5070588],[0.7376379,42.5075601],[0.7373609,42.5078666],[0.73676,42.5083768],[0.7359743,42.5083904],[0.7354756,42.5085168],[0.7352149,42.5086713],[0.7350279,42.5087161],[0.734491,42.5088161],[0.7341595,42.5090363],[0.7339911,42.5090394],[0.7336563,42.5092872],[0.7330681,42.5096079],[0.7328613,42.5096511],[0.7323423,42.5101087],[0.7315697,42.5104162],[0.7313679,42.5106553],[0.7313222,42.5108782],[0.7311329,42.5111273],[0.7308613,42.5113173],[0.7306122,42.5114726],[0.7302401,42.5116653],[0.7299312,42.5117942],[0.7296798,42.5120144],[0.7295411,42.5121467],[0.7291786,42.5124097],[0.7289916,42.5125321],[0.7284394,42.5126562],[0.728068,42.512829],[0.7277022,42.5128465],[0.7269106,42.5128601],[0.7264865,42.5128089],[0.7258176,42.5127933],[0.7253946,42.5127106],[0.7247871,42.5126806],[0.7243629,42.5126316],[0.7239949,42.5127098],[0.7238118,42.5127265],[0.7234601,42.5128366],[0.7232351,42.5128308],[0.723015,42.5128818],[0.7228764,42.5129079],[0.7220464,42.5128966],[0.7219326,42.5129418],[0.7218135,42.5129326],[0.7215324,42.5129453],[0.7213749,42.5130109],[0.721244,42.5130436],[0.7209719,42.5129977],[0.7206576,42.5129254],[0.7203971,42.5129107],[0.7202955,42.5128682],[0.7198996,42.5128311],[0.7198853,42.5133216],[0.7198985,42.5138249],[0.7199523,42.5142415],[0.7200246,42.5148774],[0.7200852,42.5151541],[0.7202998,42.5153834],[0.7205986,42.5155368],[0.7212684,42.5157947],[0.7218563,42.5160149],[0.7220158,42.516118],[0.7222363,42.5163077],[0.7224762,42.5166357],[0.7225158,42.5169271],[0.7225697,42.5171107],[0.722683,42.5172514],[0.7228262,42.5173854],[0.7232009,42.5175763],[0.7234339,42.5177182],[0.723558,42.5178335],[0.7236062,42.5180316],[0.7236172,42.5182774],[0.7236149,42.5187967],[0.7237227,42.5193095],[0.7237663,42.5196967],[0.7237965,42.5202743],[0.7237325,42.5209676],[0.7236072,42.521259],[0.723309,42.5216415],[0.7230024,42.5219359],[0.722589,42.5223964],[0.7222639,42.5228886],[0.7219135,42.5233808],[0.7216178,42.5239432],[0.7215499,42.5242376],[0.721531,42.5245268],[0.7215925,42.5248847],[0.7217535,42.5251775],[0.7219445,42.5255849],[0.722045,42.5260305],[0.7221537,42.5263082],[0.7224,42.5267645],[0.7227038,42.5272531],[0.723094,42.52769],[0.7235645,42.527932],[0.723922,42.5282066],[0.7240977,42.5285456],[0.724074,42.529015],[0.7241849,42.5294777],[0.7242175,42.5300526],[0.7243246,42.5302392],[0.7244021,42.5304088],[0.7246598,42.5305799],[0.7250411,42.5307507],[0.7252181,42.5311547],[0.7253836,42.5314167],[0.7254733,42.5321023],[0.7256319,42.5323874],[0.7259159,42.5325991],[0.7262321,42.5330505],[0.7266448,42.5333751],[0.7274194,42.5337655],[0.7283308,42.5341239],[0.7290818,42.5345749],[0.7301174,42.5351331],[0.7307565,42.5354217],[0.7315411,42.5360271],[0.7324831,42.5370743],[0.7329625,42.5375314],[0.7330941,42.5381992],[0.7331354,42.5385707],[0.7336825,42.5396002],[0.7344624,42.5400526],[0.7347408,42.5403456],[0.735258,42.5401606],[0.735594,42.5399657],[0.7358278,42.539724],[0.7360332,42.5394306],[0.7363937,42.5391562],[0.7368751,42.5388568],[0.7372028,42.5386772],[0.7374528,42.5383645],[0.7376877,42.5381093],[0.7380136,42.5379778],[0.7384032,42.5377674],[0.7390872,42.5374977],[0.7395465,42.5373977],[0.7403215,42.5371553],[0.7406617,42.536977],[0.7412026,42.5368232],[0.7416157,42.5367439],[0.7420825,42.536527],[0.7426729,42.5362938],[0.7430035,42.5360405],[0.7433556,42.5357937],[0.7437193,42.5355504],[0.7438692,42.5354861],[0.7441453,42.5354484],[0.7449402,42.5355097],[0.745198,42.5354044],[0.7453824,42.5353369],[0.7456248,42.5353747],[0.7460786,42.5352178],[0.7465136,42.5352066],[0.746893,42.5350059],[0.747135,42.5350499],[0.7481172,42.5350692],[0.7485456,42.5350348],[0.7486619,42.5349633],[0.749123,42.5349457],[0.7493752,42.5349151],[0.7495162,42.5348239],[0.7527683,42.5339488],[0.7503692,42.5353895],[0.7493995,42.5357459],[0.7488131,42.5357119],[0.74833,42.5358682],[0.7477929,42.5359165],[0.7472465,42.5360234],[0.7468531,42.5365022],[0.7466968,42.5370286],[0.746384,42.5374769],[0.7458316,42.5379519],[0.7454013,42.5382535],[0.7451093,42.5383859],[0.745153,42.5388181],[0.7454484,42.539225],[0.74577,42.5395433],[0.7457587,42.5397284],[0.7454371,42.539975],[0.7451488,42.5400866],[0.7439578,42.5412482],[0.7436607,42.5414865],[0.7432436,42.541544],[0.7425095,42.5419678],[0.7419743,42.5421479],[0.7416195,42.5427674],[0.7415169,42.5431461],[0.7414949,42.5437548],[0.7412641,42.5446972],[0.7412619,42.5448676],[0.7408105,42.5453986],[0.7414719,42.5456079],[0.7417555,42.5456355],[0.7419758,42.5457139],[0.7421048,42.5458516],[0.742138,42.5459423],[0.7421287,42.5460321],[0.7420829,42.5461213],[0.7420918,42.5462115],[0.7421372,42.5463025],[0.7421157,42.5463921],[0.7420042,42.5466151],[0.7420496,42.5470437],[0.7420545,42.5472465],[0.742396,42.5475684],[0.7425112,42.5477508],[0.7425558,42.5482019],[0.7426727,42.5483393],[0.7428536,42.5483879],[0.7431578,42.5483939],[0.7433449,42.5482715],[0.7437728,42.5482259],[0.7443188,42.5482817],[0.7446346,42.5485581],[0.7448454,42.5488775],[0.7447699,42.5492812],[0.7448243,42.5494624],[0.7451234,42.5496124],[0.7456629,42.5498482],[0.7458445,42.5498787],[0.7461559,42.5496868],[0.7464015,42.5496286],[0.7468259,42.5496819],[0.7471253,42.5498229],[0.7471796,42.5500041],[0.7472275,42.5503653],[0.7475261,42.5508664],[0.7478069,42.5511872],[0.748039,42.5515069],[0.7486329,42.5519239],[0.7489916,42.552111],[0.7492253,42.5523858],[0.7492813,42.552522],[0.749343,42.5528384],[0.7495613,42.5532029],[0.7493078,42.5536482],[0.7493561,42.5538293],[0.7494697,42.5540567],[0.7494371,42.5543712],[0.7492704,42.5547732],[0.7489487,42.5549965],[0.7483728,42.555431],[0.7483282,42.5556553],[0.7483816,42.5561635],[0.7482295,42.5565275],[0.7481899,42.5568019],[0.7481836,42.5571277],[0.7483676,42.5573884],[0.7485934,42.5577248],[0.7486226,42.5580002],[0.748541,42.5582759],[0.7486114,42.5584683],[0.7488929,42.5588972],[0.7491919,42.5590833],[0.749507,42.559272],[0.7497824,42.559779],[0.7498662,42.5600312],[0.7499841,42.5603178],[0.7501542,42.5605575],[0.7506415,42.560929],[0.7511801,42.5614623],[0.7517851,42.5617033],[0.7520311,42.5619339],[0.7523197,42.5623303],[0.7524565,42.5626863],[0.7527557,42.5630262],[0.7533024,42.5634956],[0.7539396,42.5638021],[0.7545931,42.5640185],[0.7550565,42.5643428],[0.7550622,42.564523],[0.7550396,42.565153],[0.7548878,42.5657354],[0.7548416,42.5660047],[0.7548771,42.5662187],[0.7551154,42.56661],[0.7557015,42.5676213],[0.7559776,42.568011],[0.7564123,42.5681958],[0.7569003,42.5684168],[0.7572586,42.5686989],[0.7575175,42.5690506],[0.7577494,42.5695093],[0.7579404,42.5699409],[0.7580286,42.5706761],[0.7580645,42.570835],[0.758204,42.5710187],[0.7584413,42.5716137],[0.75848,42.5719701],[0.7585911,42.5725193],[0.758697,42.5728234],[0.7589944,42.5733751],[0.7591396,42.5736995],[0.7591711,42.5739939],[0.7590995,42.5743345],[0.7587508,42.5746087],[0.7583773,42.5750022],[0.7582423,42.5752995],[0.7581676,42.575676],[0.7581217,42.5766158],[0.7579798,42.5768259],[0.7577473,42.577102],[0.7576628,42.5774782],[0.7577484,42.5776661],[0.7579111,42.57786],[0.7581776,42.5780933],[0.758405,42.5781922],[0.7586338,42.5783582],[0.7587227,42.5785208],[0.7588112,42.5788668],[0.758815,42.5791822],[0.7588115,42.5795929],[0.7588518,42.5798434],[0.7590764,42.5800988],[0.7599731,42.5806411],[0.7601011,42.5807299],[0.7602112,42.5809358],[0.7603495,42.5813319],[0.7603807,42.5814944],[0.7603049,42.5816822],[0.7599855,42.582046],[0.7597636,42.5824203],[0.7596329,42.5827233],[0.7595792,42.5831659],[0.7595932,42.583752],[0.7596903,42.5840719],[0.7601059,42.5850904],[0.7601562,42.5853215],[0.7600883,42.5855473],[0.7595387,42.5863918],[0.7594592,42.5865955],[0.759535,42.5868063],[0.7597671,42.5871537],[0.7600506,42.5874999],[0.760382,42.588008],[0.7609985,42.5887166],[0.7610109,42.5888676],[0.7609861,42.5891702],[0.7607033,42.5896619],[0.7604843,42.5899618],[0.7604084,42.5901145],[0.7604962,42.5903168],[0.7606921,42.5905368],[0.7607966,42.5907446],[0.7607884,42.5911126],[0.7606365,42.5914628],[0.7604524,42.591785],[0.7604685,42.592074],[0.7607655,42.5927844],[0.761075,42.5931613],[0.7620142,42.59398],[0.7620268,42.5942973],[0.7618805,42.5947838],[0.7619433,42.5950835],[0.7626476,42.5961201],[0.7627683,42.5965588],[0.7630505,42.5969649],[0.7632178,42.5970582],[0.7632617,42.5971941],[0.7632309,42.5973736],[0.7635623,42.5976503],[0.7636103,42.5980115],[0.763491,42.5982793],[0.7634937,42.5984595],[0.7637473,42.5987796],[0.7640069,42.5991899],[0.7639899,42.5993247],[0.7637442,42.5996351],[0.7637313,42.5999951],[0.7638359,42.6002223],[0.7637037,42.6008501],[0.7637939,42.6014822],[0.7639286,42.6018901],[0.7642019,42.6022557],[0.7643157,42.602483],[0.764483,42.6025764],[0.7648522,42.6024778],[0.7650934,42.60255],[0.76551,42.6028283],[0.7657838,42.6030971],[0.7659173,42.6033698],[0.7659241,42.6037752],[0.7660757,42.6041384],[0.7661959,42.6042713],[0.7663707,42.6043243],[0.7664772,42.6044164],[0.7665544,42.6046431],[0.7665902,42.605004],[0.7666415,42.6052752],[0.7665143,42.6056779],[0.766552,42.6059038],[0.7667015,42.6061544],[0.766775,42.6063134],[0.7668978,42.606631],[0.766955,42.6069924],[0.767128,42.6072659],[0.7674154,42.6074967],[0.7674831,42.6079032],[0.7673304,42.6081704],[0.7674013,42.608487],[0.7676436,42.6087844],[0.76774,42.6089889],[0.7678558,42.6093289],[0.7678864,42.6096672],[0.7678248,42.6100262],[0.7674952,42.61038],[0.7673061,42.6105565],[0.767298,42.6107814],[0.7674118,42.6110088],[0.7675685,42.6115851],[0.744934,42.6152188],[0.7443382,42.6149199],[0.7438683,42.6144243],[0.7431534,42.61396],[0.7426972,42.6135766],[0.7416912,42.6128533],[0.7411496,42.6126602],[0.740789,42.612518],[0.7406623,42.6126506],[0.740034,42.6125477],[0.739548,42.6124976],[0.7387702,42.6123377],[0.7382756,42.6122788],[0.7378458,42.6123604],[0.7375985,42.6124546],[0.7374076,42.6126759],[0.7370555,42.6129396],[0.7366553,42.6132464],[0.7361548,42.6135967],[0.7360549,42.6136403],[0.7358437,42.6137707],[0.7353076,42.6140758],[0.7349711,42.6142937],[0.7347802,42.6145151],[0.7342078,42.614999],[0.7339893,42.6151304],[0.7335929,42.6153088],[0.7333111,42.6153422],[0.7331617,42.6154286],[0.7320699,42.6152719],[0.731948,42.6152695],[0.7317639,42.6153019],[0.7314853,42.615261],[0.73124,42.6153011],[0.7308749,42.6152849],[0.7304514,42.6151955],[0.730147,42.6151849],[0.7294866,42.6149062],[0.7284718,42.6152906],[0.7280306,42.6156871],[0.7274144,42.615864],[0.7269452,42.6161924],[0.7264512,42.6162396],[0.7258758,42.6162544],[0.7254659,42.6165127],[0.725256,42.6165325],[0.7247075,42.6165262],[0.7243653,42.6166057],[0.7236903,42.6167273],[0.7234743,42.6169024],[0.723371,42.6171262],[0.7232191,42.6172125],[0.7226878,42.6174729],[0.7224105,42.6176467],[0.7220457,42.6179546],[0.7218425,42.6181757],[0.7215367,42.6182011],[0.7214145,42.6182077],[0.7210307,42.6186998],[0.7207886,42.61865],[0.7204774,42.6188239],[0.7195252,42.6189409],[0.718414,42.6193241],[0.718078,42.6194065],[0.7178097,42.6194268],[0.7173603,42.6197984],[0.7169647,42.6198345],[0.7163521,42.6199124],[0.7156497,42.6198994],[0.7150092,42.6199091],[0.7138814,42.6199091],[0.7132151,42.6199588],[0.7126088,42.6197036],[0.7123716,42.619878],[0.7118695,42.6199139],[0.7116504,42.6200887],[0.7111237,42.6203043],[0.7103235,42.6205134],[0.7100493,42.6205159],[0.709467,42.6205954],[0.70833,42.6208417],[0.7077146,42.6210771],[0.7075541,42.6212235],[0.7072363,42.6215774],[0.706692,42.6217916],[0.7063375,42.6219635],[0.7061199,42.6220954],[0.705896,42.6223599],[0.7055205,42.6226225],[0.7052718,42.6227526],[0.7048043,42.6230596],[0.7039941,42.6235387],[0.7033958,42.6240208],[0.7030505,42.6243303],[0.7028628,42.6244616],[0.7027023,42.6246372],[0.7025162,42.6247235],[0.7022337,42.6249894],[0.7018787,42.6254762],[0.7015014,42.6257838],[0.7012043,42.6264547],[0.7010384,42.6267651],[0.7007864,42.6269851],[0.700511,42.6270711],[0.7003499,42.6272465],[0.7002507,42.6275162],[0.6999328,42.6278701],[0.699251,42.6281715],[0.6991176,42.6284841],[0.6986448,42.6288332],[0.698579,42.6294707],[0.6984947,42.6295956],[0.6984781,42.6300456],[0.6988552,42.6306402],[0.6989095,42.6308214],[0.6991466,42.6310063],[0.6996439,42.6315098],[0.6999542,42.6316962],[0.700332,42.6319307],[0.7005942,42.6322043],[0.700833,42.6323442],[0.7008857,42.6325704],[0.7007154,42.6331091],[0.7006197,42.6340528],[0.7005146,42.6343639],[0.7004186,42.6345441],[0.7002381,42.6348106],[0.7000974,42.6349879],[0.6999623,42.6353454],[0.6998117,42.6357927],[0.6996815,42.6360152],[0.6995619,42.636283],[0.6995436,42.6367779],[0.6996788,42.6371838],[0.6997924,42.6374112],[0.6998201,42.637549],[0.6999676,42.637955],[0.7001016,42.638185],[0.7003132,42.6387296],[0.7004642,42.6390456],[0.7007271,42.6394134],[0.7010488,42.6397327],[0.7012069,42.6399634],[0.7013626,42.6403717],[0.7016014,42.6405116],[0.7016756,42.6406008],[0.7021938,42.6409828],[0.7025196,42.6412031],[0.7028178,42.6413892],[0.702994,42.6415728],[0.703141,42.6417583],[0.7025808,42.6420668],[0.7019977,42.6421247],[0.7016249,42.6423108],[0.7012979,42.6425744],[0.7012565,42.6427561],[0.7008333,42.6431529],[0.7006679,42.6434197],[0.7000416,42.6438909],[0.6997454,42.643984],[0.6997249,42.6442087],[0.6995664,42.6444333],[0.6991232,42.6448747],[0.6990716,42.6450511],[0.6988212,42.6452262],[0.6983341,42.6455316],[0.6983818,42.6458927],[0.6983503,42.6467476],[0.6984533,42.6469298],[0.6983996,42.6470638],[0.6980832,42.6473726],[0.6979424,42.6475498],[0.6978261,42.6477276],[0.697882,42.6478638],[0.6977335,42.648086],[0.6974371,42.6483501],[0.697385,42.6484392],[0.6971206,42.648659],[0.6971157,42.6487939],[0.6967599,42.6495072],[0.6967045,42.6496862],[0.6962179,42.6503068],[0.6961924,42.6506664],[0.6962922,42.6509386],[0.6962368,42.6511176],[0.6959813,42.6514276],[0.6956022,42.6517802],[0.6954978,42.652046],[0.6954011,42.6522715],[0.695283,42.6524942],[0.6952486,42.6527637],[0.6951356,42.6528514],[0.6948228,42.6530613],[0.6948725,42.6533662],[0.6960595,42.6542658],[0.6961138,42.654447],[0.6959731,42.6546243],[0.6958517,42.654937],[0.6954497,42.6553319],[0.695512,42.6558757],[0.695502,42.6561457],[0.6953611,42.6564695],[0.6955483,42.6569571],[0.6957026,42.6573204],[0.6958196,42.6574578],[0.695757,42.6575016],[0.6958006,42.6577254],[0.6957287,42.6582665],[0.6955935,42.658624],[0.6954106,42.6586203],[0.6949788,42.6587467],[0.6944284,42.6587806],[0.693817,42.6588133],[0.6932633,42.6589372],[0.692469,42.6589663],[0.6920982,42.6590939],[0.6919053,42.6593601],[0.6917296,42.6594917],[0.6916464,42.6597601],[0.691565,42.6599814],[0.6913299,42.6600689],[0.6910655,42.6602887],[0.6907698,42.6603661],[0.6892945,42.6620937],[0.687965,42.6636031],[0.6877144,42.6637781],[0.6873403,42.6639957],[0.6868454,42.6641748],[0.6865209,42.6646996],[0.6857825,42.6648647],[0.6854086,42.6650733],[0.6850408,42.6651176],[0.6847376,42.6650687],[0.6844293,42.6651526],[0.6843091,42.6651051],[0.6839382,42.6652327],[0.6837553,42.665229],[0.6835707,42.6652703],[0.6830825,42.6652694],[0.6828356,42.6653454],[0.6823451,42.6654076],[0.6816654,42.6656369],[0.6811099,42.6658058],[0.6806747,42.6660221],[0.6801751,42.6663272],[0.6802328,42.6664184],[0.6801601,42.6667321],[0.6801467,42.667092],[0.6800197,42.6672245],[0.6799504,42.6674482],[0.6800639,42.6676757],[0.6800439,42.6682156],[0.6796633,42.6686041],[0.679356,42.6686609],[0.6791074,42.6687819],[0.6789231,42.6688142],[0.6784976,42.6687696],[0.6782504,42.6688546],[0.6778727,42.6691621],[0.6774258,42.6696934],[0.6771075,42.6700471],[0.6768552,42.6702671],[0.6764775,42.6705746],[0.6761673,42.6707124],[0.6758526,42.6709672],[0.6758459,42.6711471],[0.6757156,42.6713696],[0.6754489,42.6716479],[0.6753838,42.6720833],[0.6753178,42.672217],[0.6753704,42.6724432],[0.675357,42.6728032],[0.6751673,42.6729794],[0.6748011,42.6734718],[0.6747153,42.6736456],[0.6746509,42.6737344],[0.6746102,42.6740082],[0.6745038,42.6744068],[0.6743791,42.6744763],[0.6742464,42.6747617],[0.6742063,42.6750865],[0.6742212,42.6754366],[0.6741569,42.6755254],[0.6741885,42.6763139],[0.673871,42.6766452],[0.6738295,42.6768203],[0.673792,42.677454],[0.6737714,42.6776787],[0.673642,42.6779376],[0.6734497,42.6781225],[0.6735599,42.6784399],[0.6734938,42.6785736],[0.6734787,42.6789785],[0.6730384,42.6793298],[0.6726642,42.6795428],[0.6723318,42.6799458],[0.6720308,42.6801603],[0.6715753,42.6804257],[0.6714632,42.6806485],[0.6713938,42.6808722],[0.6709056,42.6808713],[0.6707822,42.6809048],[0.6704722,42.6810336],[0.6698539,42.6812461],[0.6694796,42.6814636],[0.6693579,42.6814522],[0.6689916,42.6814537],[0.6686816,42.6815825],[0.6684376,42.6815775],[0.6678854,42.6816563],[0.667454,42.6817646],[0.6671434,42.6819114],[0.6668947,42.6820324],[0.6662953,42.6823894],[0.6656425,42.6828713],[0.6650666,42.68358],[0.6643175,42.684024],[0.663564,42.6845849],[0.6632404,42.6850736],[0.6626018,42.685826],[0.6619733,42.6863084],[0.6615921,42.6867059],[0.6611499,42.6871021],[0.6606363,42.6874518],[0.6600843,42.6878457],[0.6599437,42.6883381],[0.6598793,42.6884269],[0.6599369,42.6885181],[0.6599878,42.6887893],[0.6599064,42.6892743],[0.6597731,42.6899556],[0.6597555,42.6901803],[0.6598538,42.6904075],[0.6600553,42.690827],[0.6603274,42.6908816],[0.6604418,42.6909156],[0.6605185,42.6909496],[0.6605921,42.6909998],[0.6606176,42.6910022],[0.6607447,42.690996],[0.6607907,42.6910024],[0.6608581,42.6910254],[0.6609486,42.6910499],[0.6609795,42.6910685],[0.6610251,42.6910875],[0.6611138,42.6910949],[0.6611558,42.6911111],[0.6612366,42.6911641],[0.6613405,42.6912177],[0.6614675,42.6912753],[0.6617383,42.6913316],[0.6618977,42.6913702],[0.661967,42.6914076],[0.6620383,42.6914236],[0.6621306,42.6914319],[0.6621625,42.6914272],[0.6622328,42.6913766],[0.6622864,42.6913463],[0.6623603,42.6913299],[0.6623943,42.6913333],[0.6624633,42.6913753],[0.6625106,42.6913826],[0.6625843,42.6913672],[0.6627493,42.691297],[0.6627889,42.6912844],[0.6628314,42.691288],[0.6628852,42.6913144],[0.6630005,42.6913268],[0.6631312,42.6913521],[0.6632241,42.6913757],[0.6632769,42.6913688],[0.6634084,42.6913114],[0.6634899,42.6912853],[0.6635992,42.691267],[0.6636857,42.6912383],[0.663757,42.6912237],[0.6638942,42.6912069],[0.66413,42.6911661],[0.6642125,42.6911464],[0.6647041,42.6910492],[0.6647463,42.6910294],[0.664832,42.6909305],[0.6650186,42.6908078],[0.6650806,42.6907506],[0.6651458,42.6907062],[0.6652006,42.6906768],[0.665261,42.6906305],[0.6654004,42.6905615],[0.6654929,42.6905339],[0.6655218,42.690512],[0.665558,42.6904615],[0.6655846,42.6904378],[0.6656238,42.6904333],[0.6656801,42.6903976],[0.6657595,42.6903616],[0.6658313,42.6903362],[0.6658762,42.6903111],[0.665923,42.690268],[0.666001,42.6902391],[0.6661625,42.6901941],[0.666245,42.6901752],[0.666322,42.6901391],[0.6664459,42.6900303],[0.6665162,42.6899796],[0.666565,42.6899474],[0.6666681,42.6899002],[0.6667399,42.6898433],[0.6668171,42.6897433],[0.666846,42.6896909],[0.6668869,42.6896729],[0.666926,42.6896414],[0.6669431,42.6896102],[0.6670066,42.6895765],[0.6670567,42.6895147],[0.6671117,42.6894799],[0.6672009,42.6894441],[0.6672917,42.6894011],[0.6673572,42.6893782],[0.6674334,42.6893637],[0.6677739,42.6893243],[0.6677912,42.6893175],[0.6678445,42.6892665],[0.6678695,42.6892518],[0.6679333,42.6892423],[0.6680783,42.6892428],[0.6681757,42.6892162],[0.6682333,42.6892093],[0.6683304,42.6892204],[0.6683949,42.6892227],[0.6684733,42.6892154],[0.6685445,42.6892026],[0.6686049,42.689185],[0.6687095,42.689163],[0.6687632,42.6891606],[0.6689212,42.6891739],[0.6690049,42.6891847],[0.6690724,42.6892024],[0.6691203,42.6892241],[0.6692462,42.6893078],[0.6692907,42.6893241],[0.6695431,42.6893854],[0.6695983,42.6894064],[0.6696421,42.6894397],[0.6697204,42.6894639],[0.6697439,42.6894869],[0.6697632,42.6895224],[0.6697881,42.6895391],[0.6699201,42.6895618],[0.6699757,42.6895747],[0.6701198,42.68963],[0.6701815,42.6896412],[0.6703707,42.6896957],[0.670435,42.6897052],[0.6705037,42.6897256],[0.6705502,42.6897518],[0.6705821,42.6897768],[0.6706055,42.6898025],[0.6706455,42.6898681],[0.6706603,42.6899251],[0.6706563,42.6899637],[0.670733,42.6899671],[0.6709805,42.6899671],[0.6712443,42.6899864],[0.67127,42.6899833],[0.67129,42.6899721],[0.6713178,42.6899484],[0.6713475,42.6899364],[0.6713966,42.6899294],[0.6714647,42.6899336],[0.671863,42.6900034],[0.6720185,42.6900194],[0.6720814,42.6900307],[0.6723174,42.690106],[0.6723705,42.6901197],[0.6724226,42.690128],[0.672492,42.6901295],[0.6727612,42.6901057],[0.6728185,42.6901061],[0.6729158,42.6901136],[0.6731367,42.6901679],[0.6738255,42.6903241],[0.674062,42.6903562],[0.67414,42.6903876],[0.6743265,42.6904501],[0.6744603,42.6904872],[0.6745392,42.6904979],[0.6745657,42.6905056],[0.674606,42.6905335],[0.6746313,42.6905404],[0.6747031,42.6905446],[0.6748243,42.6905634],[0.6748494,42.6905748],[0.6748885,42.6906035],[0.6749794,42.690619],[0.6751123,42.6906497],[0.67519,42.6906568],[0.6752597,42.690652],[0.6753573,42.6906191],[0.6754246,42.6906134],[0.6755123,42.6906171],[0.6756733,42.6906466],[0.6757153,42.6906619],[0.6758404,42.6907672],[0.6758808,42.6907942],[0.675931,42.6908186],[0.6759577,42.690821],[0.6760009,42.6908085],[0.6760499,42.6908014],[0.6761518,42.6908162],[0.6761933,42.6908135],[0.6763316,42.6907401],[0.6763695,42.6907391],[0.6765544,42.6907494],[0.6766301,42.6907457],[0.6766786,42.6907539],[0.6767213,42.6907836],[0.6767452,42.6908236],[0.6767691,42.6908989],[0.676776,42.6909395],[0.6767701,42.6909655],[0.6767458,42.6909928],[0.6766779,42.6910462],[0.6766285,42.691091],[0.6766015,42.6911264],[0.6765654,42.6912057],[0.6765539,42.6912189],[0.6765587,42.6912829],[0.6765526,42.6913125],[0.6765199,42.6913693],[0.6765053,42.6914284],[0.6765099,42.6914986],[0.6765216,42.6915403],[0.6765477,42.6915894],[0.6765683,42.6916834],[0.676571,42.6917374],[0.6765645,42.691749],[0.6764754,42.6917812],[0.6763922,42.691819],[0.6763669,42.6918418],[0.6763544,42.6918793],[0.6763601,42.6919217],[0.6763809,42.6919501],[0.6764256,42.6919915],[0.6764201,42.6920058],[0.6763716,42.6920596],[0.6763493,42.6920987],[0.6763454,42.6921364],[0.6763555,42.6922194],[0.6763547,42.6922706],[0.6763397,42.6923108],[0.6762464,42.6924167],[0.676209,42.692468],[0.6762054,42.6924976],[0.6762234,42.692597],[0.6762197,42.692659],[0.6761998,42.6927305],[0.6761405,42.6928713],[0.6761213,42.6930157],[0.6760994,42.6932581],[0.6761087,42.693333],[0.6761285,42.6933865],[0.6761571,42.693433],[0.6762487,42.6934907],[0.6762829,42.6935184],[0.6762426,42.6936741],[0.6762072,42.6937048],[0.6761841,42.6937646],[0.6761651,42.6938442],[0.676172,42.6938839],[0.6761933,42.6939303],[0.6762435,42.693988],[0.6762202,42.6940829],[0.6762186,42.6941827],[0.6762093,42.6942014],[0.6761818,42.6942196],[0.6760282,42.6942802],[0.6758587,42.6943404],[0.6757851,42.6943505],[0.6757591,42.6943616],[0.6756645,42.6944396],[0.6755968,42.6944867],[0.6755414,42.6945314],[0.6754965,42.6945852],[0.6754564,42.6946123],[0.6754073,42.6946211],[0.6753234,42.6946166],[0.6751249,42.6945772],[0.6750763,42.6945734],[0.6750184,42.6945893],[0.6749771,42.6946153],[0.674934,42.6946567],[0.6748799,42.6947293],[0.6748525,42.6947745],[0.6748006,42.6948823],[0.6747707,42.694959],[0.6747339,42.6950265],[0.6744232,42.6955397],[0.6743811,42.6956161],[0.6741737,42.6960452],[0.6741528,42.6961409],[0.674154,42.6962939],[0.6741474,42.6963369],[0.6741201,42.696411],[0.6740728,42.6964954],[0.6740556,42.6965598],[0.6740444,42.6966576],[0.6740456,42.6967197],[0.6740554,42.6967784],[0.6740674,42.6968443],[0.6740875,42.6968915],[0.6741212,42.6969318],[0.6741912,42.6969819],[0.6742038,42.697002],[0.67417,42.6970849],[0.6741746,42.697121],[0.6742234,42.697212],[0.6742991,42.6973036],[0.6743332,42.6973952],[0.6743457,42.6974179],[0.6743791,42.6974375],[0.6744202,42.6974465],[0.6744294,42.6974593],[0.6744118,42.6975021],[0.6744242,42.6975599],[0.6744555,42.6975993],[0.6743267,42.6976199],[0.6742971,42.6975968],[0.6742752,42.6975954],[0.6742409,42.6976288],[0.6742333,42.6976673],[0.6742317,42.6977078],[0.6741949,42.6977439],[0.6741398,42.6977795],[0.6741067,42.6978157],[0.6740946,42.6978415],[0.6740979,42.6978812],[0.6740744,42.6979211],[0.6740918,42.6979422],[0.6741509,42.6979588],[0.674151,42.6979885],[0.6741878,42.6980126],[0.6741754,42.6980475],[0.6741675,42.6980941],[0.6741048,42.6981665],[0.6740923,42.6982669],[0.6740283,42.6983123],[0.6739909,42.6983942],[0.6739763,42.6984533],[0.6739736,42.6985207],[0.6739858,42.698583],[0.6739804,42.6986252],[0.6739895,42.6986416],[0.6740517,42.6986726],[0.6740597,42.6986863],[0.6740296,42.6987369],[0.6740187,42.6987951],[0.6739527,42.6989214],[0.6739463,42.6989609],[0.6739486,42.6989951],[0.6739715,42.6990307],[0.6740166,42.6990613],[0.6741184,42.6990779],[0.6741289,42.6990899],[0.6741342,42.6991403],[0.6741572,42.699175],[0.6742618,42.699243],[0.6742739,42.6992774],[0.6742679,42.6993043],[0.6742002,42.6994116],[0.6741944,42.6994655],[0.6742079,42.6995539],[0.6742232,42.6996001],[0.674238,42.6996265],[0.6742712,42.6996497],[0.6743863,42.6996981],[0.6744037,42.6997201],[0.67441,42.6998075],[0.6744193,42.6998499],[0.674453,42.699892],[0.6745012,42.6999372],[0.6745409,42.7000118],[0.674594,42.7000867],[0.6746316,42.7001217],[0.6746747,42.7001415],[0.674688,42.700176],[0.6747012,42.700241],[0.6747123,42.7003915],[0.6747111,42.7004508],[0.674733,42.7004846],[0.6747768,42.7005161],[0.6748383,42.7005346],[0.6749251,42.7005292],[0.6749927,42.7005469],[0.6750114,42.7005671],[0.6750221,42.7006033],[0.6750176,42.7006563],[0.6750274,42.7006862],[0.6750499,42.7007029],[0.6751109,42.7007312],[0.6751765,42.7007686],[0.675183,42.7007885],[0.6751455,42.7008417],[0.6751359,42.7008684],[0.6751365,42.7009458],[0.6751013,42.7010935],[0.6750984,42.7011375],[0.6751077,42.7011781],[0.6751287,42.7012029],[0.6752159,42.7012471],[0.6752572,42.701283],[0.6752767,42.7013122],[0.6752915,42.7013405],[0.6753255,42.7014662],[0.6753827,42.7015907],[0.6754212,42.7016338],[0.6754861,42.7017189],[0.675563,42.7018411],[0.6755637,42.7018834],[0.6755789,42.7019008],[0.6756491,42.7019437],[0.6756867,42.7019796],[0.675698,42.7020014],[0.6757301,42.7021146],[0.6757428,42.7021922],[0.6757937,42.702294],[0.6758225,42.7023351],[0.6758483,42.702422],[0.6758517,42.702459],[0.6758689,42.7024855],[0.6759028,42.7025222],[0.675937,42.7025517],[0.6759727,42.702575],[0.676015,42.7026155],[0.6760267,42.7026589],[0.6760414,42.702688],[0.6762172,42.7029581],[0.6764056,42.7030656],[0.676475,42.7030977],[0.6765079,42.7030984],[0.6766027,42.7030771],[0.6766453,42.703078],[0.6768864,42.7031192],[0.6769516,42.7031341],[0.6770142,42.7031553],[0.6770969,42.7031921],[0.6771733,42.7032343],[0.6773072,42.7033325],[0.6773477,42.7033559],[0.6774806,42.7033876],[0.6775571,42.7033955],[0.6775922,42.7034026],[0.677831,42.7035004],[0.6780932,42.7035924],[0.6782493,42.7036525],[0.6782851,42.7036722],[0.6783123,42.7036952],[0.6783893,42.7037815],[0.678461,42.7038496],[0.6785918,42.7039631],[0.6786737,42.7040197],[0.6788999,42.7041586],[0.6789628,42.7042023],[0.679079,42.7043163],[0.6792343,42.7044591],[0.6793385,42.7045378],[0.6793911,42.7045633],[0.6795807,42.7046105],[0.679612,42.704622],[0.6797311,42.7046921],[0.680061,42.704862],[0.6801607,42.7049316],[0.6802182,42.7049563],[0.6802857,42.7049757],[0.6804396,42.7050025],[0.680538,42.7050118],[0.6806561,42.705017],[0.6806897,42.7050295],[0.68085,42.7051382],[0.6809878,42.7052626],[0.6810589,42.7053442],[0.6810968,42.7054044],[0.6811223,42.705467],[0.6811439,42.7055385],[0.681173,42.7056021],[0.681204,42.7056514],[0.6812869,42.7057143],[0.6813254,42.7057583],[0.6813646,42.7058149],[0.6814502,42.7059616],[0.681486,42.7060434],[0.6815585,42.7061816],[0.6815775,42.7062261],[0.6816035,42.7063094],[0.6816295,42.7064215],[0.6817016,42.7066615],[0.681732,42.7067872],[0.6817568,42.7070225],[0.6817601,42.707215],[0.6817641,42.7072358],[0.681815,42.7073377],[0.6818529,42.7074572],[0.6819201,42.707545],[0.6819848,42.7076975],[0.6820357,42.7077355],[0.6820745,42.7077741],[0.682101,42.7078116],[0.682166,42.707956],[0.6821786,42.7080381],[0.6821962,42.7080565],[0.6822319,42.7080771],[0.6822778,42.7081203],[0.6823209,42.7081698],[0.6824114,42.7082878],[0.6824541,42.7083787],[0.6824505,42.7084695],[0.6824553,42.708502],[0.6824676,42.7085292],[0.6825525,42.7086642],[0.6825987,42.7087282],[0.6826419,42.7088073],[0.6826605,42.7088626],[0.6826651,42.7089005],[0.682647,42.7089253],[0.682567,42.708973],[0.682531,42.7090199],[0.6824967,42.7090552],[0.6824717,42.709069],[0.6824026,42.7090909],[0.6823415,42.7091229],[0.6822672,42.7091824],[0.6822412,42.7092232],[0.6822309,42.709268],[0.6822354,42.7093068],[0.6822499,42.7093421],[0.6821987,42.7093707],[0.6821175,42.7093897],[0.6820273,42.7094192],[0.6819622,42.70946],[0.6819214,42.709505],[0.6819012,42.7095514],[0.6818967,42.7096035],[0.6818899,42.7096213],[0.6818445,42.709659],[0.6817656,42.7097409],[0.6816407,42.7098462],[0.6815061,42.70998],[0.6814052,42.7101226],[0.6813281,42.7102541],[0.6812988,42.710284],[0.6811115,42.7103924],[0.6809779,42.710439],[0.6809369,42.7104597],[0.680893,42.7104902],[0.680847,42.7105117],[0.6807076,42.7105518],[0.6805784,42.7106084],[0.6805282,42.7106145],[0.6804284,42.7106393],[0.6803917,42.710643],[0.6803435,42.7106276],[0.6802848,42.7106003],[0.6802423,42.7105957],[0.6801413,42.7106214],[0.6800503,42.7106392],[0.6799316,42.7106502],[0.6798442,42.7106681],[0.6797676,42.7106943],[0.6796943,42.7107269],[0.6795996,42.7107779],[0.6793708,42.7109169],[0.6792578,42.7109981],[0.6791294,42.7110987],[0.678986,42.7111775],[0.6789319,42.7112195],[0.6789,42.7112548],[0.6788816,42.7112867],[0.6787932,42.7114854],[0.6787511,42.711561],[0.6787279,42.7115928],[0.6786042,42.7116981],[0.6784527,42.7117659],[0.6783813,42.7118111],[0.678359,42.7118214],[0.6782741,42.7118079],[0.6782546,42.7118083],[0.6782158,42.7118327],[0.678188,42.7118564],[0.6781714,42.7119073],[0.6781451,42.7119553],[0.6780922,42.7119964],[0.6780536,42.712045],[0.678021,42.7120686],[0.6779383,42.7120929],[0.6778751,42.7121176],[0.6778426,42.7121367],[0.677797,42.7121807],[0.6777217,42.7122933],[0.6776597,42.7123189],[0.6776123,42.7123458],[0.6775917,42.7123723],[0.6775777,42.7124179],[0.6775209,42.7124347],[0.6774441,42.712496],[0.6773768,42.7125323],[0.6772937,42.7125656],[0.677265,42.7125811],[0.677251,42.7126573],[0.6772259,42.7127053],[0.6771603,42.7127911],[0.6770956,42.7128527],[0.6770406,42.7128875],[0.6769844,42.7129816],[0.6769741,42.7130237],[0.676956,42.7130494],[0.6769205,42.7130837],[0.6768099,42.7132576],[0.6767906,42.7133138],[0.6767709,42.7134087],[0.6767722,42.7134394],[0.676819,42.7135807],[0.6768325,42.7136386],[0.6768364,42.7136926],[0.676826,42.7137095],[0.6767678,42.7137622],[0.6767509,42.7137888],[0.6767033,42.713911],[0.6766429,42.7140176],[0.6765982,42.7140697],[0.6765347,42.7141333],[0.6761761,42.714462],[0.6756187,42.7148428],[0.6754888,42.7150191],[0.6747039,42.7157374],[0.6744621,42.7160625],[0.6741203,42.7164794],[0.6738285,42.7169295],[0.6737535,42.7173964],[0.6738702,42.7178132],[0.6741953,42.718205],[0.6745464,42.7185927],[0.6748169,42.7189343],[0.6749646,42.7190553],[0.6750505,42.7191336],[0.6750867,42.7191731],[0.6751075,42.7192041],[0.6751257,42.7192666],[0.6751416,42.7192957],[0.6752532,42.7193728],[0.6755115,42.7195646],[0.6756781,42.7196987],[0.6758654,42.7198961],[0.6761341,42.7201637],[0.6763944,42.720396],[0.6766305,42.7205954],[0.6767187,42.7206774],[0.6767502,42.7207123],[0.6768058,42.7207881],[0.676941,42.7208846],[0.6769941,42.7209299],[0.6771371,42.721076],[0.6773122,42.7212435],[0.6773911,42.7213127],[0.6774918,42.7213886],[0.6776723,42.7215131],[0.6778758,42.7216416],[0.6780725,42.7217565],[0.6784895,42.7219742],[0.6787086,42.7220806],[0.6790464,42.7222346],[0.6791933,42.7223151],[0.6794144,42.7224611],[0.679503,42.7225323],[0.6796033,42.722619],[0.6796816,42.7227044],[0.6797676,42.7228124],[0.6798228,42.7228955],[0.6798588,42.7229718],[0.6798712,42.7230296],[0.679887,42.7231838],[0.6798961,42.7232317],[0.6799044,42.7232363],[0.680042,42.7232429],[0.6801739,42.7232511],[0.6800605,42.7232694],[0.6800193,42.7232919],[0.6799774,42.7233342],[0.6799056,42.7233902],[0.6798843,42.7234041],[0.679755,42.7234661],[0.6796949,42.7235035],[0.6795841,42.7235892],[0.6794812,42.7236913],[0.6794113,42.7237932],[0.6793409,42.7238754],[0.679329,42.7238994],[0.679345,42.7239564],[0.6793147,42.7239513],[0.6792878,42.7239543],[0.6792688,42.7239719],[0.6792063,42.7239777],[0.6791497,42.72399],[0.6791219,42.7240145],[0.6790858,42.7240309],[0.6790403,42.7240398],[0.6789721,42.7240374],[0.6789451,42.7240422],[0.6789249,42.724058],[0.6789027,42.7241258],[0.6788434,42.724237],[0.678859,42.7242742],[0.6786981,42.7243625],[0.6786546,42.7244119],[0.6786372,42.7244502],[0.6786403,42.7244952],[0.678663,42.7245695],[0.6786639,42.7246082],[0.6786447,42.7246923],[0.6786302,42.724719],[0.6785644,42.7247778],[0.6785394,42.7248223],[0.6785129,42.7249072],[0.6785115,42.7249404],[0.6785229,42.7249613],[0.6785696,42.7249839],[0.6785897,42.7249997],[0.6786034,42.7250548],[0.6786647,42.7251074],[0.6786798,42.7251258],[0.6786581,42.7251811],[0.6786574,42.725199],[0.6786711,42.7252227],[0.6786776,42.7252723],[0.678702,42.7253043],[0.6787015,42.7253169],[0.6786673,42.7253486],[0.678655,42.7253816],[0.6786539,42.7254076],[0.6786615,42.7254312],[0.6786559,42.7254509],[0.6785906,42.725498],[0.6785732,42.7255354],[0.6785654,42.7255775],[0.6785634,42.7256584],[0.678577,42.7257451],[0.6786007,42.7258239],[0.6786467,42.7259256],[0.6786869,42.7259894],[0.6787013,42.7260248],[0.6786977,42.7260544],[0.6786796,42.7260801],[0.6785964,42.7261467],[0.6783724,42.7262579],[0.6783277,42.7262758],[0.6782475,42.7263001],[0.6782027,42.7263199],[0.6781627,42.726346],[0.678111,42.726388],[0.6780942,42.726411],[0.6780846,42.726436],[0.6780316,42.7264808],[0.6780032,42.7265215],[0.6779668,42.7265459],[0.6779399,42.7265777],[0.6778816,42.7266016],[0.677856,42.7266326],[0.6778273,42.7266787],[0.6777971,42.7267617],[0.6777932,42.7267985],[0.6778003,42.7268364],[0.6778278,42.7268793],[0.6778374,42.7269146],[0.6778361,42.726947],[0.6778238,42.7270106],[0.6777965,42.7270837],[0.6777886,42.7271294],[0.6777937,42.7272159],[0.6778184,42.7272983],[0.6778205,42.7273379],[0.6777909,42.7274065],[0.6777517,42.7274426],[0.6776361,42.7274949],[0.6776107,42.7275196],[0.6775991,42.727567],[0.6775975,42.7276065],[0.6775879,42.7276333],[0.6775629,42.7276471],[0.6775093,42.7276451],[0.677492,42.7276519],[0.6771086,42.7279944],[0.6770006,42.7280712],[0.6767806,42.7282041],[0.67673,42.7282479],[0.676671,42.7283222],[0.6765953,42.7284438],[0.6765536,42.7284807],[0.6765051,42.7285039],[0.6763388,42.7285435],[0.6761735,42.7285885],[0.6759891,42.7286537],[0.6758416,42.7287108],[0.6757728,42.7287543],[0.6756293,42.7288942],[0.6754331,42.7290123],[0.6753548,42.7290483],[0.6752346,42.7290943],[0.6751124,42.7291285],[0.6749454,42.7291861],[0.6747609,42.7292837],[0.6747115,42.7292988],[0.6746378,42.7293107],[0.6744948,42.7293166],[0.6743879,42.7293674],[0.6743334,42.729386],[0.6742258,42.7293935],[0.6741517,42.7294162],[0.6740917,42.7294212],[0.6740505,42.7294437],[0.6740052,42.7294778],[0.6739671,42.7294842],[0.6739073,42.7294847],[0.6736942,42.7295358],[0.6733846,42.7295893],[0.6732576,42.7296235],[0.6731616,42.7296439],[0.6730108,42.7297224],[0.6729517,42.7297365],[0.6728588,42.7297398],[0.6727022,42.7297517],[0.6725415,42.7297734],[0.6723678,42.7298128],[0.672247,42.7298444],[0.6719835,42.7299349],[0.6718763,42.729991],[0.6717471,42.73008],[0.6715275,42.730202],[0.6712697,42.7303331],[0.6711498,42.7304007],[0.6708845,42.7305371],[0.6707958,42.7305873],[0.6706654,42.7306762],[0.670596,42.7307323],[0.6705247,42.7308063],[0.6704537,42.7309055],[0.6704266,42.7309724],[0.6704076,42.7310502],[0.6703728,42.73125],[0.6703707,42.7313128],[0.6703639,42.7314405],[0.6703009,42.7315831],[0.6702737,42.7316824],[0.6702511,42.7317277],[0.6702269,42.7317533],[0.6700499,42.7318772],[0.6699061,42.7319334],[0.6698461,42.7319699],[0.6697869,42.7320154],[0.6697423,42.732063],[0.6697044,42.7321269],[0.669697,42.73216],[0.6696948,42.732214],[0.6696808,42.7322586],[0.6696431,42.732346],[0.6696465,42.7323829],[0.6696608,42.7324237],[0.6696357,42.7325023],[0.6696317,42.7325409],[0.669636,42.732586],[0.6696828,42.7326653],[0.6697296,42.7327158],[0.6697454,42.7327476],[0.6697535,42.73279],[0.6697657,42.73282],[0.6697887,42.7328547],[0.6698482,42.7328937],[0.6698903,42.7329378],[0.6699116,42.7329851],[0.6699764,42.7330746],[0.670002,42.7331364],[0.6700567,42.7332329],[0.6700448,42.7332542],[0.6699624,42.7333316],[0.6699029,42.7333555],[0.6698465,42.7333929],[0.669813,42.7334372],[0.6697797,42.7335075],[0.6697659,42.7335756],[0.6697703,42.7336189],[0.6697889,42.7336723],[0.6697899,42.7337686],[0.6697956,42.7338101],[0.6698113,42.7338437],[0.6698428,42.7338804],[0.6699361,42.733958],[0.6699542,42.7339926],[0.6699768,42.7340686],[0.6699982,42.7341132],[0.6700248,42.7341515],[0.6700282,42.7341867],[0.670025,42.7342064],[0.6699915,42.7342497],[0.669604,42.7345417],[0.6695328,42.7345843],[0.6691778,42.7347331],[0.6690944,42.7347744],[0.6690381,42.7348101],[0.6689886,42.7348567],[0.6689321,42.7349283],[0.6688415,42.7350568],[0.6687486,42.7351528],[0.6687011,42.7352093],[0.6686662,42.7352589],[0.6686295,42.7352923],[0.6685847,42.7353453],[0.6685572,42.7353906],[0.6685381,42.7354415],[0.6684868,42.7355024],[0.6684711,42.735529],[0.6684558,42.7356061],[0.6684112,42.7357148],[0.6683727,42.7359758],[0.6682817,42.7359639],[0.6682436,42.7359685],[0.6681636,42.7360171],[0.6680854,42.7360514],[0.6680276,42.7360906],[0.6679291,42.7361739],[0.6678845,42.7361909],[0.6677468,42.7362779],[0.6675907,42.736368],[0.6675364,42.7364136],[0.6675163,42.7364258],[0.6674578,42.7364245],[0.6673998,42.7364412],[0.6672867,42.7364936],[0.6672266,42.7365319],[0.6671669,42.7365891],[0.6671383,42.7366325],[0.6670408,42.7368427],[0.6669988,42.7369461],[0.6669734,42.7370328],[0.6669547,42.7371332],[0.6669529,42.7373922],[0.6669196,42.7375228],[0.6669026,42.7376115],[0.6669005,42.7376942],[0.6669188,42.7377845],[0.6669443,42.7378795],[0.66697,42.7379404],[0.6670382,42.7380651],[0.6670979,42.738159],[0.6671547,42.7382331],[0.6673293,42.7383836],[0.6674216,42.7384548],[0.6674558,42.7384913],[0.667452,42.7385194],[0.6674335,42.7385522],[0.6674071,42.7385724],[0.6672722,42.7386207],[0.667181,42.7386736],[0.6670519,42.7387571],[0.6668449,42.7388668],[0.6667768,42.738922],[0.6667293,42.7389804],[0.6666938,42.7390453],[0.6665932,42.7391492],[0.6665326,42.7392001],[0.6665191,42.7393545],[0.6665248,42.7393951],[0.6665498,42.7394415],[0.6666714,42.7396331],[0.6666856,42.7396756],[0.6666853,42.7397134],[0.6666672,42.73974],[0.6666356,42.7397654],[0.6665204,42.7398403],[0.6665033,42.7398696],[0.6664749,42.73994],[0.6664641,42.7399947],[0.6664701,42.7400587],[0.6664882,42.7400941],[0.6665141,42.740119],[0.6666055,42.7401507],[0.6666547,42.7401733],[0.6666757,42.7401972],[0.6666781,42.7402278],[0.6666649,42.7402527],[0.6665928,42.7403456],[0.666561,42.7404087],[0.6665609,42.740442],[0.6665819,42.7404956],[0.6666327,42.7405686],[0.6666949,42.7406905],[0.6667466,42.7407717],[0.6668764,42.7409122],[0.6669358,42.7409539],[0.6670146,42.7409979],[0.6670724,42.7410478],[0.667143,42.741142],[0.6671517,42.74117],[0.6671322,42.7411993],[0.6670914,42.7412425],[0.6670755,42.7412745],[0.667071,42.7412951],[0.6670718,42.7413356],[0.6670814,42.74137],[0.6671189,42.7414086],[0.6671691,42.741434],[0.667172,42.7414529],[0.6671442,42.7414784],[0.6671002,42.7415089],[0.6669788,42.7415854],[0.6669369,42.7415944],[0.6668979,42.7415936],[0.6668464,42.7415691],[0.6668059,42.7415448],[0.6667657,42.741543],[0.666703,42.7415533],[0.6666681,42.7415733],[0.6666451,42.7415989],[0.6666242,42.7416326],[0.6665962,42.7416617],[0.6665364,42.7416909],[0.6663466,42.7418595],[0.6662752,42.7419047],[0.666232,42.7419173],[0.6661671,42.7419231],[0.6660932,42.7419089],[0.6659099,42.7418545],[0.6657741,42.7418335],[0.6656995,42.7418364],[0.6654772,42.7418729],[0.6653451,42.7418791],[0.6652233,42.7419043],[0.6650765,42.7419443],[0.6649768,42.7419646],[0.664852,42.7419718],[0.6647196,42.7419887],[0.6646724,42.7420092],[0.6646357,42.7420408],[0.6645282,42.7420726],[0.664405,42.7421329],[0.6642439,42.7421933],[0.6641763,42.7422368],[0.6640879,42.7423095],[0.6638602,42.7425105],[0.6637461,42.7426178],[0.6634302,42.7429464],[0.6633572,42.7430312],[0.663304,42.743111],[0.6632605,42.7431919],[0.6632269,42.7432685],[0.6632174,42.7433223],[0.6632287,42.7434062],[0.6632127,42.74344],[0.6632006,42.7434982],[0.6631981,42.7435584],[0.6632069,42.7435838],[0.6632499,42.7436378],[0.6633299,42.7437124],[0.6632471,42.7437367],[0.6632148,42.7437504],[0.6631944,42.7437733],[0.6631766,42.7438224],[0.663171,42.7438709],[0.6631268,42.7439383],[0.66311,42.7439919],[0.6631065,42.7440476],[0.6631257,42.7441164],[0.6631275,42.7441623],[0.6630604,42.7443452],[0.6630554,42.744409],[0.6630646,42.7444838],[0.663061,42.7445431],[0.6630699,42.7446234],[0.6630888,42.7446706],[0.6631165,42.744709],[0.6631614,42.7447477],[0.6631402,42.7447877],[0.6630404,42.7448719],[0.6629981,42.7448935],[0.662966,42.7449027],[0.6629427,42.7449363],[0.6628995,42.7449768],[0.6627969,42.7450393],[0.6627379,42.7450821],[0.6627323,42.7450982],[0.6627955,42.7451967],[0.662809,42.7452258],[0.6627932,42.7452551],[0.6627855,42.7452945],[0.6628085,42.7453886],[0.6628086,42.7454174],[0.6627829,42.7454492],[0.6627113,42.7454998],[0.6626771,42.7455323],[0.662665,42.7455591],[0.6626719,42.7456609],[0.6626929,42.7457153],[0.6627551,42.7458066],[0.6627647,42.7459031],[0.6627924,42.7460332],[0.6627939,42.7460872],[0.6628254,42.7461527],[0.6628323,42.7461942],[0.6628376,42.7463661],[0.6628481,42.7464086],[0.6629051,42.7465088],[0.6629445,42.7465924],[0.6629695,42.7466676],[0.6629915,42.746759],[0.6630688,42.7468992],[0.6631119,42.7469505],[0.6632378,42.7470387],[0.663302,42.7471112],[0.663362,42.747197],[0.6633994,42.7472383],[0.6634487,42.7473177],[0.6635192,42.7473849],[0.6638811,42.747614],[0.6640416,42.7477201],[0.6640898,42.7477652],[0.6641182,42.747818],[0.6641089,42.7478756],[0.663818,42.7483161],[0.6637538,42.7487127],[0.6637424,42.7494629],[0.6633703,42.7496714],[0.6630268,42.7498495],[0.6628887,42.7499499],[0.6628338,42.7499858],[0.662727,42.7500914],[0.6626955,42.7501159],[0.6625643,42.7501607],[0.6625116,42.7501964],[0.6624805,42.750211],[0.6624082,42.7502185],[0.6621602,42.7502868],[0.6620248,42.7503135],[0.6619811,42.7503396],[0.6619544,42.7503651],[0.6617771,42.7504044],[0.6616523,42.7504403],[0.6615578,42.7504832],[0.6613845,42.7505991],[0.6613004,42.750662],[0.6612045,42.7507418],[0.6610733,42.7508784],[0.6609676,42.7510173],[0.6609283,42.751083],[0.6608964,42.7511498],[0.6608661,42.7512345],[0.6608376,42.7513653],[0.6608209,42.7514773],[0.6608084,42.751576],[0.6608076,42.7516561],[0.6608149,42.7517174],[0.6608226,42.75174],[0.6608471,42.7517972],[0.6608976,42.7518728],[0.6605993,42.7519196],[0.6604234,42.7519544],[0.6603182,42.7519899],[0.6601636,42.7520702],[0.6599708,42.7521604],[0.6598372,42.7522043],[0.6597694,42.7522199],[0.6595423,42.7522352],[0.6594818,42.7522345],[0.6473148,42.7514457],[0.6392796,42.7548651],[0.6399549,42.7546901],[0.6404551,42.7545483],[0.6410553,42.7544233],[0.6415222,42.754465],[0.6419702,42.7546312],[0.6420266,42.7546616],[0.6421337,42.7546388],[0.6421863,42.7546364],[0.6422716,42.7546409],[0.6423554,42.7546509],[0.6424692,42.7546741],[0.6427491,42.7547549],[0.6430119,42.7548677],[0.6433131,42.7549346],[0.643634,42.7549975],[0.6437373,42.7550087],[0.643853,42.7550158],[0.6439385,42.7550141],[0.6440604,42.7550194],[0.6441309,42.7550273],[0.6441814,42.7550446],[0.6442231,42.7550698],[0.6443093,42.7551427],[0.6444519,42.7551792],[0.6445491,42.75522],[0.6446421,42.7552742],[0.6447479,42.7553449],[0.6448439,42.7554163],[0.6449537,42.7555068],[0.6450158,42.7555406],[0.6450676,42.755557],[0.6452603,42.7555927],[0.645479,42.7555885],[0.6455544,42.7555956],[0.6457108,42.7556206],[0.6457758,42.7556436],[0.6460438,42.755807],[0.6462021,42.7559373],[0.646265,42.7560124],[0.646309,42.7560728],[0.6464,42.7562673],[0.6466211,42.7565942],[0.6470143,42.7569833],[0.6476036,42.7577753],[0.6479718,42.7581822],[0.6481659,42.758241],[0.6489513,42.7584102],[0.6500613,42.7602364],[0.6505819,42.7614082],[0.6509132,42.7623645],[0.6510926,42.7632725],[0.6509469,42.7636405],[0.6500884,42.764106],[0.6499435,42.7643222],[0.6502393,42.7646319],[0.6505516,42.7651775],[0.6509429,42.7653769],[0.6524817,42.7663833],[0.6540006,42.7670289],[0.6542634,42.7672752],[0.6546139,42.7674617],[0.6553352,42.768339],[0.6556714,42.7685396],[0.6567703,42.7686516],[0.6570732,42.7684458],[0.6575597,42.7683644],[0.6582885,42.7681461],[0.6585645,42.7681524],[0.6592149,42.768325],[0.6596935,42.7684688],[0.6598897,42.7686736],[0.6599405,42.7687977],[0.6599964,42.7689708],[0.6600545,42.7691065],[0.6601629,42.7690873],[0.661004,42.7693904],[0.6622965,42.7700105],[0.6637566,42.7711704],[0.6644009,42.7714365],[0.66512,42.7725495],[0.6657395,42.7735964],[0.6658118,42.7742053],[0.6666437,42.7749207],[0.6672227,42.7751124],[0.6668101,42.7754055],[0.6655838,42.7756559],[0.6643225,42.7757165],[0.6629851,42.7756325],[0.6617879,42.7759176],[0.6603806,42.7759337],[0.6598797,42.7758021],[0.6592639,42.7758394],[0.6592281,42.7761823],[0.6569878,42.7772818],[0.6560127,42.7772667],[0.6547017,42.7768917],[0.6541959,42.7769571],[0.6537929,42.7773216],[0.6533738,42.7774492],[0.6516307,42.7776745],[0.6505996,42.7784103],[0.6504864,42.7784923],[0.6504231,42.7785467],[0.6503529,42.7786226],[0.6503214,42.7786767],[0.650305,42.7787214],[0.6502869,42.7788055],[0.6502652,42.7789508],[0.6502489,42.7789909],[0.6502119,42.7790306],[0.6500783,42.7790726],[0.6499426,42.7791074],[0.649831,42.7791473],[0.6497139,42.7792059],[0.649645,42.7792475],[0.6495281,42.7793295],[0.6494812,42.7793726],[0.6494463,42.7794213],[0.6494422,42.7794626],[0.6494528,42.7795024],[0.6494913,42.7795455],[0.6495212,42.779592],[0.6495552,42.7797187],[0.6495569,42.7797664],[0.6495364,42.7798191],[0.649462,42.7799092],[0.6494544,42.7799459],[0.6494611,42.7799919],[0.6494825,42.7800347],[0.6495523,42.7800911],[0.6495648,42.7801147],[0.6495562,42.7801469],[0.6495019,42.780251],[0.6494829,42.7802983],[0.6494993,42.780376],[0.6494755,42.7804204],[0.6494505,42.7804352],[0.6493434,42.7804247],[0.6492651,42.7804284],[0.6491532,42.7804485],[0.6491095,42.7804727],[0.649076,42.7805142],[0.6490689,42.7805707],[0.6490482,42.7806288],[0.6489488,42.7807615],[0.6488407,42.7808671],[0.6487961,42.7808991],[0.6487128,42.7809497],[0.6486091,42.7810986],[0.648581,42.7811304],[0.6484903,42.7811976],[0.6484457,42.7812443],[0.6483896,42.7813331],[0.6483626,42.7813667],[0.6483232,42.7814054],[0.6482024,42.7815539],[0.6480609,42.7816992],[0.6478839,42.7818482],[0.647816,42.781898],[0.6475994,42.7820283],[0.6475317,42.7821032],[0.6474889,42.7821346],[0.6474018,42.7821732],[0.6472806,42.7822119],[0.6471093,42.7822504],[0.6470088,42.7822887],[0.6469291,42.7823265],[0.6465858,42.7825115],[0.6465475,42.7825223],[0.6463381,42.7825357],[0.6462815,42.7825462],[0.6462109,42.7825698],[0.6461585,42.7825975],[0.6461208,42.7826236],[0.6460583,42.7826591],[0.6458581,42.7827483],[0.6457779,42.7827681],[0.6456192,42.7827961],[0.6455214,42.7828299],[0.6453186,42.7828615],[0.6452743,42.7828878],[0.6449126,42.7829608],[0.6448223,42.782984],[0.6451462,42.7831689],[0.6452076,42.7831892],[0.6453346,42.7832504],[0.645366,42.7832601],[0.645412,42.7832683],[0.6454288,42.7832777],[0.6455053,42.7833468],[0.6455446,42.783372],[0.6455758,42.7833853],[0.6456098,42.7833914],[0.6456857,42.7833905],[0.6455924,42.7834594],[0.6455555,42.7834964],[0.645551,42.7835161],[0.645562,42.7835469],[0.6455917,42.7835655],[0.6457157,42.7836105],[0.6457979,42.7836627],[0.6458863,42.7837114],[0.6459745,42.7837341],[0.6461481,42.783758],[0.6461768,42.7837763],[0.6462179,42.783815],[0.6462454,42.7838597],[0.6462947,42.7839696],[0.6463462,42.7840544],[0.6464028,42.7841357],[0.6464869,42.7842311],[0.64672,42.7844152],[0.6467565,42.7844484],[0.6469329,42.7846781],[0.6470227,42.7847817],[0.6471445,42.7848806],[0.6472027,42.7849206],[0.6472839,42.7849674],[0.6473835,42.7850109],[0.6474834,42.7850473],[0.6475909,42.7851063],[0.6476418,42.7851258],[0.6476866,42.7851264],[0.6478117,42.7851121],[0.6478505,42.785121],[0.6480018,42.7851837],[0.6481215,42.7852142],[0.6481725,42.7852208],[0.6484149,42.785236],[0.6488124,42.7852519],[0.6490349,42.7852172],[0.6491155,42.7852163],[0.649194,42.7852387],[0.6493095,42.7852817],[0.6493531,42.7852898],[0.6494701,42.7852978],[0.6495823,42.7853003],[0.6496877,42.7852927],[0.6497519,42.7852752],[0.6498644,42.7852417],[0.650251,42.7851044],[0.6503027,42.7850939],[0.6504928,42.7850737],[0.6506211,42.7850669],[0.6505351,42.785116],[0.6505045,42.7851469],[0.6504842,42.7851968],[0.6504746,42.7852515],[0.6504708,42.7853755],[0.6505048,42.7855022],[0.6505569,42.7856644],[0.6505965,42.7857426],[0.6506528,42.7858302],[0.6507142,42.7859107],[0.6508765,42.7860672],[0.6509664,42.786169],[0.6511188,42.7863271],[0.6513431,42.7865497],[0.6514862,42.7866653],[0.6517355,42.7868416],[0.651925,42.7869888],[0.6519928,42.7870632],[0.6521155,42.7872323],[0.6521702,42.7872974],[0.6522395,42.7873672],[0.6523116,42.7874264],[0.6524917,42.7875626],[0.6525452,42.7875939],[0.6525832,42.7876258],[0.6526169,42.7876688],[0.6526387,42.7877331],[0.6526539,42.7878117],[0.6526599,42.7879045],[0.6526543,42.788105],[0.6526826,42.7882495],[0.6527081,42.788314],[0.6527533,42.7884049],[0.6528427,42.7885508],[0.6528823,42.7886281],[0.6529083,42.7887097],[0.6529368,42.7888821],[0.6529598,42.7889771],[0.6529733,42.789007],[0.6530406,42.7891246],[0.6530778,42.7892306],[0.6530994,42.7892716],[0.6531156,42.7892926],[0.6532285,42.7894013],[0.653444,42.7896003],[0.6534812,42.789647],[0.6536833,42.7899391],[0.6537161,42.7900308],[0.6537456,42.7901475],[0.653765,42.7902712],[0.653766,42.790336],[0.6537587,42.7903961],[0.6537433,42.7904461],[0.6537016,42.7905397],[0.6536889,42.7905826],[0.6536945,42.7906259],[0.6537145,42.790674],[0.6537749,42.7907509],[0.6537862,42.7907736],[0.6537753,42.7908022],[0.6537534,42.7908314],[0.6537473,42.7908618],[0.6537509,42.7908925],[0.6537673,42.7909405],[0.6537866,42.7909778],[0.6538145,42.7910117],[0.653888,42.7910664],[0.6538641,42.7911154],[0.6538487,42.7911627],[0.6538461,42.7911977],[0.6538612,42.7912763],[0.6539002,42.7913995],[0.6539262,42.791634],[0.6539356,42.7916738],[0.6539797,42.7917305],[0.6540016,42.791794],[0.6540773,42.7918856],[0.6541536,42.791961],[0.6541732,42.7920199],[0.6541806,42.7920785],[0.6542128,42.7922196],[0.6542377,42.7922678],[0.6542639,42.7922855],[0.6543937,42.7923387],[0.6544054,42.7923506],[0.654595,42.7925869],[0.6547286,42.792785],[0.654865,42.7929184],[0.6549373,42.7930019],[0.6549792,42.7930532],[0.6550554,42.7931628],[0.6552301,42.7932844],[0.6552642,42.7933176],[0.6552908,42.7933541],[0.6553064,42.7933905],[0.6553294,42.7934863],[0.6553526,42.793548],[0.6553791,42.7935864],[0.6554061,42.7936139],[0.6554312,42.7936271],[0.6555048,42.7936512],[0.6559296,42.793718],[0.65603,42.7937418],[0.6560823,42.7937484],[0.6561325,42.793745],[0.6561856,42.7937299],[0.656248,42.7937286],[0.6563148,42.7937373],[0.6563789,42.793754],[0.6564794,42.7938047],[0.6565219,42.7938407],[0.656618,42.7939733],[0.6566281,42.7939942],[0.6566406,42.7940493],[0.656761,42.7942436],[0.6567835,42.7942937],[0.6568172,42.7943348],[0.6569286,42.794509],[0.6569682,42.7945576],[0.6570072,42.7945908],[0.6570878,42.7946214],[0.6571043,42.7946658],[0.6571219,42.7946842],[0.6571872,42.7947297],[0.6572011,42.7947489],[0.6572258,42.7948331],[0.6572553,42.7948895],[0.6572889,42.7949343],[0.6573125,42.7949555],[0.6573306,42.7949622],[0.6573766,42.7949704],[0.6574043,42.7949818],[0.6574429,42.7950249],[0.6574749,42.795049],[0.6575252,42.7950726],[0.6576113,42.7950889],[0.657665,42.7951206],[0.6577421,42.7951457],[0.6577612,42.7951578],[0.6577536,42.7952566],[0.6577567,42.795299],[0.6577989,42.7954951],[0.6579454,42.7958311],[0.6579722,42.7959541],[0.6580315,42.7961497],[0.6580632,42.7962209],[0.6581236,42.7962596],[0.6581435,42.7962808],[0.6581648,42.7963289],[0.6581907,42.796352],[0.6582116,42.7963794],[0.6582319,42.7964212],[0.6582364,42.7964609],[0.6582565,42.7965072],[0.6582874,42.7965601],[0.6584867,42.7967965],[0.6585891,42.7968644],[0.6586186,42.7968903],[0.6587211,42.7970139],[0.6589243,42.7971848],[0.6589618,42.7972243],[0.6589895,42.7972654],[0.6590923,42.7975015],[0.6591788,42.7976599],[0.6592381,42.7977647],[0.6593148,42.7978608],[0.6593523,42.7979003],[0.6595674,42.7980499],[0.6596408,42.7981072],[0.6598457,42.7982988],[0.6598935,42.7983241],[0.6599951,42.7983489],[0.660199,42.798383],[0.6603068,42.798406],[0.6604323,42.798443],[0.6604583,42.7984354],[0.6604842,42.7984],[0.6605353,42.7983121],[0.6606161,42.7982176],[0.66064,42.7981992],[0.6606761,42.7981829],[0.6607473,42.798188],[0.6608031,42.7981839],[0.660891,42.7981867],[0.6609491,42.7981997],[0.6612752,42.7982922],[0.6613542,42.798302],[0.661447,42.7983032],[0.661571,42.7982879],[0.6616124,42.7982897],[0.6616837,42.798311],[0.6617491,42.7983242],[0.6621435,42.7983292],[0.6622292,42.7983238],[0.6623497,42.7983031],[0.6624059,42.7983034],[0.6625603,42.7983221],[0.6625978,42.7983319],[0.6626911,42.7983798],[0.6628229,42.7984141],[0.6628832,42.7984343],[0.6631117,42.7985221],[0.6631389,42.7985452],[0.6631701,42.798589],[0.6632166,42.7986188],[0.6633195,42.7986715],[0.6634132,42.7987113],[0.6635616,42.7987559],[0.6636008,42.7987837],[0.6636361,42.7988187],[0.6637145,42.7988735],[0.6637736,42.7989233],[0.6638235,42.7989586],[0.6639178,42.7990137],[0.6640064,42.7990885],[0.6640541,42.7991462],[0.6640888,42.7991641],[0.6641574,42.7991899],[0.6641999,42.799198],[0.6642696,42.799195],[0.6643355,42.7991983],[0.6644125,42.799226],[0.6645077,42.7992299],[0.6645486,42.7992434],[0.6646501,42.7993023],[0.664708,42.7993197],[0.6648464,42.7993416],[0.6649845,42.7993707],[0.6650762,42.7993988],[0.6651767,42.7994532],[0.6652382,42.7995022],[0.66536,42.7996335],[0.6654465,42.7996992],[0.6655616,42.7997548],[0.6657131,42.7998148],[0.6658854,42.7999049],[0.6659601,42.7999308],[0.6660558,42.7999491],[0.6661082,42.7999538],[0.6661511,42.7999809],[0.6662194,42.8000426],[0.666284,42.8001376],[0.6663246,42.8002239],[0.6663533,42.8002983],[0.6663661,42.8003445],[0.6664623,42.8005957],[0.666519,42.8007661],[0.6665605,42.8008273],[0.6666193,42.8008852],[0.6667454,42.8009707],[0.6669319,42.801071],[0.6669913,42.8011137],[0.6670538,42.8011682],[0.6671662,42.8012911],[0.6672181,42.8013372],[0.6672656,42.8013716],[0.667329,42.8014044],[0.667392,42.8014175],[0.6674722,42.8014273],[0.6675144,42.8014418],[0.6675668,42.8014753],[0.667598,42.8014903],[0.6676477,42.8014986],[0.6679112,42.8014792],[0.6679812,42.801469],[0.6680486,42.8014642],[0.6681336,42.8014768],[0.6682019,42.8014792],[0.6682499,42.8014712],[0.6682957,42.8015154],[0.6683449,42.8015381],[0.6684477,42.8015646],[0.6686159,42.8016348],[0.6687125,42.801663],[0.6688754,42.8016837],[0.6689312,42.8016939],[0.6689815,42.8017183],[0.6690622,42.8017462],[0.6693307,42.8018132],[0.6694496,42.8018356],[0.6695372,42.8018735],[0.669626,42.8019456],[0.6696577,42.8019824],[0.6696797,42.8020079],[0.6698177,42.8022205],[0.6698505,42.8022869],[0.6698932,42.8024093],[0.6699144,42.8024898],[0.6699328,42.8026098],[0.669928,42.80267],[0.6698957,42.8028654],[0.669893,42.8029643],[0.6699051,42.8029978],[0.6699359,42.803021],[0.6699933,42.8030816],[0.6700205,42.8031344],[0.6700304,42.8032533],[0.670039,42.8032841],[0.6700642,42.803326],[0.6701133,42.8033811],[0.6701805,42.803441],[0.6702036,42.8034739],[0.6702524,42.8035991],[0.670318,42.8036995],[0.6703532,42.8037353],[0.6704689,42.8038035],[0.6704981,42.8038374],[0.6705261,42.8039028],[0.6705548,42.8039475],[0.6706838,42.804204],[0.6708178,42.8045488],[0.6708301,42.8046075],[0.6708315,42.8046633],[0.6708167,42.8047592],[0.6707553,42.804981],[0.6707525,42.8050817],[0.6707789,42.8053377],[0.6707779,42.8054223],[0.6707508,42.8056115],[0.6707325,42.8056705],[0.6707309,42.8057127],[0.6707906,42.8059587],[0.6707936,42.8060056],[0.670775,42.8060429],[0.6707373,42.80607],[0.670634,42.8061172],[0.670546,42.8061783],[0.6704413,42.8062615],[0.6704,42.8062849],[0.6702358,42.8063299],[0.6700932,42.8064104],[0.6700485,42.8064589],[0.6699614,42.8065902],[0.6699002,42.8066554],[0.669747,42.8067879],[0.6696827,42.8068387],[0.6696073,42.806891],[0.6695449,42.8069536],[0.6695097,42.8070095],[0.6694941,42.8070622],[0.6694794,42.8071545],[0.6694638,42.8072091],[0.66938,42.8074097],[0.6693441,42.8074826],[0.6693207,42.8075172],[0.6692209,42.8076293],[0.6691037,42.8077482],[0.6690608,42.8078129],[0.6690381,42.807861],[0.6690248,42.8079183],[0.6690214,42.8079731],[0.669035,42.8080912],[0.6690327,42.8081191],[0.6689832,42.8081945],[0.6689695,42.808232],[0.6689802,42.8082709],[0.6690227,42.8083384],[0.6690665,42.8084329],[0.669073,42.8084834],[0.6690628,42.8085245],[0.6689054,42.8087325],[0.6688157,42.8088367],[0.6687506,42.8089379],[0.6686483,42.809112],[0.668478,42.8094294],[0.6683818,42.8096648],[0.6682896,42.8098301],[0.6682522,42.8098788],[0.6681808,42.8099537],[0.667897,42.8102066],[0.6676201,42.8104381],[0.6674208,42.8106253],[0.667334,42.8107179],[0.6672705,42.8107759],[0.6671915,42.8108282],[0.6671192,42.8108626],[0.666946,42.8109173],[0.6668692,42.8109723],[0.6668034,42.8110302],[0.6666791,42.8111733],[0.6666171,42.8112259],[0.6665244,42.8113453],[0.6664772,42.8113947],[0.6663484,42.8115583],[0.6663244,42.8115793],[0.6662414,42.8116981],[0.66619,42.8117599],[0.6661215,42.8118547],[0.6660688,42.811948],[0.6660367,42.8119887],[0.6659725,42.8120359],[0.6659163,42.8120949],[0.665848,42.8121528],[0.6657103,42.8122362],[0.6656707,42.8122794],[0.665647,42.8123211],[0.6656501,42.8123653],[0.6656694,42.8124017],[0.6656275,42.8125015],[0.6656184,42.8125472],[0.665608,42.8126522],[0.665594,42.8126969],[0.6655784,42.8127218],[0.6654349,42.8128563],[0.6653837,42.8129127],[0.6653433,42.8129757],[0.665272,42.8131091],[0.6652582,42.8131484],[0.6652504,42.8132499],[0.6652117,42.8132706],[0.6651552,42.8133099],[0.6651231,42.8133479],[0.665108,42.813388],[0.665107,42.8134744],[0.6651002,42.8134931],[0.6649159,42.8137005],[0.6649699,42.8137862],[0.6650113,42.8138798],[0.6650317,42.8139513],[0.6650358,42.8140602],[0.6650107,42.8143512],[0.6650088,42.8144582],[0.6650363,42.8146882],[0.6650606,42.8148416],[0.6650641,42.8149074],[0.6650533,42.8149647],[0.6650364,42.8150201],[0.6650277,42.8151135],[0.6650185,42.815161],[0.6649383,42.8153022],[0.6649373,42.815358],[0.6649509,42.8154132],[0.664988,42.815494],[0.665042,42.8155798],[0.6651871,42.8157692],[0.665253,42.8158327],[0.6653523,42.8159149],[0.6654525,42.8160079],[0.6655463,42.8161053],[0.6656152,42.8161851],[0.6656624,42.8162572],[0.6657017,42.8163426],[0.6657244,42.8164169],[0.6657544,42.8165839],[0.6657644,42.8166076],[0.6658049,42.8166642],[0.6659048,42.8168238],[0.6659997,42.8169869],[0.6660462,42.8170455],[0.6660923,42.8171158],[0.6661392,42.817195],[0.6661875,42.8173005],[0.6662419,42.8174051],[0.6662995,42.8174927],[0.6664892,42.8177289],[0.6665715,42.8178405],[0.6666032,42.8179023],[0.666621,42.8179774],[0.666619,42.8180259],[0.6665966,42.8180677],[0.6665471,42.8181143],[0.6665296,42.8181526],[0.6665294,42.8181877],[0.6665426,42.8182555],[0.6666113,42.8184315],[0.6666597,42.8185342],[0.6667147,42.8186253],[0.6668565,42.8188371],[0.6669089,42.818903],[0.6670217,42.8190152],[0.6671066,42.8190918],[0.6672217,42.8191779],[0.6674897,42.8193511],[0.6677906,42.8195555],[0.6679304,42.8196359],[0.6680437,42.8196744],[0.6680669,42.8197361],[0.6680976,42.8197925],[0.6681415,42.8198555],[0.6681825,42.8198996],[0.6681958,42.8199332],[0.6681991,42.8199728],[0.6681814,42.8200507],[0.6682161,42.8200677],[0.6682602,42.8200965],[0.6682873,42.8201205],[0.6683176,42.8201562],[0.6683452,42.8202],[0.6683676,42.8202518],[0.6684048,42.8202985],[0.6684649,42.820325],[0.6685066,42.8203501],[0.6685837,42.8203788],[0.6686356,42.8203934],[0.6687159,42.8204339],[0.6687536,42.8204698],[0.6688091,42.8204854],[0.6688353,42.820503],[0.668911,42.8205955],[0.6689814,42.8206699],[0.6691439,42.8207922],[0.6692534,42.8208639],[0.6694002,42.8209525],[0.6695894,42.821079],[0.6697172,42.8211834],[0.6698223,42.8213062],[0.669924,42.8213903],[0.6700252,42.8214582],[0.6701864,42.8215525],[0.6702453,42.8215772],[0.6704106,42.8216294],[0.6704066,42.821668],[0.6702921,42.8219012],[0.6702638,42.8219671],[0.6702504,42.822028],[0.6702486,42.8221044],[0.6702559,42.8221946],[0.6702824,42.8223274],[0.6702822,42.822393],[0.6702746,42.8224594],[0.6702574,42.8225247],[0.6701707,42.8226434],[0.6701009,42.8227687],[0.670081,42.8228097],[0.6700616,42.8228956],[0.669987,42.8230487],[0.669962,42.8231237],[0.6699541,42.8231686],[0.6699512,42.8233016],[0.6699619,42.8233414],[0.6699585,42.8233639],[0.6699305,42.8233911],[0.6699122,42.8234231],[0.6699059,42.8234581],[0.6699077,42.823504],[0.6699451,42.8236676],[0.6699602,42.8237795],[0.6699439,42.8238205],[0.6699232,42.8238489],[0.6698465,42.8239021],[0.6698435,42.8239155],[0.6698484,42.8239462],[0.6698734,42.824025],[0.6699028,42.8240832],[0.6699339,42.8241298],[0.6699585,42.8241573],[0.6700414,42.8242221],[0.6701087,42.8242829],[0.6700067,42.824296],[0.6699548,42.8243102],[0.6698698,42.8243578],[0.6698003,42.8244148],[0.6697545,42.8244605],[0.6696172,42.8246231],[0.6695266,42.8247174],[0.6694385,42.8247811],[0.669351,42.8248305],[0.6692612,42.8248744],[0.6691942,42.8249],[0.669083,42.8249308],[0.6690419,42.8249488],[0.66887,42.8250611],[0.6688066,42.8250885],[0.6687093,42.8251053],[0.6685785,42.825107],[0.6685331,42.8251114],[0.6684824,42.8251274],[0.6683777,42.8251764],[0.6683245,42.8251932],[0.6682854,42.8251942],[0.6682672,42.8252208],[0.6682237,42.8252693],[0.6679767,42.8255149],[0.6679034,42.8256069],[0.6677974,42.8256297],[0.6677515,42.8256467],[0.6677164,42.8256667],[0.6676668,42.8257169],[0.6675668,42.825802],[0.6675398,42.8258347],[0.6674675,42.8259608],[0.6674332,42.8259943],[0.6674131,42.8259959],[0.6673106,42.8260042],[0.6671515,42.8260097],[0.667112,42.8260179],[0.6668728,42.8261017],[0.6667548,42.8261495],[0.6666041,42.8262182],[0.6664752,42.8262937],[0.666294,42.8263626],[0.666251,42.8263689],[0.6661886,42.8263702],[0.6661712,42.8263779],[0.666142,42.8264043],[0.666111,42.8264162],[0.6661045,42.8264556],[0.6660865,42.8264777],[0.66601,42.8264968],[0.6659959,42.8265117],[0.6659779,42.8265653],[0.6659098,42.8266493],[0.665482,42.8270439],[0.6654119,42.8271153],[0.6652914,42.8272557],[0.6652052,42.8273321],[0.6652001,42.8273994],[0.6651843,42.8274279],[0.6651731,42.8274618],[0.6651744,42.8274906],[0.6651557,42.8275613],[0.6651235,42.8276011],[0.6650273,42.8276547],[0.6649352,42.8276959],[0.6648695,42.8277179],[0.6648043,42.82773],[0.6647694,42.8277454],[0.6646567,42.8277834],[0.6645951,42.8277938],[0.6644713,42.8278028],[0.6643423,42.8278198],[0.6642041,42.8278536],[0.6641014,42.8278847],[0.6640071,42.8279204],[0.6639312,42.8279538],[0.6638913,42.8279737],[0.6637859,42.8280406],[0.663746,42.8280613],[0.6636653,42.8280911],[0.6634317,42.8281562],[0.6631444,42.8282183],[0.6628,42.8283034],[0.6627187,42.8283196],[0.6625987,42.8283557],[0.662524,42.8283892],[0.6624012,42.8284657],[0.6623743,42.8284966],[0.6622319,42.8286932],[0.6621795,42.8287514],[0.6620294,42.8288957],[0.6619464,42.8289856],[0.6618808,42.8290651],[0.6617492,42.8292692],[0.661685,42.829346],[0.6615852,42.8294869],[0.6615612,42.8295377],[0.6615425,42.8296074],[0.6615221,42.8298103],[0.6615299,42.8299202],[0.6615636,42.8301144],[0.6615465,42.8301752],[0.6615069,42.8302472],[0.6614357,42.8303167],[0.6614087,42.8303503],[0.6613806,42.8304099],[0.6613406,42.8305233],[0.6613366,42.830561],[0.6613594,42.8306029],[0.6613517,42.830672],[0.6613547,42.8307197],[0.6613447,42.8307564],[0.6612569,42.8308409],[0.6611315,42.8308606],[0.6610566,42.8308977],[0.6609977,42.8309342],[0.6609545,42.8309755],[0.6609104,42.8310384],[0.660888,42.8310793],[0.6608868,42.8311081],[0.6608972,42.8311533],[0.6608971,42.8311866],[0.6608662,42.8312875],[0.6608555,42.8313386],[0.6608343,42.8315009],[0.6608453,42.8315327],[0.660924,42.8315821],[0.6609583,42.8316089],[0.6609993,42.8316548],[0.6610535,42.8317351],[0.6610739,42.8318039],[0.6610665,42.8318371],[0.6610388,42.8318562],[0.6609124,42.8318994],[0.6607628,42.8319735],[0.6605519,42.8321092],[0.6603583,42.8322732],[0.6602939,42.8323546],[0.6602559,42.8324194],[0.6602254,42.8326005],[0.6600859,42.8326343],[0.6599902,42.8326727],[0.6599045,42.8327383],[0.6598371,42.8328025],[0.6598044,42.8328558],[0.6597875,42.8329103],[0.6597317,42.8331726],[0.6596826,42.8334523],[0.6596327,42.8336284],[0.6595962,42.8337454],[0.6595036,42.8339512],[0.6594574,42.8340663],[0.6594071,42.8342226],[0.6594024,42.8342468],[0.6594046,42.8342837],[0.6594279,42.8343742],[0.6594557,42.834714],[0.6594556,42.8348399],[0.6594458,42.8349009],[0.6594221,42.8349435],[0.6593515,42.8350265],[0.6591716,42.8353357],[0.6591509,42.8353946],[0.659127,42.835502],[0.6590566,42.8358531],[0.6589576,42.8361559],[0.6589258,42.8362776],[0.6589155,42.8363817],[0.658905,42.8366127],[0.6589253,42.8368057],[0.6589569,42.8369935],[0.6590265,42.837479],[0.6590568,42.8377594],[0.6590793,42.8380514],[0.6590924,42.8381497],[0.659117,42.8382681],[0.6591704,42.8384591],[0.6592139,42.8385617],[0.6593046,42.8387094],[0.659392,42.8388139],[0.6594685,42.8388884],[0.6595481,42.838945],[0.6599084,42.8391337],[0.6600311,42.8392156],[0.6601189,42.8392804],[0.6602614,42.839414],[0.6603105,42.8394403],[0.6603947,42.8394745],[0.6604918,42.8395225],[0.6605404,42.8395595],[0.6606049,42.8396275],[0.660702,42.8397664],[0.660782,42.8398428],[0.6608096,42.8398578],[0.6608989,42.8398849],[0.6609555,42.8399068],[0.6609985,42.8399321],[0.6611539,42.8400812],[0.6612082,42.8401283],[0.6613954,42.8402466],[0.6614854,42.8402863],[0.6615476,42.840321],[0.6615973,42.8403616],[0.6616418,42.8404103],[0.6616719,42.8404523],[0.6617106,42.8404928],[0.6620464,42.8408068],[0.6620868,42.8408356],[0.6622329,42.8409099],[0.6624669,42.8411111],[0.6625774,42.8411909],[0.6627596,42.84131],[0.662795,42.8413413],[0.6628243,42.8413744],[0.6629542,42.8415481],[0.6630301,42.8416046],[0.6630817,42.8416301],[0.6634226,42.8417553],[0.6635934,42.8418247],[0.6637639,42.8419022],[0.6638477,42.8419454],[0.6639451,42.8420159],[0.6641453,42.8422065],[0.6642983,42.8423232],[0.6643998,42.842383],[0.6645854,42.8424797],[0.6646709,42.8425112],[0.6649552,42.8425867],[0.6651109,42.8426359],[0.6653795,42.8427362],[0.6658255,42.8429241],[0.6660194,42.8429976],[0.6663056,42.8430856],[0.6663908,42.8431235],[0.6669118,42.8434227],[0.6670399,42.843492],[0.6671708,42.8435507],[0.6673308,42.8436144],[0.6675183,42.843695],[0.6677091,42.8437837],[0.6678635,42.8438653],[0.668201,42.8440778],[0.6682837,42.8441182],[0.6683642,42.8441524],[0.6684415,42.8441765],[0.6685195,42.8441836],[0.6689652,42.8441951],[0.669092,42.8442033],[0.6692782,42.8442253],[0.6695018,42.8442581],[0.6695939,42.8442798],[0.6697419,42.8443379],[0.6697758,42.8443459],[0.669843,42.8443482],[0.6702211,42.8443394],[0.670387,42.8443493],[0.6705134,42.8443673],[0.6706906,42.8444287],[0.6708705,42.8444857],[0.6711099,42.8445512],[0.6713692,42.8446108],[0.6715725,42.844662],[0.6718752,42.8447648],[0.6720123,42.8448235],[0.6722138,42.8449197],[0.6724197,42.8450294],[0.6725675,42.8451226],[0.6726874,42.8452133],[0.6727875,42.8452785],[0.6729067,42.845353],[0.6730048,42.8454064],[0.6733167,42.8455562],[0.673508,42.8456629],[0.6736881,42.8457469],[0.6738053,42.8458115],[0.6741655,42.845975],[0.6742403,42.846],[0.6743899,42.8460203],[0.6745173,42.8460438],[0.6746809,42.8460806],[0.6748014,42.8460922],[0.6752149,42.8460877],[0.6752088,42.8462072],[0.6752295,42.8463021],[0.6752693,42.8464064],[0.67531,42.8464892],[0.6753457,42.8465457],[0.6754112,42.8466182],[0.675508,42.8467049],[0.6756221,42.8467874],[0.6759018,42.8469761],[0.6759855,42.8470247],[0.6760684,42.8470616],[0.6761528,42.8470904],[0.6762777,42.8471156],[0.6763556,42.8471236],[0.6765429,42.8471186],[0.6766801,42.8471432],[0.6767582,42.8471467],[0.6767894,42.8471599],[0.6768385,42.8472159],[0.6769485,42.8473703],[0.6770096,42.8474319],[0.6770795,42.8474883],[0.6772333,42.8475861],[0.6773616,42.84765],[0.6774942,42.8476961],[0.6775419,42.847725],[0.6775569,42.8477496],[0.6775701,42.8478165],[0.6775864,42.8478375],[0.6776286,42.8478519],[0.6776775,42.8478521],[0.677734,42.8478452],[0.6779502,42.8477284],[0.678048,42.8476982],[0.6781196,42.8476808],[0.6785042,42.8476316],[0.6785356,42.8476422],[0.6785573,42.8476804],[0.6785946,42.847818],[0.6786246,42.8479535],[0.6786432,42.8480691],[0.6786653,42.8481595],[0.6787759,42.8484516],[0.6788473,42.848714],[0.6788581,42.8487799],[0.678841,42.8491772],[0.6788447,42.8494508],[0.6788514,42.8495589],[0.6788638,42.8496473],[0.6788745,42.8496862],[0.6789461,42.84982],[0.6791043,42.8500843],[0.6792672,42.8503217],[0.6793059,42.8503927],[0.6791272,42.850522],[0.6790425,42.8506209],[0.6790134,42.8506752],[0.6789497,42.8508618],[0.678821,42.8513304],[0.6787936,42.8514027],[0.6786746,42.8516269],[0.6786521,42.8517001],[0.6786371,42.8517709],[0.6786091,42.8520429],[0.6785966,42.852111],[0.6785766,42.8521834],[0.6785023,42.8523896],[0.6784686,42.8525607],[0.67841,42.8527412],[0.6783963,42.8529001],[0.6783848,42.8529439],[0.6783385,42.8529996],[0.6783052,42.8530699],[0.6782572,42.8531993],[0.6782295,42.8532491],[0.6782207,42.8532876],[0.6782191,42.8533263],[0.6782836,42.8535472],[0.6783045,42.8536367],[0.6783216,42.8537603],[0.6783338,42.8539432],[0.6783188,42.8542892],[0.6782907,42.8545936],[0.6782388,42.8547922],[0.6782007,42.8548885],[0.6781658,42.8549975],[0.6780224,42.8552499],[0.6781863,42.8550654],[0.6782606,42.8550095],[0.6783485,42.8549835],[0.6784533,42.8549623],[0.6785651,42.8549486],[0.6788214,42.8549298],[0.6790782,42.8548994],[0.6792308,42.8548739],[0.6794761,42.8548243],[0.679652,42.854767],[0.6797916,42.8547331],[0.6798688,42.8547294],[0.679909,42.8547329],[0.6799879,42.8547472],[0.6801767,42.8547954],[0.6804625,42.8548951],[0.6805823,42.8549274],[0.6806817,42.8549476],[0.6807391,42.8549497],[0.6808251,42.854939],[0.6809029,42.8549209],[0.6810044,42.8548907],[0.6811968,42.854848],[0.6812718,42.854838],[0.6815525,42.8548206],[0.6817271,42.8547965],[0.6820028,42.8547503],[0.6823708,42.8546611],[0.6824571,42.8546423],[0.6825407,42.8546306],[0.6826164,42.854634],[0.6826882,42.8546437],[0.6828311,42.8546782],[0.6829224,42.8546874],[0.6830939,42.8547406],[0.6832006,42.8547951],[0.6832766,42.8548192],[0.68348,42.8548713],[0.6835347,42.8548779],[0.6837568,42.8548278],[0.6838018,42.854835],[0.6838521,42.8548604],[0.6838913,42.854891],[0.6839159,42.8549167],[0.6839504,42.8549408],[0.6841163,42.8550128],[0.6841664,42.8550435],[0.6843366,42.8550679],[0.6845238,42.8550665],[0.6845552,42.8550753],[0.6845719,42.8550847],[0.6846573,42.8551522],[0.6846851,42.8551591],[0.6847526,42.8551524],[0.6848014,42.8551553],[0.6848463,42.8551644],[0.6848824,42.8551786],[0.6849014,42.8551925],[0.6849471,42.8552439],[0.6849755,42.855267],[0.6849983,42.8552783],[0.6850481,42.8552875],[0.6853695,42.8552305],[0.6855118,42.8551886],[0.6856104,42.8551682],[0.6859455,42.8551665],[0.6860252,42.8551601],[0.6860784,42.8551459],[0.6861183,42.855127],[0.6861589,42.8550892],[0.6862464,42.8550398],[0.6863349,42.8549976],[0.6863746,42.8549841],[0.6863979,42.8549819],[0.6864731,42.8549988],[0.6867685,42.8550097],[0.6868269,42.8550182],[0.6869002,42.8550206],[0.6870347,42.8550208],[0.6871403,42.8550087],[0.687238,42.8550117],[0.6872877,42.8550227],[0.6873479,42.8550762],[0.6873863,42.8550959],[0.6874482,42.8551071],[0.6874817,42.8551249],[0.687542,42.8552063],[0.6876397,42.8553649],[0.687682,42.8554072],[0.6877177,42.8554314],[0.6877489,42.8554456],[0.6878033,42.855462],[0.6880021,42.8554762],[0.6881534,42.8554525],[0.6882869,42.8554472],[0.6883383,42.8554457],[0.6884247,42.8554565],[0.68852,42.8554595],[0.688547,42.8554565],[0.6885896,42.8554304],[0.6886206,42.8554203],[0.6887834,42.8554157],[0.6888261,42.8554175],[0.6889704,42.8553864],[0.6891186,42.8553176],[0.6891422,42.8552786],[0.6892292,42.8552435],[0.6892885,42.855198],[0.6893684,42.8551557],[0.6893969,42.8551473],[0.6894777,42.8551445],[0.6895202,42.8551212],[0.689551,42.8551155],[0.6895823,42.8551279],[0.6897186,42.8551443],[0.6900932,42.8551326],[0.6902048,42.8551242],[0.6902839,42.8551025],[0.6903449,42.8550759],[0.6905328,42.8550557],[0.6905922,42.8550687],[0.690635,42.8550678],[0.6906745,42.8550579],[0.6907429,42.8550287],[0.6907849,42.8550179],[0.6909406,42.8550096],[0.6910705,42.8550322],[0.6912438,42.8550404],[0.6913981,42.8550644],[0.6915134,42.8550876],[0.6916985,42.8551663],[0.6918929,42.8552595],[0.6920152,42.8552891],[0.6922347,42.8553676],[0.6923256,42.8553876],[0.6924703,42.8554392],[0.6925251,42.8554755],[0.6926045,42.8555087],[0.6926981,42.8555215],[0.6927546,42.8555767],[0.6928188,42.8556222],[0.6931017,42.8557353],[0.6933893,42.8558198],[0.6935007,42.8558491],[0.6936219,42.8558742],[0.6938701,42.8559677],[0.6940136,42.8560176],[0.6941515,42.8560556],[0.6942801,42.8560818],[0.6943739,42.8560901],[0.694478,42.8560869],[0.6945739,42.8560746],[0.694724,42.856049],[0.6948612,42.8560448],[0.6950099,42.8560552],[0.695189,42.8560716],[0.6955067,42.8561387],[0.6956601,42.8561564],[0.695726,42.8561605],[0.6958572,42.8561804],[0.6959146,42.8561835],[0.6959484,42.8562238],[0.6959674,42.8562395],[0.6960799,42.8562689],[0.6961263,42.8562717],[0.6961648,42.856286],[0.6962321,42.8563477],[0.6962878,42.8563912],[0.6963456,42.8564158],[0.6965085,42.8564706],[0.69658,42.8565162],[0.6966067,42.8565537],[0.696658,42.8565539],[0.696765,42.8566012],[0.6968627,42.8566338],[0.6969888,42.8566617],[0.697032,42.8566825],[0.6970936,42.8567009],[0.6972144,42.8567071],[0.6973343,42.8567375],[0.6975661,42.8567497],[0.6977002,42.8567913],[0.6978264,42.856847],[0.6979581,42.8568868],[0.6979934,42.8569217],[0.698047,42.8569264],[0.6982573,42.856957],[0.6983113,42.8569825],[0.6983902,42.8570283],[0.6984661,42.8570578],[0.6986291,42.8570793],[0.698879,42.8570981],[0.6989941,42.8571249],[0.6991171,42.8571698],[0.6992753,42.85722],[0.6994193,42.8572572],[0.6995685,42.8572883],[0.6996832,42.8573259],[0.6998499,42.8574068],[0.7001001,42.8575417],[0.7002902,42.857652],[0.7003239,42.8576959],[0.7003637,42.8577732],[0.7004196,42.8578113],[0.7006499,42.8578936],[0.7008954,42.8579636],[0.7010546,42.8580192],[0.7011225,42.8580629],[0.7012457,42.8581636],[0.7013192,42.8581922],[0.701459,42.8582123],[0.7016684,42.8582365],[0.7018246,42.858275],[0.7020135,42.8583528],[0.702096,42.8584004],[0.7021621,42.8584612],[0.7022724,42.8585482],[0.702358,42.858639],[0.702508,42.8587115],[0.702537,42.8587508],[0.7025968,42.8588169],[0.7026781,42.8588321],[0.7028063,42.8588978],[0.7028999,42.8589133],[0.7029348,42.8589582],[0.703093,42.8589768],[0.7031605,42.8590026],[0.7032657,42.8590939],[0.7033161,42.8591175],[0.7035302,42.8591454],[0.7036546,42.8591859],[0.7037557,42.8592267],[0.7039004,42.859309],[0.7039315,42.8593573],[0.7040137,42.8593519],[0.7041192,42.8593739],[0.7042618,42.8594175],[0.704375,42.8594613],[0.7044814,42.8595211],[0.7045451,42.8595513],[0.7046425,42.8596217],[0.7046849,42.8596325],[0.70478,42.8596391],[0.7048453,42.8596576],[0.7049017,42.8596858],[0.7049504,42.8597831],[0.7049822,42.8598143],[0.7050592,42.8598475],[0.7051075,42.8598944],[0.7051999,42.8600304],[0.705278,42.8600662],[0.7053483,42.8601127],[0.7054204,42.8601763],[0.7056681,42.8602815],[0.7056867,42.8603053],[0.7057046,42.8603794],[0.705743,42.8603974],[0.705777,42.8604341],[0.7058201,42.8604593],[0.7058612,42.8604701],[0.7059306,42.8604778],[0.7060101,42.8605074],[0.7060687,42.8605429],[0.7061137,42.8605483],[0.7062309,42.8605229],[0.7063094,42.8605156],[0.7064754,42.8605552],[0.7066125,42.8605518],[0.7066498,42.860567],[0.7067212,42.8606468],[0.7068403,42.8607582],[0.7069063,42.8607911],[0.7069835,42.8608188],[0.7070313,42.8608459],[0.707086,42.8608858],[0.7071508,42.8609177],[0.7072924,42.860954],[0.707413,42.8609962],[0.7075113,42.861046],[0.7077922,42.8611491],[0.7078566,42.8611901],[0.7079273,42.8612582],[0.7079559,42.8612768],[0.7079898,42.8612856],[0.7081626,42.8612767],[0.7082389,42.8613872],[0.7082903,42.8614189],[0.7083899,42.8614354],[0.7085434,42.8614495],[0.7087367,42.8614473],[0.7090865,42.8614161],[0.7093253,42.8613753],[0.7095587,42.8613182],[0.7097334,42.8612599],[0.7098317,42.861217],[0.7099324,42.8611454],[0.7099848,42.8610871],[0.7100447,42.8609642],[0.7100802,42.8609317],[0.710165,42.8608894],[0.7102203,42.8608834],[0.7102871,42.8608947],[0.7103549,42.8608809],[0.7105394,42.8608219],[0.7107482,42.8607696],[0.7108825,42.8607428],[0.7111841,42.8607232],[0.7114498,42.8607135],[0.7117043,42.86071],[0.7118393,42.8606976],[0.7119575,42.8606776],[0.7120951,42.860631],[0.7121585,42.8606054],[0.7122537,42.8606101],[0.7123394,42.8606057],[0.7125575,42.8605644],[0.7126851,42.8605222],[0.7128659,42.8604352],[0.7130399,42.8603327],[0.7130944,42.8602844],[0.7131315,42.8602105],[0.7131546,42.8601822],[0.7132053,42.860168],[0.7132699,42.8601757],[0.7133425,42.8601952],[0.713445,42.8601992],[0.7135372,42.8601877],[0.7136518,42.8601649],[0.7137962,42.8601302],[0.7139557,42.8600859],[0.7141589,42.8600192],[0.7143218,42.8599516],[0.7144082,42.8598995],[0.7144678,42.8598441],[0.7144973,42.8598055],[0.7172772,42.8583845],[0.7175588,42.8592627],[0.7179137,42.8593341],[0.7183126,42.8594203],[0.7191254,42.8595761],[0.7195941,42.8596031],[0.7216279,42.8592781],[0.7234559,42.8589309],[0.723543,42.858911],[0.723985,42.8587453],[0.7241101,42.8587185],[0.7242304,42.8586878],[0.7244665,42.8586111],[0.724597,42.8585807],[0.7247174,42.8585462],[0.7248381,42.8585079],[0.7249486,42.8584655],[0.7251663,42.8583465],[0.7252721,42.8582964],[0.725756,42.8581167],[0.7259673,42.8580203],[0.7262145,42.8579287],[0.7263308,42.8578751],[0.7265642,42.8577528],[0.7267916,42.8576455],[0.726898,42.857584],[0.7270146,42.8575228],[0.7271305,42.8574768],[0.7272524,42.8574436],[0.7273921,42.8574207],[0.7275922,42.8573707],[0.7278018,42.8573021],[0.7279177,42.857256],[0.7280858,42.8572303],[0.7283029,42.8571227],[0.7284897,42.8569688],[0.7286066,42.8569039],[0.7287078,42.8568423],[0.729003,42.856623],[0.7292853,42.8562688],[0.729423,42.8561556],[0.7304711,42.8553682],[0.730946,42.855075],[0.7311931,42.8549795],[0.7313715,42.8549491],[0.7315558,42.8549593],[0.7317315,42.8550008],[0.7319649,42.8551595],[0.7321544,42.8552238],[0.7323451,42.8552548],[0.7325242,42.8552415],[0.7327418,42.8551796],[0.733014,42.8550648],[0.7333486,42.8548568],[0.7335996,42.8547245],[0.7345045,42.854361],[0.7348344,42.8543221],[0.7348283,42.8535956],[0.7353939,42.8527685],[0.7347817,42.8520343],[0.7352711,42.8512416],[0.7357285,42.8501351],[0.7359256,42.8491429],[0.73595,42.848978],[0.7363197,42.8489467],[0.7370898,42.8488716],[0.7378959,42.8487672],[0.7385817,42.8486449],[0.7389704,42.8485838],[0.7392046,42.8485033],[0.7396067,42.8483489],[0.7401152,42.8482562],[0.7404761,42.8481558],[0.7410041,42.8480356],[0.7413926,42.847979],[0.7419903,42.847952],[0.7422723,42.8478995],[0.7424736,42.8478147],[0.743567,42.8473951],[0.7439204,42.8472991],[0.7448222,42.8471219],[0.745184,42.8470288],[0.7459421,42.846956],[0.7463474,42.846994],[0.7477542,42.8470018],[0.7494722,42.8470964],[0.7501164,42.8468477],[0.7506782,42.8464618],[0.7511283,42.8458683],[0.7512002,42.8457794],[0.7512714,42.8457018],[0.7513618,42.845645],[0.7518734,42.8454284],[0.7523455,42.8452656],[0.7529999,42.8450994],[0.753777,42.8449187],[0.7548225,42.8446914],[0.7555048,42.8445925],[0.7564669,42.8443084],[0.7573906,42.8440079],[0.7582455,42.8436457],[0.7589842,42.8433534],[0.75959,42.8431457],[0.7602482,42.8429741],[0.7607796,42.8428575],[0.7613107,42.8428101],[0.7616184,42.8427868],[0.7615887,42.8424795],[0.761595,42.8423806],[0.7616057,42.8423251],[0.7616952,42.8421272],[0.7617334,42.8420561],[0.7617769,42.8419418],[0.7618041,42.8418398],[0.7618242,42.8417287],[0.7618324,42.8415499],[0.7618514,42.8413416],[0.761874,42.8412296],[0.7619252,42.8410741],[0.7619925,42.8409793],[0.7620347,42.8409307],[0.7624262,42.8405736],[0.762562,42.8404424],[0.762648,42.8403668],[0.7627358,42.8403093],[0.762798,42.8402818],[0.7629175,42.8402573],[0.7632258,42.8402826],[0.7633907,42.8402852],[0.7636383,42.8402373],[0.7637229,42.84023],[0.7640797,42.8402339],[0.7644928,42.8402047],[0.7646782,42.8402149],[0.764878,42.8402334],[0.765301,42.8402314],[0.7653541,42.8402172],[0.7654176,42.8401565],[0.7655835,42.8399746],[0.7656382,42.8398858],[0.76576,42.8397057],[0.7659284,42.8394934],[0.7659981,42.8394282],[0.7661464,42.8393225],[0.7663638,42.8392002],[0.7664431,42.839173],[0.7666317,42.8391635],[0.766849,42.8391383],[0.7669182,42.8391182],[0.7670666,42.8390439],[0.7671616,42.8390189],[0.7674755,42.8389957],[0.7676206,42.8389735],[0.76787,42.8389086],[0.7679858,42.838884],[0.7680717,42.8388768],[0.7682324,42.8388918],[0.7685159,42.8388959],[0.7686433,42.8388887],[0.7688629,42.8388681],[0.7690635,42.8388317],[0.769454,42.8387535],[0.7695762,42.8387534],[0.7696513,42.8387414],[0.7697822,42.8387073],[0.7700622,42.8386078],[0.7701843,42.8385807],[0.7703172,42.8385583],[0.7704934,42.8385529],[0.7705698,42.8385356],[0.7707941,42.838426],[0.7708955,42.8383958],[0.7710395,42.8383691],[0.7711819,42.8383531],[0.7713217,42.8383425],[0.7714621,42.8383464],[0.7716588,42.8383792],[0.7720163,42.8384613],[0.7721592,42.8384643],[0.7722697,42.8384513],[0.7723565,42.8384207],[0.7724638,42.8383618],[0.7725928,42.8382817],[0.7727836,42.8381516],[0.7730215,42.8380036],[0.7736084,42.8376164],[0.7736596,42.8375887],[0.7737862,42.8375391],[0.7740011,42.8374806],[0.774364,42.8373883],[0.7745654,42.8373313],[0.7747254,42.8372716],[0.7749372,42.8371663],[0.7753445,42.8369355],[0.7755562,42.8368337],[0.7758469,42.8367138],[0.7760773,42.8366403],[0.7762816,42.8365645],[0.7764423,42.8364868],[0.7767482,42.8363483],[0.7769694,42.836254],[0.7770919,42.836216],[0.7772557,42.8361834],[0.7774181,42.8361571],[0.7778178,42.836124],[0.7781481,42.8360859],[0.7783355,42.836043],[0.7787647,42.8359736],[0.7789154,42.8359659],[0.7790596,42.8359671],[0.7793213,42.8359627],[0.7796532,42.8359452],[0.7797742,42.835945],[0.7799042,42.8359333],[0.7799847,42.8359377],[0.7800705,42.8359638],[0.7801518,42.835979],[0.7803387,42.8359819],[0.780448,42.8360004],[0.7805868,42.8360473],[0.7807659,42.8361275],[0.7809098,42.8361997],[0.7810062,42.8362368],[0.7811082,42.8362542],[0.7811987,42.8362534],[0.7813019,42.8362384],[0.7814021,42.8362405],[0.7815079,42.8362526],[0.7815972,42.8362832],[0.7816605,42.8363223],[0.7817096,42.8363809],[0.7817663,42.8363695],[0.7818225,42.8363706],[0.7818731,42.8363879],[0.7819669,42.8363979],[0.7821233,42.8363993],[0.7821988,42.8364072],[0.7822338,42.8364187],[0.7822835,42.8364611],[0.782369,42.8364944],[0.7825224,42.8365425],[0.782594,42.8365566],[0.782683,42.8365629],[0.7827553,42.8365572],[0.7828405,42.8365338],[0.7829349,42.8365277],[0.7831136,42.8364882],[0.7831994,42.8364837],[0.7833438,42.8365091],[0.7834383,42.8364994],[0.7835444,42.8364737],[0.7836485,42.8364705],[0.7839527,42.8364417],[0.7841197,42.8364217],[0.7841964,42.8363981],[0.7844357,42.8362771],[0.7845036,42.8362596],[0.7846285,42.8362523],[0.7847966,42.8362351],[0.7850895,42.8361836],[0.7851819,42.8361639],[0.7853124,42.8361081],[0.7854183,42.8360545],[0.7854728,42.8360377],[0.7855541,42.836051],[0.7857027,42.8360991],[0.7857532,42.8361199],[0.785794,42.8361396],[0.7859162,42.8362375],[0.7859997,42.8362905],[0.7860491,42.8363086],[0.7861104,42.8363045],[0.7862314,42.8362728],[0.7863482,42.8362563],[0.7865377,42.8362539],[0.7866227,42.8362692],[0.7867449,42.8363023],[0.7868135,42.8363298],[0.7869294,42.8363997],[0.7869863,42.8364152],[0.787108,42.8364267],[0.7871566,42.8364349],[0.7872861,42.83647],[0.7873467,42.836482],[0.7874065,42.836486],[0.7875482,42.8364547],[0.7876363,42.8364214],[0.7876762,42.8363998],[0.7878344,42.8362897],[0.7878744,42.8362671],[0.7879438,42.8362425],[0.7880214,42.8362279],[0.7881509,42.8362279],[0.7884627,42.8361929],[0.7885792,42.8361836],[0.7886928,42.8361842],[0.7887376,42.8361977],[0.7887746,42.8362209],[0.7888493,42.8362494],[0.7889149,42.8362598],[0.7891373,42.8362275],[0.7892144,42.8362264],[0.7893008,42.8362363],[0.7894623,42.8362954],[0.7895675,42.8363263],[0.789729,42.836353],[0.7897795,42.8363757],[0.7897916,42.8364119],[0.7897923,42.8364587],[0.7898003,42.8365038],[0.7898268,42.8365781],[0.7898821,42.8366989],[0.7899372,42.8367927],[0.7899816,42.8368485],[0.7900763,42.8369296],[0.7901091,42.8369348],[0.7902206,42.8368948],[0.7902635,42.8368912],[0.7903019,42.8369091],[0.7903633,42.8369679],[0.790447,42.8369525],[0.7905331,42.8369696],[0.790608,42.8369918],[0.7908074,42.837022],[0.7910374,42.8370466],[0.7912328,42.8370533],[0.7913959,42.8370701],[0.791526,42.8370881],[0.791612,42.8371088],[0.7917052,42.8371323],[0.7918308,42.8371736],[0.7919136,42.8372139],[0.7919505,42.8372408],[0.7920242,42.837326],[0.7920702,42.8373719],[0.7921392,42.8374201],[0.7921932,42.8374473],[0.7923062,42.8374658],[0.7923945,42.8375225],[0.7925403,42.8375768],[0.7926071,42.8376213],[0.7926899,42.8376617],[0.7927551,42.8376837],[0.7928717,42.8377023],[0.7929923,42.8377138],[0.7930706,42.8377109],[0.7932416,42.8377153],[0.7932764,42.8377305],[0.7933011,42.837757],[0.7933962,42.8378274],[0.7935184,42.837892],[0.7935456,42.8379501],[0.7935921,42.8380131],[0.7936768,42.8380985],[0.7937077,42.8381549],[0.7937483,42.8381809],[0.7937687,42.8382218],[0.7937847,42.8383157],[0.7938132,42.8383703],[0.7938224,42.8384173],[0.7937719,42.8385242],[0.7937659,42.83865],[0.7937328,42.8387483],[0.7937497,42.8387864],[0.7937719,42.838911],[0.7937947,42.8389213],[0.7938645,42.8389174],[0.7939304,42.8389205],[0.7940056,42.8389365],[0.7941399,42.8389734],[0.7943162,42.8390301],[0.7944789,42.839091],[0.7945968,42.8391411],[0.794695,42.8391935],[0.7947917,42.8392558],[0.7948786,42.839317],[0.7949412,42.839374],[0.7949971,42.839448],[0.7950348,42.8395163],[0.7950857,42.839592],[0.795144,42.8396669],[0.7952876,42.8398786],[0.7953718,42.8399793],[0.7954143,42.8400179],[0.7954578,42.8400314],[0.7955761,42.8400392],[0.7956692,42.8400322],[0.7959666,42.8400563],[0.7960852,42.8400551],[0.7962672,42.8400265],[0.796328,42.840034],[0.7964092,42.8399574],[0.7964883,42.8399662],[0.7966215,42.8399987],[0.7967452,42.839994],[0.7968874,42.8399825],[0.7970606,42.8399609],[0.7972678,42.8399436],[0.7973428,42.8399316],[0.7974039,42.8399338],[0.7975047,42.8399178],[0.7975569,42.8398946],[0.797649,42.839883],[0.7976866,42.8398595],[0.7977412,42.8398696],[0.7977905,42.8398931],[0.7978268,42.8399334],[0.7978794,42.8399318],[0.7979134,42.8399388],[0.7979983,42.8399568],[0.7980489,42.8399749],[0.7982113,42.8400142],[0.798288,42.8400212],[0.798432,42.8400268],[0.7986079,42.8400295],[0.7986882,42.8400087],[0.7987456,42.8400108],[0.7988148,42.8400212],[0.7991842,42.8402429],[0.7992863,42.8402899],[0.7994359,42.8403407],[0.7995872,42.8403807],[0.7997449,42.8404136],[0.8002871,42.8404931],[0.8004072,42.8405153],[0.8005065,42.8405399],[0.8006986,42.8406005],[0.8008165,42.8406182],[0.8010183,42.8405827],[0.8011499,42.8405935],[0.8012642,42.8406103],[0.8013582,42.840614],[0.8015092,42.8405973],[0.8016161,42.8405824],[0.8017997,42.8405439],[0.8019909,42.8404974],[0.8022078,42.8404506],[0.8022452,42.8404334],[0.8022676,42.8403897],[0.8023032,42.8403527],[0.8023519,42.8403267],[0.802499,42.840282],[0.8026368,42.8402597],[0.8026865,42.8402391],[0.8027377,42.8401772],[0.8027693,42.8401481],[0.8028004,42.8401362],[0.8028873,42.8401317],[0.8029438,42.8401247],[0.8030248,42.840085],[0.8030784,42.8400249],[0.8031167,42.8400149],[0.8033684,42.8400165],[0.8034169,42.839995],[0.8034709,42.8399565],[0.8035395,42.8399201],[0.8035774,42.8398885],[0.8036354,42.8398735],[0.8039146,42.8398289],[0.8042781,42.8397832],[0.8043509,42.8397667],[0.8044515,42.8397247],[0.8044905,42.8396949],[0.8045457,42.8396898],[0.8045699,42.8396633],[0.804662,42.8396526],[0.8047165,42.8396321],[0.8048001,42.839587],[0.8048345,42.8395508],[0.8048624,42.8394606],[0.8048829,42.8394349],[0.8049222,42.8393988],[0.8049695,42.8393755],[0.8050711,42.8393389],[0.8051823,42.8393079],[0.80523,42.8392747],[0.8052471,42.8392426],[0.8053035,42.8392051],[0.8053616,42.8391883],[0.8054496,42.8391244],[0.8054843,42.8391108],[0.8055172,42.8390826],[0.8055566,42.8390736],[0.8056587,42.8390253],[0.8057503,42.8389957],[0.8058379,42.8389741],[0.8058618,42.8389871],[0.8059234,42.8390073],[0.8059722,42.8390092],[0.8060545,42.8389983],[0.806117,42.8389627],[0.8062213,42.8389513],[0.806516,42.8389483],[0.8065944,42.8389436],[0.8066596,42.8389342],[0.8067054,42.838918],[0.8067539,42.8389298],[0.8068575,42.8389355],[0.8069109,42.8389465],[0.8069881,42.8389427],[0.8070037,42.8389493],[0.8070333,42.8389751],[0.8070505,42.8389737],[0.80714,42.8389323],[0.8071743,42.8389312],[0.8072473,42.838939],[0.8072699,42.8389233],[0.8072944,42.838922],[0.807344,42.8389374],[0.8073722,42.8389344],[0.8074564,42.8389064],[0.8075658,42.8388897],[0.8076811,42.8388786],[0.807827,42.8388348],[0.8078837,42.8388234],[0.8079315,42.8388199],[0.8080028,42.8388402],[0.8080493,42.8388403],[0.8081453,42.8388233],[0.8082432,42.838819],[0.8083174,42.8388286],[0.8084869,42.8388726],[0.8085156,42.8388885],[0.8085467,42.8389395],[0.8085769,42.83895],[0.8086826,42.8389647],[0.8087859,42.8390154],[0.8088357,42.8390218],[0.8088985,42.8390114],[0.8090482,42.8389641],[0.8091005,42.8389706],[0.8091976,42.8389231],[0.809315,42.8388904],[0.8093719,42.8388709],[0.8094237,42.8388593],[0.809541,42.8388599],[0.8096896,42.8388432],[0.8097695,42.8388304],[0.8098656,42.838809],[0.8099487,42.8387774],[0.8100142,42.8387589],[0.8100732,42.8387503],[0.8101515,42.8387492],[0.8102362,42.8387401],[0.8103259,42.8387257],[0.8105052,42.8386736],[0.8106008,42.8386648],[0.8107925,42.8387038],[0.8108862,42.8387138],[0.8110399,42.8386575],[0.8111471,42.8385698],[0.8112145,42.8385343],[0.8112728,42.8385121],[0.8113306,42.8385025],[0.8114125,42.8385023],[0.8114271,42.8384397],[0.8114414,42.8383194],[0.8114576,42.8382775],[0.8114797,42.8382428],[0.8115141,42.8382057],[0.8116184,42.8381296],[0.8117072,42.8380118],[0.81175,42.8379785],[0.8118585,42.8379222],[0.8119392,42.8378897],[0.8120293,42.8378663],[0.8121263,42.8378539],[0.8122133,42.8378485],[0.8123179,42.8378614],[0.8123926,42.8378899],[0.8124683,42.8379248],[0.8124928,42.8379235],[0.8126559,42.837781],[0.8127108,42.8377507],[0.8128105,42.8377329],[0.8128521,42.8376987],[0.812902,42.8376709],[0.8130221,42.8376302],[0.8130507,42.8376173],[0.8130865,42.8376081],[0.8131954,42.8375402],[0.8132675,42.8375084],[0.8133951,42.8374642],[0.8135219,42.8374398],[0.8136509,42.8374217],[0.8136984,42.8374281],[0.8137743,42.8374242],[0.8139367,42.8373952],[0.8141068,42.8373896],[0.8141957,42.8373681],[0.8143289,42.8373681],[0.8144634,42.8373348],[0.8145146,42.8373377],[0.8146023,42.8373143],[0.814757,42.837294],[0.814851,42.8372654],[0.8149459,42.8372439],[0.8150073,42.837238],[0.8150756,42.8372403],[0.8151211,42.8372331],[0.8151855,42.8372119],[0.8152984,42.8371998],[0.8153517,42.8371793],[0.8154085,42.8371661],[0.8154511,42.8371364],[0.8155952,42.8371078],[0.8156533,42.837091],[0.8157145,42.8370554],[0.8157449,42.8370281],[0.8158187,42.8369846],[0.8158933,42.8369502],[0.8159709,42.8369023],[0.8160313,42.8368567],[0.8160837,42.8368272],[0.8162212,42.8367778],[0.8163232,42.8367322],[0.8163845,42.836693],[0.8164479,42.8366331],[0.8165069,42.8365929],[0.8166385,42.83644],[0.8171521,42.8357497],[0.8173776,42.8350517],[0.8178185,42.8345731],[0.8184299,42.834501],[0.8189513,42.8346429],[0.8198031,42.8347448],[0.8206371,42.8346043],[0.8209539,42.8341412],[0.8210147,42.8336927],[0.8212563,42.8333458],[0.8217863,42.833129],[0.8220884,42.8327654],[0.8222811,42.8324176],[0.8229716,42.8321582],[0.823664,42.8317809],[0.8243851,42.8317821],[0.824938,42.8316377],[0.8255588,42.8316736],[0.8267292,42.8312944],[0.8273481,42.8309534],[0.8277806,42.8307615],[0.8285295,42.830529],[0.8287146,42.8302071],[0.8288843,42.8301307],[0.8304526,42.8297074],[0.831329,42.8293761],[0.8323566,42.8289219],[0.8331525,42.8283578],[0.8337729,42.8284027],[0.8343323,42.8285093],[0.834888,42.828257],[0.8356487,42.8280789],[0.8413659,42.8288328],[0.8419245,42.8291247],[0.842157,42.8291825],[0.8423894,42.8292105],[0.8427827,42.8292175],[0.8429033,42.8292272],[0.8430623,42.8292583],[0.8432687,42.8292282],[0.8434128,42.8292635],[0.8435929,42.8292536],[0.8437538,42.829265],[0.8439704,42.8292234],[0.844184,42.8291657],[0.8442758,42.8290964],[0.8444112,42.8290371],[0.8446796,42.8290146],[0.8448836,42.8288532],[0.8450681,42.8287876],[0.8451768,42.8286918],[0.8453449,42.8286727],[0.8457824,42.828542],[0.845904,42.8285579],[0.846004,42.828533],[0.8461109,42.8285504],[0.8462285,42.82864],[0.8463508,42.8286704],[0.8466141,42.8286244],[0.8468185,42.8286168],[0.8469745,42.8285929],[0.8470964,42.8285378],[0.8473354,42.8284527],[0.8475361,42.8284126],[0.8477777,42.8283239],[0.84784,42.8282586],[0.8479719,42.8280966],[0.8481388,42.8280109],[0.8483477,42.8279135],[0.8484634,42.8278906],[0.8486078,42.8278872],[0.8486967,42.8278278],[0.8488648,42.8278114],[0.8490092,42.8277387],[0.8490783,42.8276879],[0.8494054,42.8275344],[0.8495532,42.8274708],[0.8496829,42.827468],[0.8497878,42.8274404],[0.8498906,42.8274362],[0.8499848,42.827465],[0.8502324,42.8274133],[0.8504491,42.8272701],[0.8506011,42.8272894],[0.8506909,42.8272759],[0.8507813,42.8271769],[0.8508544,42.8271487],[0.8509292,42.8270756],[0.8510008,42.8270239],[0.8511988,42.8269919],[0.8513073,42.8269977],[0.851523,42.8269156],[0.8515745,42.826878],[0.85181,42.8267883],[0.8519654,42.8267158],[0.8521721,42.8267128],[0.8525122,42.826635],[0.8527604,42.8266319],[0.8528176,42.8266735],[0.852885,42.8267009],[0.8529578,42.826715],[0.8531427,42.8267043],[0.8531959,42.8267539],[0.8534677,42.8267729],[0.8536842,42.8267997],[0.8537647,42.8268391],[0.8538685,42.8268394],[0.8539082,42.8268231],[0.8540082,42.8268638],[0.8541225,42.8268777],[0.8542216,42.826877],[0.854357,42.82685],[0.8544113,42.826834],[0.8545575,42.8268469],[0.8546617,42.8268714],[0.8547572,42.8268994],[0.8548854,42.8268696],[0.855073,42.826886],[0.8552865,42.8268641],[0.8554192,42.8268767],[0.8555322,42.826861],[0.8556121,42.8268149],[0.8556877,42.8267552],[0.8558419,42.8267142],[0.8559632,42.8266735],[0.8560866,42.8266085],[0.8562426,42.8265531],[0.8563673,42.8265178],[0.8563996,42.826505],[0.8565491,42.8264288],[0.8566631,42.8263519],[0.8566954,42.8263382],[0.8568103,42.8262361],[0.8569305,42.8261594],[0.8571007,42.826018],[0.8573412,42.825859],[0.8574666,42.8258058],[0.8580011,42.8257265],[0.8580697,42.8257234],[0.8579122,42.8253514],[0.8578337,42.8252266],[0.8578348,42.8251969],[0.8578745,42.8251464],[0.857954,42.8250131],[0.8579768,42.824992],[0.858009,42.8249134],[0.8580372,42.8248124],[0.858066,42.8246258],[0.8581063,42.8244296],[0.8581382,42.8243592],[0.8581662,42.8241637],[0.8582564,42.8239028],[0.858287,42.8238701],[0.8584375,42.8237652],[0.8584983,42.8237052],[0.8585008,42.8236045],[0.8585161,42.823523],[0.8585531,42.8234806],[0.8590757,42.8231258],[0.8591,42.8230966],[0.8591798,42.8230532],[0.8592439,42.8230383],[0.8592775,42.8229895],[0.8592681,42.8229461],[0.8592508,42.8229179],[0.8593508,42.8228902],[0.8593869,42.8228729],[0.8594021,42.8228247],[0.8594712,42.822773],[0.8595352,42.8226618],[0.8595704,42.8225671],[0.8595988,42.8224283],[0.8596213,42.8224125],[0.8597213,42.8223858],[0.8598048,42.8223406],[0.8599613,42.8222718],[0.860111,42.822157],[0.8602644,42.8220719],[0.8604684,42.8218762],[0.8604906,42.8218362],[0.8604971,42.8217923],[0.8605667,42.8217613],[0.8606662,42.8217479],[0.8606983,42.8217378],[0.8607165,42.8217076],[0.8607711,42.8215863],[0.8609988,42.8211753],[0.8612,42.8211559],[0.8613672,42.821126],[0.8615239,42.821085],[0.8616617,42.8210284],[0.8617078,42.8210023],[0.8618085,42.8209558],[0.8619321,42.8208863],[0.8621333,42.8207634],[0.8621904,42.8207061],[0.8623185,42.820679],[0.862393,42.8206472],[0.8624131,42.820599],[0.8624788,42.8205409],[0.8625227,42.8204744],[0.8625478,42.8204569],[0.8627011,42.8204095],[0.8628125,42.8203704],[0.8631326,42.8202733],[0.8632851,42.8202125],[0.8633411,42.8201839],[0.8635105,42.8200641],[0.8637248,42.8199847],[0.8639821,42.8198989],[0.8641016,42.819806],[0.8643195,42.8195953],[0.8643114,42.8194836],[0.8644645,42.8194084],[0.8645966,42.8193715],[0.8646505,42.8193348],[0.8648402,42.819227],[0.8652029,42.8190003],[0.8654765,42.8189023],[0.8657213,42.8188577],[0.8659567,42.818803],[0.865995,42.8187579],[0.8660518,42.8186754],[0.8661117,42.8186082],[0.8661391,42.8185944],[0.8662081,42.8185796],[0.8664033,42.8184872],[0.8665522,42.818357],[0.8665919,42.8183084],[0.866643,42.8182158],[0.8666659,42.8181578],[0.8666761,42.8181454],[0.8667135,42.8181264],[0.8667866,42.818064],[0.8668491,42.8180256],[0.8668875,42.8179778],[0.8669166,42.8179523],[0.8671414,42.8178524],[0.8672294,42.8178182],[0.867261,42.8177891],[0.8673352,42.8177654],[0.86743,42.8177448],[0.8674589,42.8177256],[0.8674769,42.8177008],[0.8675284,42.8175939],[0.8675499,42.8175754],[0.8676937,42.8175198],[0.8679507,42.817408],[0.8680221,42.8173608],[0.8680851,42.8173405],[0.8681171,42.8173366],[0.868159,42.8173249],[0.8683056,42.8172261],[0.8683451,42.8172161],[0.8684062,42.8171822],[0.8684794,42.8171513],[0.8685485,42.8171338],[0.8686576,42.8170901],[0.8686703,42.8170769],[0.8686695,42.817066],[0.8686761,42.8170536],[0.8686947,42.8170459],[0.868852,42.8170202],[0.8689071,42.8170177],[0.8689864,42.8169887],[0.8690208,42.8169822],[0.8690403,42.8169826],[0.8690702,42.8169688],[0.8691462,42.8168956],[0.8691642,42.8168699],[0.869208,42.8168429],[0.8692647,42.8168278],[0.8694082,42.8168145],[0.8694873,42.8167899],[0.869531,42.8167638],[0.8697388,42.8165602],[0.8698412,42.8164677],[0.8699337,42.8164111],[0.8700735,42.8163644],[0.870106,42.8163426],[0.8701392,42.8163037],[0.8701665,42.816261],[0.8703428,42.816251],[0.8703961,42.8162296],[0.8704285,42.8162114],[0.8704637,42.8161869],[0.8705098,42.8160933],[0.8705698,42.8160253],[0.8706391,42.8159682],[0.8707114,42.8159273],[0.8707479,42.8158984],[0.8709494,42.8156352],[0.8709917,42.8156468],[0.8711544,42.8157076],[0.8712392,42.8157624],[0.8713092,42.8157854],[0.8713896,42.8157924],[0.8716901,42.8157615],[0.8719528,42.8157717],[0.8725259,42.8159017],[0.8727318,42.8159338],[0.8728761,42.8159502],[0.8736873,42.815982],[0.8738942,42.8158968],[0.8740192,42.8157767],[0.8740708,42.8156917],[0.8741743,42.8156046],[0.8743432,42.8154712],[0.8744554,42.8153955],[0.874613,42.815305],[0.8750999,42.8152211],[0.8752909,42.8151579],[0.8755864,42.8149983],[0.8757109,42.8149539],[0.8758783,42.8148851],[0.8760149,42.8148047],[0.8761198,42.8147227],[0.876342,42.8146249],[0.8764932,42.8145227],[0.8766087,42.8144649],[0.8768043,42.8144205],[0.8770176,42.8143538],[0.8772088,42.8143227],[0.8773554,42.8143183],[0.877591,42.8143583],[0.8778707,42.8144824],[0.8780086,42.814566],[0.8781317,42.8146126],[0.8782234,42.8146392],[0.8790837,42.8148887],[0.8792484,42.8149205],[0.879949,42.8150021],[0.8800712,42.8149672],[0.8802001,42.8149361],[0.880449,42.8148339],[0.8808712,42.8145494],[0.8816352,42.8138031],[0.8818181,42.8137123],[0.8821556,42.8135687],[0.8822792,42.8135298],[0.882407,42.8135116],[0.8826139,42.8134995],[0.8827402,42.8134867],[0.8829091,42.8134784],[0.8831468,42.813493],[0.8834726,42.8135399],[0.8836883,42.813554],[0.8838063,42.8135681],[0.8839542,42.8135656],[0.8839751,42.8135633],[0.8840036,42.8135522],[0.8840312,42.8135329],[0.8840905,42.8135143],[0.8842404,42.8134912],[0.88431,42.8134593],[0.8844558,42.8134154],[0.8846835,42.8133677],[0.8849559,42.813302],[0.885037,42.813291],[0.8851197,42.8132674],[0.8851966,42.8132357],[0.8853137,42.8131732],[0.885364,42.8131328],[0.885421,42.8130782],[0.8854583,42.8130286],[0.8855216,42.8129668],[0.885564,42.8129425],[0.8856044,42.8129073],[0.8857177,42.8128475],[0.8858212,42.8127569],[0.8859115,42.812693],[0.8859921,42.8126262],[0.8860952,42.8125815],[0.8861665,42.8125361],[0.8862406,42.8124809],[0.8862916,42.8124216],[0.8863822,42.8123496],[0.8864765,42.8122409],[0.886611,42.8121383],[0.8866553,42.812096],[0.8867092,42.812026],[0.8867366,42.8120103],[0.8869575,42.8119157],[0.8870359,42.8118759],[0.8871637,42.8117894],[0.8872208,42.811732],[0.8872668,42.8117095],[0.8873424,42.8116804],[0.8874611,42.8116072],[0.8875028,42.8115694],[0.8875412,42.8115539],[0.8877113,42.8115123],[0.8877485,42.8114977],[0.8878604,42.8114442],[0.8879124,42.8114254],[0.8880454,42.8113309],[0.8880813,42.8113172],[0.888267,42.811284],[0.8884552,42.8111815],[0.8885444,42.8111482],[0.8887891,42.8110037],[0.8888562,42.8109726],[0.8889613,42.8109378],[0.8890112,42.8109082],[0.8891201,42.8108699],[0.8892546,42.8108339],[0.8893104,42.8108125],[0.8895317,42.8107728],[0.8896193,42.8107484],[0.889673,42.8107171],[0.8897641,42.8106325],[0.8898028,42.810609],[0.8899482,42.8105399],[0.8900213,42.8105125],[0.8900843,42.8104949],[0.8901333,42.8104896],[0.8901479,42.8104916],[0.8901855,42.8104654],[0.8903101,42.8103995],[0.8904017,42.8102979],[0.8904305,42.8102453],[0.8905348,42.8101332],[0.8905926,42.8100884],[0.8906513,42.8100203],[0.8907601,42.8099496],[0.8907981,42.8099135],[0.8908236,42.8098825],[0.890916,42.8098294],[0.8909401,42.8098038],[0.8911304,42.809678],[0.8912813,42.8095263],[0.8912989,42.8094448],[0.8913004,42.8093009],[0.8912869,42.8092017],[0.8912782,42.8090711],[0.891284,42.8090136],[0.8913035,42.8089816],[0.8913327,42.8089498],[0.8913604,42.8088928],[0.8913933,42.8088637],[0.8914357,42.8088061],[0.8914422,42.8087595],[0.8914749,42.808734],[0.8915552,42.8086429],[0.8915843,42.8086165],[0.8916116,42.8085694],[0.891646,42.8085647],[0.8916715,42.8085364],[0.8917401,42.8084955],[0.8918307,42.8084244],[0.8918517,42.8084176],[0.8919239,42.8083794],[0.8919399,42.8083447],[0.89197,42.8083219],[0.8919681,42.8083057],[0.8919738,42.8082842],[0.8920107,42.8082426],[0.8920634,42.808205],[0.8922193,42.8081856],[0.8922456,42.8081681],[0.8923372,42.8081339],[0.8924011,42.8080893],[0.8924197,42.8080483],[0.8925247,42.8080162],[0.8925817,42.8079615],[0.8926181,42.8079334],[0.8927679,42.8078797],[0.8927944,42.8078568],[0.8928361,42.8078514],[0.8930802,42.8077581],[0.8932354,42.8076892],[0.8933029,42.8076788],[0.8933824,42.8076426],[0.8934554,42.8076189],[0.8935007,42.8075811],[0.8935729,42.8075438],[0.8936833,42.8074992],[0.8938003,42.8074377],[0.8938845,42.8074069],[0.8939021,42.8073929],[0.8940851,42.8072993],[0.8941644,42.8072685],[0.8942318,42.8072626],[0.8942803,42.8072384],[0.894356,42.8072075],[0.8944596,42.8071798],[0.8946834,42.8071393],[0.8949266,42.8070694],[0.8949531,42.8070474],[0.8950393,42.8070284],[0.8951053,42.807027],[0.895198,42.8069974],[0.8952997,42.8069544],[0.8954153,42.8069351],[0.8955252,42.8069021],[0.8956002,42.806855],[0.8957186,42.806789],[0.8958227,42.806782],[0.8959107,42.8067811],[0.8962119,42.8067951],[0.8966135,42.8068731],[0.896658,42.806892],[0.8967202,42.8069301],[0.8967687,42.8069724],[0.8968118,42.8069975],[0.8968342,42.8070196],[0.8968743,42.8070258],[0.8971229,42.8069758],[0.8972512,42.8069414],[0.8973704,42.8069221],[0.8973887,42.8069225],[0.8975534,42.8068268],[0.8976351,42.8066953],[0.8977122,42.8065906],[0.8977365,42.8065596],[0.8978203,42.8064722],[0.8978677,42.8064444],[0.8980572,42.8063725],[0.8981221,42.806336],[0.8982265,42.8062184],[0.8982704,42.8061185],[0.8982894,42.8060326],[0.8982904,42.8060065],[0.8983149,42.8059692],[0.8984145,42.8058857],[0.8984615,42.8058353],[0.8984775,42.8057988],[0.8984815,42.8057539],[0.8984731,42.8056835],[0.8984623,42.8056438],[0.8984365,42.8056136],[0.898431,42.8055964],[0.8984331,42.8055739],[0.89846,42.8055394],[0.8985223,42.8055055],[0.8986039,42.805445],[0.8986714,42.8054014],[0.8987121,42.8053572],[0.8987519,42.8053049],[0.8988075,42.8052197],[0.8989005,42.8051117],[0.8989532,42.8050399],[0.8990173,42.8049224],[0.8990425,42.8049013],[0.8990649,42.8048901],[0.8991141,42.8048812],[0.8991925,42.8048755],[0.8992489,42.804837],[0.8992655,42.8048167],[0.8992734,42.8047997],[0.8992705,42.8047781],[0.8992616,42.8047545],[0.8992358,42.8047243],[0.8992048,42.8047039],[0.8990641,42.8046436],[0.8990211,42.8046158],[0.8989963,42.8045928],[0.8989816,42.8045592],[0.8989931,42.8045451],[0.8990988,42.8044932],[0.8991185,42.8044549],[0.8991236,42.8044163],[0.8991391,42.804359],[0.8991907,42.8043178],[0.8992129,42.8042759],[0.8992821,42.8041891],[0.8993139,42.8041529],[0.8993504,42.8041221],[0.8994217,42.8040093],[0.8994436,42.8039449],[0.8994681,42.8037727],[0.8995081,42.8037492],[0.8996949,42.803716],[0.8998128,42.8037003],[0.8999189,42.8036718],[0.9000177,42.8036422],[0.9001011,42.8035971],[0.9002281,42.8035645],[0.9005414,42.8035149],[0.9007277,42.8034295],[0.9008982,42.8033779],[0.9009841,42.8033661],[0.9010652,42.8033875],[0.9011239,42.8034183],[0.9012043,42.8034262],[0.9012982,42.8033957],[0.9014556,42.8032665],[0.9015689,42.8032058],[0.9016445,42.8031776],[0.901811,42.8031341],[0.9018807,42.8030958],[0.9020236,42.8030977],[0.9021536,42.8030823],[0.9022865,42.8030552],[0.9022885,42.8030337],[0.902266,42.802981],[0.9022688,42.8029388],[0.9022817,42.802886],[0.9023011,42.802854],[0.9023569,42.8027975],[0.9023793,42.8027854],[0.9024404,42.8027857],[0.9024449,42.8027642],[0.9024729,42.8026991],[0.9025181,42.8026631],[0.9025676,42.8026137],[0.9026311,42.802578],[0.9027128,42.8025481],[0.9027986,42.8025408],[0.902877,42.8026035],[0.9029241,42.8025514],[0.9029617,42.8024909],[0.9029845,42.8024347],[0.9030103,42.8023956],[0.9030994,42.8023299],[0.9032427,42.8022509],[0.9033724,42.8022111],[0.9035468,42.802219],[0.903718,42.8021117],[0.9041005,42.8019051],[0.9044251,42.8017784],[0.9045821,42.8017266],[0.9046177,42.8016877],[0.9046612,42.8016678],[0.9047007,42.8016569],[0.9048355,42.8016434],[0.9048922,42.8016301],[0.9049333,42.8016084],[0.9049821,42.8015752],[0.9050256,42.8015562],[0.9051963,42.8015299],[0.9052901,42.8015362],[0.9053697,42.8015647],[0.9054245,42.8015703],[0.9055058,42.8015512],[0.9055546,42.8015522],[0.9056196,42.8015471],[0.9056701,42.8015337],[0.9057173,42.8015122],[0.9057539,42.8014796],[0.9058291,42.801428],[0.9058708,42.8014225],[0.9059263,42.8014074],[0.9059424,42.8013664],[0.905979,42.8013023],[0.9059531,42.8012748],[0.9059573,42.8012605],[0.9060203,42.8011376],[0.9060714,42.8010756],[0.9061062,42.8010583],[0.9062131,42.8010415],[0.9062448,42.8010098],[0.9062752,42.8010122],[0.9062972,42.8010477],[0.9063976,42.8010739],[0.9064384,42.8009263],[0.9064481,42.8008257],[0.9064325,42.8007166],[0.9064407,42.8006223],[0.906474,42.800479],[0.9065216,42.8003774],[0.9065358,42.8002895],[0.9064597,42.8001972],[0.9063968,42.8000107],[0.9064239,42.7999033],[0.9064802,42.7998315],[0.9067333,42.7996907],[0.9068451,42.7995346],[0.9069314,42.7994463],[0.906991,42.7994178],[0.9070586,42.7994083],[0.9070729,42.7993825],[0.9070832,42.7993009],[0.907117,42.7992107],[0.9071537,42.799072],[0.9071733,42.7989024],[0.907164,42.7987879],[0.9071339,42.798674],[0.9070654,42.7985387],[0.9070377,42.7983942],[0.9069416,42.7980442],[0.9069033,42.7979877],[0.9068445,42.7979569],[0.9068904,42.7978705],[0.9069878,42.7977771],[0.9070356,42.797671],[0.9070934,42.7975938],[0.9071572,42.7972794],[0.9071835,42.7972601],[0.9072233,42.797242],[0.9072471,42.7972244],[0.9072731,42.7971476],[0.9072943,42.7971021],[0.9073621,42.7970153],[0.907409,42.7969685],[0.9074766,42.7968889],[0.9075127,42.7968716],[0.9075495,42.796866],[0.9076006,42.7968715],[0.9076654,42.796871],[0.9078489,42.796862],[0.9081068,42.7967879],[0.9083688,42.7967381],[0.9084903,42.7967207],[0.9086718,42.7966685],[0.9087675,42.7966559],[0.9088519,42.7966531],[0.9089784,42.796634],[0.9091798,42.7965677],[0.9093595,42.7965317],[0.9094461,42.7965343],[0.9095348,42.7965126],[0.9097153,42.7964855],[0.9098514,42.7964711],[0.9099658,42.7964499],[0.9100892,42.7964479],[0.9102471,42.7964383],[0.9104852,42.7964079],[0.9105837,42.7964206],[0.9106824,42.7964261],[0.9107578,42.7964348],[0.9108619,42.7964269],[0.9109739,42.7964372],[0.9111126,42.7964876],[0.9113738,42.7965269],[0.9115055,42.7965321],[0.9116368,42.7965833],[0.9119207,42.796739],[0.9120304,42.7967798],[0.9121162,42.7967698],[0.9124009,42.7966989],[0.9125805,42.7966286],[0.9126826,42.7966108],[0.9127583,42.7966105],[0.9128607,42.7966161],[0.9129407,42.7965988],[0.91303,42.7965627],[0.9130923,42.7965612],[0.9132323,42.7965747],[0.913306,42.7965627],[0.9133729,42.7965703],[0.9136325,42.7964503],[0.9139497,42.796425],[0.9140361,42.7963997],[0.9141196,42.7963878],[0.9143838,42.7964119],[0.9144387,42.7963788],[0.9145146,42.7964081],[0.9145987,42.796381],[0.9146646,42.7963463],[0.9149224,42.796345],[0.9151043,42.7962451],[0.915321,42.7962988],[0.9155275,42.7961948],[0.9156301,42.79616],[0.915746,42.7961298],[0.9158542,42.796078],[0.9159182,42.7960639],[0.9160129,42.7960118],[0.9162683,42.7959385],[0.9166412,42.7957245],[0.916667,42.7956863],[0.9166851,42.7955913],[0.9166744,42.7953419],[0.916658,42.795222],[0.9166562,42.7951698],[0.9166718,42.7951089],[0.9166822,42.7948537],[0.916665,42.7947184],[0.9167127,42.7946501],[0.916794,42.7945626],[0.9168458,42.7944799],[0.916884,42.7943683],[0.916946,42.7942408],[0.9169467,42.7941509],[0.9170024,42.7940629],[0.917027,42.7939905],[0.9170441,42.7939216],[0.9171715,42.7937064],[0.9172309,42.793686],[0.917303,42.7936847],[0.9175061,42.7936068],[0.9175447,42.793585],[0.9175889,42.7935787],[0.9176341,42.7935787],[0.9177198,42.7936064],[0.9178655,42.7936668],[0.9183566,42.7936971],[0.9188337,42.7936416],[0.9189989,42.7935989],[0.9191527,42.7935677],[0.91952,42.7934057],[0.9196784,42.7933134],[0.9197704,42.7932325],[0.9198673,42.7932227],[0.9199014,42.7931909],[0.9199653,42.7931445],[0.9202052,42.793097],[0.9205019,42.7929292],[0.9206435,42.7928294],[0.9208096,42.7927264],[0.9208515,42.7926805],[0.9208958,42.7926049],[0.9209214,42.7925361],[0.9209426,42.7924556],[0.9209279,42.792422],[0.9208769,42.7923814],[0.9207497,42.7923178],[0.9207118,42.7922856],[0.9206921,42.7922537],[0.920701,42.7921756],[0.9207521,42.7920462],[0.9207939,42.7920038],[0.9208851,42.7919804],[0.9209273,42.7919273],[0.9210077,42.7918992],[0.9210959,42.7918235],[0.9211327,42.7917514],[0.9211974,42.7916825],[0.9213068,42.791663],[0.9214019,42.7916352],[0.9214762,42.7916051],[0.9215414,42.7915938],[0.9216089,42.7915834],[0.921742,42.7915833],[0.9218964,42.7915701],[0.9220196,42.791541],[0.922235,42.7912546],[0.9223064,42.791068],[0.9223616,42.7909926],[0.9225376,42.7909898],[0.9226751,42.790969],[0.92293,42.790875],[0.9231049,42.790766],[0.923113,42.7907113],[0.9231465,42.7906615],[0.9232066,42.7906204],[0.9232833,42.7905922],[0.9233646,42.7905722],[0.9234491,42.7905667],[0.9237848,42.7903654],[0.9238118,42.7902948],[0.923886,42.7901991],[0.92395,42.7901527],[0.9240937,42.7901285],[0.9242718,42.7900654],[0.9244116,42.7900492],[0.9244858,42.7900255],[0.9245827,42.7900138],[0.9247864,42.7899521],[0.9251015,42.7898152],[0.9252265,42.7898032],[0.9253956,42.7897516],[0.9254574,42.789698],[0.9255285,42.7896544],[0.9255907,42.7896241],[0.9256883,42.7895918],[0.9259108,42.789552],[0.9259842,42.7894797],[0.9260706,42.7894193],[0.9261265,42.7893934],[0.9262707,42.7893557],[0.9263282,42.7893523],[0.9264576,42.7893566],[0.926563,42.7893443],[0.926672,42.7893032],[0.9267295,42.789298],[0.926812,42.7893149],[0.9268867,42.7893424],[0.9269766,42.7893901],[0.9272219,42.7895333],[0.9272961,42.7895402],[0.9273172,42.7895325],[0.9273608,42.7895072],[0.9274322,42.7894906],[0.9275142,42.7894868],[0.9275871,42.7894621],[0.9277643,42.7893918],[0.9278256,42.7893507],[0.9279252,42.7893301],[0.9279902,42.7893233],[0.9280763,42.7893061],[0.9282036,42.7892968],[0.9285037,42.7893413],[0.9286888,42.7893557],[0.9289263,42.7894089],[0.9289912,42.7894029],[0.9290802,42.789375],[0.9290892,42.7893607],[0.9290775,42.7893137],[0.9290867,42.7892959],[0.9293033,42.7892138],[0.9295523,42.7891835],[0.9296835,42.7891357],[0.9297926,42.7891225],[0.92992,42.7891816],[0.9301162,42.7891251],[0.9301487,42.7891015],[0.9301701,42.7890506],[0.9301965,42.7890295],[0.9303267,42.7889736],[0.9304047,42.7889454],[0.9304833,42.7888983],[0.9305234,42.7888694],[0.9306137,42.788837],[0.9306913,42.7888169],[0.9307867,42.7888142],[0.9308794,42.7888178],[0.9311709,42.7889314],[0.9313774,42.7890316],[0.9315047,42.7890566],[0.9316846,42.7891149],[0.9318109,42.7891686],[0.9319479,42.7892315],[0.9320626,42.789303],[0.9320927,42.7893854],[0.9321811,42.7894051],[0.9323188,42.7893808],[0.9325695,42.7893704],[0.9327133,42.7893776],[0.9328471,42.789427],[0.9329115,42.7894705],[0.9329442,42.7895152],[0.9331127,42.7895499],[0.9333323,42.7896594],[0.9332942,42.7897693],[0.9332699,42.7898678],[0.933269,42.789928],[0.9332846,42.7899688],[0.9333379,42.7900175],[0.9333778,42.7900956],[0.933361,42.7901907],[0.9334348,42.7902793],[0.9335197,42.7903313],[0.9336269,42.7904072],[0.9336803,42.7904523],[0.9337216,42.790525],[0.9337754,42.7905917],[0.9338097,42.790658],[0.9338184,42.7907221],[0.9338495,42.7908117],[0.9339501,42.7910035],[0.9340113,42.7911027],[0.9342374,42.7914416],[0.9343881,42.7916002],[0.9345259,42.7917099],[0.9346753,42.7918027],[0.9348025,42.7918663],[0.9348706,42.7919072],[0.9349414,42.7919436],[0.9349891,42.7919769],[0.9350288,42.7919939],[0.9350967,42.7920069],[0.9352112,42.7920496],[0.935293,42.7921204],[0.9353709,42.7922307],[0.9354153,42.7923198],[0.9354389,42.7924479],[0.9354891,42.7926504],[0.9355095,42.7927623],[0.9355268,42.7928265],[0.9355264,42.7929758],[0.9355412,42.7930049],[0.9355588,42.793061],[0.9355759,42.7930955],[0.9357028,42.7932023],[0.9357448,42.7932562],[0.9359091,42.7935139],[0.9359493,42.7935506],[0.9360056,42.7936156],[0.9362723,42.793743],[0.9364179,42.7938034],[0.9365884,42.7938868],[0.9367896,42.7939635],[0.9369243,42.7940578],[0.9370384,42.7941455],[0.9371473,42.794278],[0.937226,42.7943659],[0.9373487,42.7945229],[0.9374511,42.7947003],[0.9374993,42.794891],[0.9375487,42.7949801],[0.93766,42.7951136],[0.9377851,42.7952347],[0.937851,42.7953062],[0.9378935,42.7953816],[0.9379364,42.7954814],[0.9379948,42.7955572],[0.938054,42.7956438],[0.9380873,42.7957029],[0.9380946,42.795739],[0.9380277,42.7957989],[0.9379472,42.7958306],[0.9378442,42.7958772],[0.9377372,42.7958985],[0.9376961,42.7959193],[0.9376795,42.7959388],[0.9376719,42.7959827],[0.9376754,42.7960224],[0.9376932,42.7960695],[0.9377847,42.7962116],[0.9378135,42.7962265],[0.9378702,42.7962456],[0.9379849,42.7962145],[0.9382237,42.7961633],[0.9383101,42.7961704],[0.9383949,42.7961909],[0.9385978,42.7962542],[0.9389615,42.7964357],[0.9390609,42.7964907],[0.939142,42.7965471],[0.9395396,42.796803],[0.9396821,42.7969182],[0.9397957,42.7970229],[0.9398461,42.7970472],[0.9399044,42.7970565],[0.9400763,42.7970661],[0.9402879,42.7970566],[0.9404245,42.797062],[0.9405891,42.7971056],[0.9407837,42.7971984],[0.9411305,42.7973382],[0.9412793,42.7974148],[0.9414908,42.7975106],[0.9416718,42.7976076],[0.9417532,42.797656],[0.9420775,42.7977773],[0.9421741,42.7978412],[0.9422357,42.7978973],[0.9422608,42.7979472],[0.9422832,42.7980043],[0.942285,42.7980907],[0.9422543,42.798199],[0.9422649,42.7982091],[0.9422855,42.7982158],[0.942316,42.7982172],[0.9423523,42.7982242],[0.9423886,42.7982348],[0.9425864,42.7983745],[0.9426354,42.798406],[0.9427146,42.7984471],[0.942775,42.7984653],[0.9428601,42.798475],[0.9429484,42.7985001],[0.9430221,42.7985249],[0.9431003,42.7985579],[0.9431674,42.7985952],[0.9432282,42.7986359],[0.9432638,42.7986654],[0.9432992,42.7987021],[0.9433388,42.798755],[0.9434127,42.798876],[0.9434521,42.7989029],[0.9435765,42.7989062],[0.9436298,42.7989189],[0.9436914,42.7989389],[0.9438376,42.7990182],[0.9439085,42.799051],[0.9439617,42.7990665],[0.9439886,42.7990679],[0.9440392,42.7990527],[0.9441121,42.7989947],[0.9441678,42.7989724],[0.9442209,42.7989563],[0.9443094,42.79894],[0.9444113,42.7989267],[0.944508,42.7989204],[0.9446019,42.798924],[0.94475,42.7989503],[0.9448304,42.7989572],[0.9449475,42.7989612],[0.945295,42.7989445],[0.9454351,42.7989562],[0.9456294,42.798986],[0.9457622,42.7990326],[0.9458754,42.799042],[0.9459368,42.7990324],[0.9459858,42.7990297],[0.9460883,42.7990317],[0.9461573,42.7990501],[0.9463088,42.7991239],[0.9463934,42.7992132],[0.946454,42.7992973],[0.9464936,42.799404],[0.9465334,42.7994906],[0.9465867,42.7995751],[0.9466356,42.7996728],[0.9466845,42.7997573],[0.9467423,42.7999306],[0.9468045,42.8000818],[0.9469245,42.8004196],[0.9469645,42.8005618],[0.9469956,42.8007129],[0.9469956,42.8007974],[0.9470178,42.8010552],[0.9470001,42.8011752],[0.9469556,42.8012818],[0.9469378,42.8014196],[0.9469522,42.8015252],[0.9470363,42.8015573],[0.9473245,42.8016241],[0.9474267,42.8016863],[0.9475454,42.8017347],[0.9476565,42.8017701],[0.9477711,42.8017768],[0.9479452,42.8017594],[0.9481055,42.801749],[0.9482398,42.8017524],[0.9483937,42.8017509],[0.948518,42.8017254],[0.9486277,42.8016969],[0.9487715,42.8016736],[0.9490632,42.8016801],[0.9492033,42.8016908],[0.9495546,42.8016688],[0.9499796,42.8017066],[0.9500558,42.8017296],[0.9501822,42.8017824],[0.9502863,42.8018429],[0.9504573,42.8019136],[0.9506272,42.8019429],[0.9507546,42.802002],[0.9508276,42.8020448],[0.9508648,42.8020995],[0.9509023,42.8021794],[0.9509203,42.8022571],[0.9509608,42.8022884],[0.9510135,42.8023164],[0.9512851,42.8023405],[0.9514098,42.8023366],[0.9515385,42.8023579],[0.9516919,42.8024067],[0.9518517,42.8024494],[0.9520628,42.8024894],[0.9521895,42.802535],[0.9522302,42.8025573],[0.952304,42.8025785],[0.9525973,42.8025751],[0.9527193,42.8025793],[0.9527919,42.8025986],[0.9529534,42.8026953],[0.9529949,42.8027662],[0.9530333,42.8027849],[0.9533151,42.8027957],[0.9535062,42.8028147],[0.9537049,42.8028616],[0.9539251,42.8029558],[0.9540548,42.8030194],[0.954178,42.8030937],[0.9543173,42.803127],[0.9544422,42.8031527],[0.9548854,42.8031603],[0.9551656,42.8031818],[0.9553961,42.8031934],[0.955603,42.8032145],[0.9559823,42.8032298],[0.9561968,42.8032456],[0.9563244,42.8032633],[0.9566212,42.8032825],[0.956774,42.8033309],[0.9569696,42.8033531],[0.9571423,42.8034416],[0.9572341,42.8035108],[0.957326,42.8035724],[0.9574075,42.8036415],[0.9574994,42.8037031],[0.9576017,42.8037571],[0.9576896,42.8038687],[0.9578008,42.8039665],[0.9579786,42.8041443],[0.9580586,42.8042331],[0.9581341,42.8043443],[0.9583475,42.8047221],[0.9583786,42.8048554],[0.9583875,42.8049488],[0.9583786,42.8050465],[0.9584388,42.8051839],[0.9585829,42.8052079],[0.9587671,42.8051889],[0.9588218,42.8051962],[0.9589212,42.805217],[0.9590236,42.8052576],[0.9591353,42.8053128],[0.9592417,42.8053787],[0.9593723,42.8054522],[0.9596099,42.8056079],[0.9597426,42.8056896],[0.9598304,42.8057659],[0.9598936,42.8058444],[0.959975,42.8059269],[0.9600577,42.8059375],[0.9601704,42.805928],[0.9602337,42.8058995],[0.9603371,42.805843],[0.9604627,42.805813],[0.9605483,42.805811],[0.9606483,42.8058165],[0.9606925,42.8058111],[0.960779,42.8057812],[0.9609641,42.8057281],[0.9610576,42.8057092],[0.9611574,42.805721],[0.9612719,42.8056962],[0.9613159,42.8056601],[0.9614768,42.8056011],[0.961534,42.8055716],[0.9616087,42.8055667],[0.9616578,42.8055578],[0.9618346,42.8055],[0.9618972,42.8054913],[0.9619365,42.8054488],[0.9619971,42.8053591],[0.9621086,42.8052452],[0.9621461,42.805219],[0.9622512,42.8051832],[0.9623034,42.8051599],[0.9623839,42.8051632],[0.9624464,42.8051572],[0.9625169,42.8051307],[0.9627302,42.8050745],[0.962836,42.8050531],[0.9630817,42.8050155],[0.9631082,42.8049908],[0.9631832,42.8049769],[0.9632183,42.8049515],[0.9632939,42.8049206],[0.9633446,42.8049017],[0.963416,42.8048878],[0.9634817,42.8048594],[0.9635342,42.8048271],[0.9636467,42.8047528],[0.963736,42.8046798],[0.9638009,42.8046406],[0.9639278,42.8046088],[0.9639738,42.8045872],[0.9640926,42.8045777],[0.9641292,42.8045793],[0.9641467,42.804568],[0.9641575,42.8045025],[0.9641698,42.8044659],[0.9642026,42.8044359],[0.9642398,42.8044213],[0.9642772,42.8044004],[0.9643239,42.8043914],[0.964344,42.8043756],[0.964357,42.8043516],[0.964391,42.8043243],[0.9644196,42.8043096],[0.9644777,42.80429],[0.964594,42.8042841],[0.9646948,42.8042303],[0.9647329,42.8041896],[0.9648055,42.8041721],[0.9649365,42.8041647],[0.9649934,42.804146],[0.9650469,42.8041164],[0.9650598,42.8040987],[0.9651009,42.8040752],[0.9651095,42.8040744],[0.9651623,42.8040305],[0.9652381,42.8040283],[0.9652816,42.8040075],[0.9653576,42.8039316],[0.9654425,42.8039134],[0.9655181,42.8038825],[0.9655295,42.8038701],[0.9656226,42.803862],[0.9656843,42.8038452],[0.9656986,42.8038203],[0.9657286,42.803801],[0.9657629,42.8037972],[0.9658234,42.8037786],[0.9658604,42.8037334],[0.9658862,42.8037303],[0.9659406,42.8037115],[0.965975,42.803705],[0.9659922,42.8036684],[0.9660151,42.8035366],[0.9660189,42.8034647],[0.9660307,42.8034047],[0.9660216,42.8033874],[0.9660509,42.803352],[0.9660837,42.8033221],[0.9661066,42.8032622],[0.9661353,42.8032448],[0.9661844,42.8032025],[0.9661916,42.8031721],[0.9661854,42.8031405],[0.9662175,42.8030934],[0.9662544,42.8030519],[0.96627,42.8029892],[0.9662799,42.8029165],[0.9663261,42.8028184],[0.9663886,42.8027765],[0.9664387,42.8027064],[0.9664867,42.8026614],[0.9665932,42.8025852],[0.9666412,42.8025402],[0.9666946,42.8024809],[0.9667705,42.8023367],[0.966808,42.802278],[0.9668365,42.8021949],[0.9668655,42.8021352],[0.9668897,42.802106],[0.966991,42.8020395],[0.9669934,42.8019703],[0.9669744,42.8019546],[0.9669544,42.8018985],[0.9669509,42.8017878],[0.9669288,42.8017226],[0.9668889,42.8016742],[0.9668996,42.8016501],[0.9669135,42.801636],[0.9669688,42.8016271],[0.9670826,42.8015169],[0.9670819,42.8015006],[0.9671586,42.8014032],[0.9672036,42.8013375],[0.9672842,42.8013057],[0.9673247,42.8012291],[0.9673885,42.8011512],[0.9674376,42.8010747],[0.9674916,42.8010326],[0.9675359,42.8010226],[0.9675737,42.801026],[0.9676071,42.8010132],[0.9676175,42.8009936],[0.9676463,42.8009744],[0.9676517,42.800961],[0.9675584,42.8009025],[0.9675431,42.800886],[0.9675193,42.8007974],[0.967579,42.8006628],[0.967613,42.8005303],[0.9676272,42.800437],[0.9676323,42.8003606],[0.9676155,42.8003172],[0.9676932,42.800297],[0.9677331,42.8002744],[0.9678151,42.8001302],[0.9678583,42.8000114],[0.967875,42.7999524],[0.9679722,42.7998976],[0.9680199,42.7998274],[0.9680635,42.7997311],[0.9680797,42.7996531],[0.9680737,42.7996152],[0.968056,42.799596],[0.9680517,42.7995815],[0.9680546,42.7995672],[0.9680796,42.7995524],[0.9682323,42.7995148],[0.9682881,42.7994907],[0.9683455,42.7994585],[0.9684269,42.7994357],[0.9684818,42.7994017],[0.968709,42.7993314],[0.9687414,42.799278],[0.9687538,42.7992378],[0.9688416,42.799136],[0.9688945,42.7990551],[0.968972,42.7990044],[0.9690275,42.7989551],[0.9690479,42.7989303],[0.9691452,42.7988737],[0.9691687,42.798831],[0.9692724,42.7987628],[0.9694977,42.7986438],[0.9695142,42.7986234],[0.9695757,42.7985769],[0.9696402,42.7985503],[0.9697019,42.7985307],[0.969829,42.7985286],[0.9698988,42.7985228],[0.9699543,42.7985076],[0.9699944,42.7984805],[0.9700846,42.7984498],[0.9703495,42.7983856],[0.9705954,42.7983372],[0.9708601,42.7982774],[0.9709015,42.7982458],[0.9709386,42.798233],[0.9710709,42.7981519],[0.971154,42.7981166],[0.9712487,42.7980626],[0.9715057,42.7980135],[0.9716219,42.7979743],[0.9719793,42.797919],[0.9721361,42.7979058],[0.9722362,42.7978699],[0.9722897,42.797843],[0.9723309,42.7978177],[0.9723373,42.7978089],[0.9724178,42.7977789],[0.9724471,42.7977768],[0.9725889,42.7977039],[0.9728542,42.7976279],[0.9729066,42.7976298],[0.9729526,42.7976082],[0.9729982,42.7975947],[0.973142,42.7975704],[0.9732245,42.7975522],[0.9733503,42.7975501],[0.9734757,42.7975291],[0.973713,42.7975192],[0.9737839,42.79748],[0.9738353,42.7974423],[0.9740141,42.7974295],[0.974042,42.7973994],[0.9741179,42.7973595],[0.9741992,42.7973413],[0.9742601,42.79731],[0.9743875,42.7972989],[0.9744828,42.7971946],[0.9745675,42.7971107],[0.9747687,42.7969463],[0.974858,42.7969417],[0.974951,42.7969021],[0.9749853,42.7968641],[0.9750179,42.7968746],[0.9750789,42.7968758],[0.9752268,42.796803],[0.9752065,42.7967208],[0.9751957,42.7966441],[0.975207,42.7966002],[0.9752814,42.7964982],[0.9754329,42.7964264],[0.975484,42.7963968],[0.9755345,42.796351],[0.9755891,42.7962908],[0.9757033,42.796239],[0.9757651,42.7961817],[0.9758633,42.7961323],[0.9758841,42.7961309],[0.9759287,42.7961147],[0.9759754,42.7961038],[0.9760772,42.796059],[0.9762551,42.7960354],[0.9763243,42.7960133],[0.9763705,42.7959827],[0.9764735,42.795936],[0.9765209,42.7959082],[0.9765657,42.7958487],[0.9765953,42.7957692],[0.9766088,42.7956625],[0.9766324,42.7955829],[0.9766518,42.7955508],[0.9766874,42.7955101],[0.976756,42.7954683],[0.9768454,42.7954286],[0.9768879,42.7953997],[0.9770222,42.7951917],[0.9770651,42.7951872],[0.9771544,42.7951466],[0.9772423,42.7951491],[0.9772799,42.7951219],[0.9773098,42.7950685],[0.9773677,42.7950184],[0.9774164,42.7949878],[0.9774584,42.7949058],[0.977486,42.7948848],[0.9775207,42.7948692],[0.9776202,42.7948531],[0.9776654,42.7948531],[0.9777601,42.7947973],[0.9777859,42.7947591],[0.977786,42.7947222],[0.9777648,42.7946625],[0.9777706,42.7946365],[0.9778145,42.7945681],[0.9778475,42.7945318],[0.9778851,42.7945055],[0.9779335,42.794484],[0.977999,42.7944618],[0.9781887,42.794451],[0.9782262,42.7944265],[0.978259,42.7944298],[0.9782792,42.7944122],[0.9782736,42.7943968],[0.9781919,42.7943584],[0.9781553,42.7943217],[0.97815,42.7942974],[0.9781502,42.7942569],[0.9782097,42.7941636],[0.9783472,42.7940006],[0.9784293,42.7939599],[0.9785009,42.7939028],[0.9785989,42.7938579],[0.9785296,42.7937792],[0.9785329,42.793719],[0.9784491,42.7935987],[0.9784399,42.7935491],[0.9784419,42.7934915],[0.9784748,42.7934238],[0.9785204,42.7933752],[0.9785866,42.7933342],[0.9785924,42.7933082],[0.9785907,42.7932506],[0.9786159,42.7932286],[0.9786264,42.7931712],[0.9786423,42.7931373],[0.9786441,42.7930843],[0.978654,42.7930458],[0.978622,42.7929831],[0.9785543,42.7928937],[0.9785091,42.7928227],[0.9785038,42.7927992],[0.9785396,42.7927189],[0.9785369,42.792691],[0.9784243,42.7925917],[0.978355,42.7925472],[0.9781878,42.792473],[0.9781322,42.7924225],[0.9781256,42.7923306],[0.9781265,42.7922704],[0.9781201,42.7922424],[0.9780698,42.7922136],[0.9780239,42.7922001],[0.9780016,42.7921745],[0.9779802,42.7921588],[0.9779547,42.7921178],[0.9779228,42.7920876],[0.9778012,42.7920376],[0.9775933,42.7919743],[0.9774723,42.7919774],[0.9773262,42.7920331],[0.977267,42.7920509],[0.9772185,42.792077],[0.9772062,42.7920776],[0.97718,42.7920583],[0.9771862,42.7919864],[0.9771991,42.7919327],[0.9771929,42.7918984],[0.9771847,42.7918883],[0.9771185,42.791861],[0.977032,42.791854],[0.9768873,42.791836],[0.976843,42.7918117],[0.976778,42.7917844],[0.9767289,42.7917574],[0.9766933,42.7917271],[0.9766792,42.7917097],[0.9766738,42.7916898],[0.976677,42.7916683],[0.9766933,42.79162],[0.9767574,42.7915682],[0.9767879,42.7915337],[0.9768076,42.7914945],[0.9768437,42.7914412],[0.9768677,42.7914164],[0.9769053,42.7913911],[0.9769993,42.791356],[0.9770931,42.7913271],[0.9771607,42.7913158],[0.9772765,42.7912865],[0.9774769,42.7912471],[0.9775821,42.7912095],[0.9776589,42.7911768],[0.9777299,42.7911728],[0.9777595,42.7911643],[0.9777819,42.7911512],[0.9777791,42.7910918],[0.9778018,42.7910716],[0.977848,42.7910428],[0.9778949,42.7910284],[0.9779333,42.791012],[0.978002,42.7909683],[0.9780342,42.7909212],[0.9780553,42.7908758],[0.9780648,42.7908499],[0.9780668,42.7908256],[0.9780596,42.7907877],[0.9780294,42.790779],[0.9780008,42.7907578],[0.9779915,42.7907441],[0.9779969,42.790729],[0.9780849,42.7906928],[0.9781459,42.7906589],[0.9781407,42.7906336],[0.9780182,42.7905728],[0.9779955,42.790558],[0.9779473,42.7905049],[0.9779125,42.7904521],[0.9779156,42.7903973],[0.9779362,42.7903689],[0.9779541,42.7903099],[0.9779804,42.7902906],[0.978015,42.7902778],[0.9780596,42.7902255],[0.9781517,42.7901418],[0.9782292,42.7900902],[0.9782845,42.7900805],[0.9783248,42.7900785],[0.9784205,42.7900659],[0.9784767,42.7900301],[0.9785075,42.7899893],[0.9785833,42.7899872],[0.9786304,42.7900015],[0.9786701,42.7899843],[0.9786784,42.7899548],[0.9787044,42.7899445],[0.9787744,42.789935],[0.9788242,42.789908],[0.9788544,42.7898798],[0.9788994,42.789851],[0.978969,42.7897813],[0.9790243,42.7897355],[0.9790853,42.7897043],[0.9791939,42.7896695],[0.979312,42.7896447],[0.9794762,42.7896298],[0.9796407,42.7895717],[0.9797328,42.7895213],[0.9797662,42.7894743],[0.9797901,42.789419],[0.9798486,42.7893157],[0.979938,42.7892382],[0.9800383,42.7891277],[0.9801054,42.7890615],[0.9802096,42.789014],[0.9802971,42.7889914],[0.9803384,42.7889607],[0.9803528,42.7889331],[0.9803246,42.7889019],[0.9803664,42.7888946],[0.9805719,42.788778],[0.9806916,42.7887434],[0.9807442,42.7887416],[0.9807826,42.7887244],[0.9808316,42.7886857],[0.9808992,42.7886024],[0.9809552,42.7885028],[0.9809842,42.7884772],[0.9810807,42.7884395],[0.9812759,42.7883757],[0.981358,42.7883323],[0.9814931,42.7882404],[0.9817434,42.7879959],[0.9818449,42.7879214],[0.9820175,42.787698],[0.9820861,42.787621],[0.9821517,42.7875961],[0.9821809,42.7875652],[0.9822261,42.7875274],[0.9823057,42.7874884],[0.9824007,42.7874587],[0.9824345,42.787436],[0.982441,42.7874244],[0.9824624,42.787405],[0.9825268,42.787381],[0.9825846,42.7873677],[0.9826018,42.7873303],[0.9826119,42.7873215],[0.9826866,42.7872806],[0.9827666,42.7872263],[0.9828168,42.7871868],[0.9828586,42.7871093],[0.9828578,42.7869555],[0.9828745,42.7869306],[0.9829142,42.7869134],[0.9829547,42.786907],[0.9830735,42.7868984],[0.9832655,42.7868553],[0.983377,42.7868448],[0.9834926,42.786855],[0.9837087,42.7867862],[0.9838955,42.7867196],[0.9840281,42.7866987],[0.9840916,42.7866972],[0.9842643,42.7867886],[0.9845353,42.7868279],[0.9845831,42.7868207],[0.9846063,42.786822],[0.9847406,42.7868569],[0.9847958,42.7868876],[0.9851016,42.7869779],[0.985241,42.7870084],[0.9853776,42.7870119],[0.9855584,42.7870108],[0.9856347,42.7870293],[0.985737,42.7870376],[0.9857799,42.7870339],[0.9858245,42.787014],[0.9858441,42.7869775],[0.9859973,42.7869246],[0.9861792,42.7868929],[0.9865207,42.7868688],[0.9866635,42.7868715],[0.986698,42.7868622],[0.9867334,42.7868629],[0.9868033,42.7868894],[0.9868931,42.7869055],[0.9870151,42.7869096],[0.9870897,42.7869065],[0.9871319,42.7869225],[0.9872823,42.7869173],[0.9873526,42.7868979],[0.9873851,42.7869093],[0.9874546,42.7869124],[0.9875405,42.7869374],[0.9876714,42.7869668],[0.9877263,42.786967],[0.9877808,42.7869797],[0.9878412,42.7869637],[0.987885,42.7869691],[0.9879188,42.7869814],[0.9882095,42.7869086],[0.9883415,42.7868706],[0.9884769,42.786803],[0.9886085,42.7867776],[0.9887687,42.7867356],[0.9888571,42.7867202],[0.9889443,42.7866723],[0.9889923,42.7866597],[0.989036,42.7866669],[0.9890538,42.7866816],[0.9890867,42.7866858],[0.9893216,42.786603],[0.9893925,42.7865989],[0.9894335,42.7866149],[0.989474,42.7866454],[0.9895508,42.7866837],[0.9895979,42.7866999],[0.9896889,42.7867151],[0.9897196,42.7867103],[0.9897445,42.7866981],[0.9897689,42.7866617],[0.9898952,42.7866119],[0.9900251,42.7865982],[0.9901811,42.7866092],[0.9902982,42.7866482],[0.9904283,42.7866993],[0.9904485,42.7867149],[0.9904891,42.7867058],[0.9906451,42.786644],[0.9906893,42.7866376],[0.9907674,42.7866382],[0.9908551,42.7866452],[0.9909065,42.7866785],[0.9910051,42.7867577],[0.9910232,42.7867653],[0.9911369,42.7868673],[0.9912091,42.7868983],[0.9912444,42.7868998],[0.9912729,42.7868887],[0.9913024,42.7868847],[0.9913326,42.7868916],[0.9914174,42.786913],[0.9914871,42.7869458],[0.9915318,42.7869601],[0.9916428,42.786964],[0.9917585,42.7869356],[0.9919089,42.7869303],[0.9920467,42.7869356],[0.9920913,42.7869526],[0.9921013,42.7869825],[0.9921906,42.7870498],[0.9922265,42.7870703],[0.9922704,42.7870711],[0.9922982,42.7870806],[0.9923913,42.7871435],[0.9924622,42.7871772],[0.9925099,42.7872078],[0.9925234,42.7872071],[0.9925384,42.7871966],[0.9925693,42.7871873],[0.9926151,42.7872026],[0.9926541,42.7872429],[0.9927312,42.7872713],[0.9928391,42.7872958],[0.9929095,42.7873061],[0.9929294,42.7872984],[0.9930445,42.7872871],[0.9931105,42.7873567],[0.9931911,42.7873932],[0.9932457,42.7874024],[0.9933168,42.7873965],[0.9933429,42.7873817],[0.9933584,42.7873577],[0.9933811,42.7873365],[0.9934405,42.7873134],[0.9935513,42.7872884],[0.9938154,42.787279],[0.9940193,42.7872432],[0.9941086,42.7872035],[0.9941609,42.7871757],[0.9941823,42.7871554],[0.9942934,42.7870865],[0.9943986,42.787012],[0.9946861,42.7868896],[0.9947534,42.7868855],[0.9948679,42.7869281],[0.9949437,42.7869637],[0.9950739,42.787048],[0.9954723,42.7872165],[0.9956014,42.7872962],[0.9956681,42.787346],[0.996138,42.7876013],[0.9962174,42.787636],[0.9963126,42.7876738],[0.9963502,42.787679],[0.9964784,42.7876805],[0.9966782,42.787767],[0.9967031,42.7877863],[0.9967223,42.7877957],[0.9967682,42.7878118],[0.996862,42.7878181],[0.9969514,42.7878477],[0.9970167,42.7879001],[0.9970376,42.7879311],[0.9970543,42.7880151],[0.9970687,42.7880576],[0.9971112,42.7880998],[0.9971446,42.7881238],[0.9971856,42.7881381],[0.9972476,42.7881464],[0.9974417,42.7881473],[0.9976246,42.7881912],[0.9977901,42.7881727],[0.9978273,42.7881213],[0.9978505,42.7881208],[0.9981113,42.7882453],[0.9983123,42.7883282],[0.9984075,42.7884019],[0.9985492,42.7884711],[0.9985998,42.7885279],[0.9987787,42.7886877],[0.9989005,42.7887314],[0.999059,42.7887757],[0.9991736,42.7887823],[0.9993032,42.7887775],[0.9994634,42.7887347],[0.9995495,42.7887156],[0.9996884,42.7887614],[0.9997348,42.7887604],[0.9998337,42.7887982],[0.9998272,42.7888449],[1.0000484,42.7889821],[1.0001136,42.7890409],[1.0001405,42.7891107],[1.0001827,42.789196],[1.0002222,42.7892183],[1.000292,42.7892493],[1.0003887,42.789279],[1.0004278,42.7892789],[1.0004805,42.7893095],[1.0005405,42.7893034],[1.0006842,42.789316],[1.0008195,42.7893581],[1.0009946,42.7895593],[1.0010735,42.7896084],[1.0011651,42.7897136],[1.0013107,42.7897064],[1.0015124,42.7897344],[1.0016432,42.7897665],[1.0016955,42.789808],[1.0018191,42.7899443],[1.0018481,42.7899521],[1.0019251,42.7899508],[1.0019878,42.7899394],[1.0021703,42.7898888],[1.0022954,42.7898381],[1.0023543,42.7898302],[1.0023942,42.7898417],[1.0024693,42.7899286],[1.0025278,42.7899341],[1.0026593,42.7899078],[1.0026998,42.7899032],[1.0027533,42.7899096],[1.00282,42.7899243],[1.0028716,42.7899136],[1.0029785,42.7899308],[1.0030559,42.789953],[1.0031474,42.7899925],[1.0031726,42.7900055],[1.0032106,42.7900359],[1.0032828,42.7900669],[1.0034434,42.7900843],[1.0035072,42.7901125],[1.0036329,42.7901859],[1.0036763,42.7902371],[1.003752,42.7902736],[1.0038137,42.79029],[1.0038832,42.790365],[1.0040147,42.7904844],[1.004161,42.7905627],[1.0042328,42.7905685],[1.0043021,42.790613],[1.0043669,42.7906115],[1.0044616,42.7906295],[1.0045956,42.7906383],[1.0048695,42.790736],[1.0049367,42.7908056],[1.0051018,42.7908689],[1.0051689,42.7908711],[1.0053519,42.790843],[1.0054593,42.790845],[1.0058313,42.7907881],[1.0059317,42.7907432],[1.0060626,42.7907015],[1.0061603,42.7907016],[1.006241,42.7906626],[1.0063631,42.790628],[1.0066799,42.7905799],[1.0067675,42.7905527],[1.007207,42.7904512],[1.0073947,42.7903908],[1.0074269,42.7903761],[1.007442,42.7903629],[1.0075482,42.7902228],[1.0076303,42.7901424],[1.0077018,42.790088],[1.0077724,42.7900587],[1.007797,42.7900187],[1.0079756,42.7898664],[1.0081092,42.7897817],[1.0081656,42.7897395],[1.0083366,42.7896312],[1.0084334,42.789588],[1.008519,42.7895122],[1.0086787,42.7894495],[1.0087795,42.7893948],[1.008887,42.7893212],[1.0089876,42.7892367],[1.0090836,42.7891441],[1.0091821,42.7890865],[1.0093433,42.7889771],[1.0094449,42.7889349],[1.0094907,42.7888827],[1.0095856,42.7888206],[1.0096034,42.7888011],[1.0097019,42.7887418],[1.0098184,42.7886567],[1.0098499,42.7885574],[1.009902,42.7885323],[1.010173,42.7884294],[1.0102366,42.788391],[1.0103136,42.7883529],[1.0104076,42.7883168],[1.0105094,42.7882693],[1.0105909,42.7882069],[1.0107557,42.7881029],[1.0108541,42.7880472],[1.0109521,42.7880022],[1.0110582,42.78797],[1.0111338,42.7879382],[1.0112573,42.7878613],[1.0113383,42.7878484],[1.0115038,42.7878299],[1.0116573,42.7878049],[1.0117311,42.787826],[1.0117958,42.7878641],[1.0118605,42.7879345],[1.0119478,42.7879883],[1.0119904,42.7880278],[1.0120253,42.7881148],[1.012023,42.7881822],[1.0120291,42.7882192],[1.0120514,42.7882457],[1.0120876,42.7882572],[1.0121315,42.7882598],[1.0122112,42.7882505],[1.0124006,42.7882099],[1.0124939,42.7881963],[1.0125998,42.7882073],[1.0127188,42.7882257],[1.0127656,42.7882518],[1.0128058,42.7882903],[1.0128913,42.7883602],[1.0130235,42.7884589],[1.0131473,42.788517],[1.0132299,42.7885644],[1.0133061,42.7885883],[1.0133876,42.788597],[1.0135024,42.7885973],[1.0135972,42.7885739],[1.0137139,42.7885554],[1.0139725,42.7885269],[1.0140899,42.7885237],[1.0142045,42.7885285],[1.0143015,42.7885492],[1.0143739,42.7885739],[1.0144384,42.7885814],[1.0144843,42.7885588],[1.0145157,42.7884983],[1.014583,42.7884222],[1.0146419,42.7883792],[1.0147438,42.7883262],[1.0147945,42.7882741],[1.014875,42.7882054],[1.0149647,42.7881153],[1.0151037,42.7880162],[1.0152688,42.7879384],[1.01547,42.7878737],[1.0156795,42.7877841],[1.015887,42.7876773],[1.0159959,42.7876001],[1.0162674,42.7874459],[1.0163525,42.7873855],[1.0164675,42.7873444],[1.0170148,42.7870514],[1.0170844,42.7870509],[1.0172012,42.7870998],[1.0172473,42.7871088],[1.0173495,42.7871197],[1.0175045,42.7871216],[1.0176724,42.7871409],[1.0181101,42.7872336],[1.0183009,42.7872956],[1.0183503,42.7873154],[1.0186649,42.7872942],[1.0187461,42.7872399],[1.0187866,42.7873073],[1.0189115,42.7873671],[1.0191145,42.7874311],[1.0192536,42.7874346],[1.0193723,42.7874278],[1.0194644,42.7874124],[1.0195571,42.7873809],[1.0197097,42.7873099],[1.019879,42.7872159],[1.0202245,42.787073],[1.0204298,42.7869985],[1.0208747,42.7868808],[1.0211305,42.7868271],[1.0222595,42.7866275],[1.0226518,42.7865484],[1.0228316,42.7865032],[1.0230973,42.7864811],[1.0232776,42.7864943],[1.0235293,42.7865259],[1.0237963,42.7865758],[1.0239627,42.7866014],[1.0241343,42.7866198],[1.0242878,42.786629],[1.0246803,42.7866875],[1.0248377,42.7866904],[1.0249789,42.7866687],[1.0251416,42.7866591],[1.0251884,42.7866492],[1.0252628,42.7866164],[1.02547,42.7865545],[1.0255975,42.7865056],[1.0257109,42.7864735],[1.0258018,42.7864572],[1.0258899,42.7864525],[1.0259273,42.7864676],[1.0259568,42.7864978],[1.026024,42.7865314],[1.026109,42.7865456],[1.0262765,42.7865388],[1.026508,42.7865197],[1.0267488,42.7865115],[1.0269421,42.7865007],[1.0271913,42.7864999],[1.0274024,42.7865037],[1.0277553,42.7864698],[1.0279811,42.786437],[1.0281218,42.7864279],[1.0282479,42.7863466],[1.0283522,42.7862955],[1.028492,42.7862441],[1.0286555,42.7861742],[1.0288313,42.7861406],[1.0289588,42.7860889],[1.0290916,42.7860248],[1.029273,42.7859715],[1.0293833,42.78596],[1.0294426,42.7859395],[1.0295639,42.7858545],[1.0297363,42.7857767],[1.0299043,42.7856827],[1.0300014,42.7855918],[1.0302117,42.7854779],[1.0303244,42.7853954],[1.0304298,42.7853092],[1.0305712,42.7852101],[1.0307479,42.7851126],[1.0309073,42.7849852],[1.0310211,42.7849045],[1.0311145,42.7848522],[1.0312711,42.7848083],[1.0313681,42.7847912],[1.0314755,42.7848301],[1.0315373,42.7848807],[1.0317478,42.7849745],[1.0318649,42.7850153],[1.0320495,42.7850439],[1.0321294,42.7850643],[1.0321776,42.7850831],[1.0322651,42.7851315],[1.0323675,42.7852098],[1.0324392,42.7852912],[1.0324577,42.7853221],[1.0324998,42.7854497],[1.0325172,42.7855139],[1.0325213,42.7856093],[1.0325579,42.785717],[1.0326176,42.7858315],[1.0326996,42.7859328],[1.0327973,42.7860776],[1.0328931,42.7862404],[1.0329729,42.78641],[1.0330015,42.7865374],[1.0330092,42.7867444],[1.0330242,42.7868796],[1.033021,42.7870091],[1.0330297,42.7870416],[1.0330264,42.7870667],[1.0331359,42.7870058],[1.0332467,42.7869781],[1.0334275,42.786941],[1.0335745,42.7868924],[1.0336958,42.7868442],[1.0338808,42.7868252],[1.0341563,42.786805],[1.0342808,42.7867686],[1.0344143,42.7867225],[1.0345439,42.7866448],[1.0346615,42.7865966],[1.0347847,42.7865647],[1.0349697,42.7865474],[1.0352921,42.7864742],[1.0354009,42.7864366],[1.0354563,42.7864952],[1.0356089,42.786641],[1.0357268,42.7866944],[1.036008,42.7867553],[1.0362203,42.786797],[1.0366013,42.7867977],[1.03677,42.7868286],[1.0370358,42.7869495],[1.0372262,42.786953],[1.0372412,42.7869492],[1.0373493,42.786922],[1.0374943,42.786859],[1.0376526,42.7868007],[1.0377374,42.7867861],[1.0378553,42.7868368],[1.037917,42.7868559],[1.0379818,42.7869255],[1.0380801,42.7869804],[1.0382067,42.7870267],[1.0383611,42.7870485],[1.0384553,42.787043],[1.038635,42.7870013],[1.0387219,42.7869597],[1.0388465,42.7868855],[1.0389284,42.7868457],[1.0390056,42.7868012],[1.039222,42.7867224],[1.0394219,42.7865885],[1.0394994,42.786571],[1.0395618,42.7865685],[1.0396032,42.7865369],[1.0396465,42.7865188],[1.039704,42.7864803],[1.0397799,42.7864367],[1.0398973,42.7863957],[1.0399341,42.7863919],[1.0399863,42.7864018],[1.0400047,42.7863994],[1.0400545,42.7864075],[1.0401519,42.7863787],[1.0402642,42.7863817],[1.0403341,42.7863731],[1.0404007,42.7863536],[1.040432,42.7863308],[1.0405859,42.7862563],[1.0406023,42.7862404],[1.0406504,42.7862269],[1.0406762,42.7862201],[1.0407502,42.7862368],[1.0407758,42.7862364],[1.0408086,42.7862423],[1.04083,42.7862229],[1.0408424,42.7861809],[1.0409266,42.7861096],[1.0410059,42.7861128],[1.0410916,42.7861072],[1.0411742,42.7861195],[1.0414576,42.7861184],[1.0415757,42.78609],[1.0416375,42.7860704],[1.0417456,42.786013],[1.0418072,42.7859971],[1.0418331,42.7859544],[1.0418984,42.7859367],[1.0419746,42.7859228],[1.042059,42.7859171],[1.0421502,42.7858945],[1.0422539,42.7858613],[1.0423731,42.7858014],[1.0424062,42.7857606],[1.0424878,42.7856938],[1.0425797,42.7856487],[1.0426644,42.7856376],[1.0427522,42.7856033],[1.0428519,42.7855808],[1.0430041,42.7855224],[1.0430958,42.7854818],[1.0433564,42.7853571],[1.0435195,42.7852296],[1.0435777,42.7851686],[1.043653,42.7851079],[1.0437166,42.7850695],[1.043774,42.7849968],[1.0437838,42.7849583],[1.0438187,42.7849005],[1.0438541,42.7848651],[1.0438639,42.7848267],[1.0438637,42.784797],[1.0438933,42.7847534],[1.0439499,42.7847023],[1.0440063,42.7846602],[1.0440399,42.7846401],[1.0440514,42.7846277],[1.044041,42.7846095],[1.0440077,42.7845828],[1.0440313,42.7845329],[1.0440866,42.7844862],[1.0440932,42.7844738],[1.0440891,42.7844494],[1.0440735,42.784441],[1.04405,42.7844145],[1.0439002,42.7842939],[1.0438685,42.7842547],[1.0438521,42.7841986],[1.04375,42.7841104],[1.0436727,42.7840146],[1.0436215,42.7839758],[1.0435777,42.7839346],[1.0434846,42.7838339],[1.0434493,42.7837577],[1.0432832,42.7835406],[1.0432463,42.7834779],[1.0431821,42.7833886],[1.0430799,42.7831951],[1.0429835,42.7829757],[1.0429102,42.7828332],[1.0427215,42.7825617],[1.0426577,42.7824607],[1.0426389,42.7823668],[1.042748,42.7822833],[1.0428072,42.7822286],[1.0428913,42.7820881],[1.0429476,42.781974],[1.0430181,42.7819132],[1.043163,42.781816],[1.0434007,42.7815739],[1.0437059,42.7812107],[1.0437865,42.7811042],[1.0439586,42.7811056],[1.044364,42.7810689],[1.0446479,42.7810489],[1.0450048,42.7810383],[1.0450999,42.7810436],[1.0453161,42.7810413],[1.0453867,42.7810489],[1.0460008,42.781088],[1.0460264,42.7811244],[1.0460564,42.7811393],[1.046112,42.7811215],[1.0461647,42.7811161],[1.0463269,42.7811218],[1.0464759,42.7811191],[1.0466144,42.7811045],[1.046676,42.7810877],[1.0467762,42.781085],[1.0469286,42.7810923],[1.0470501,42.7810729],[1.0473128,42.7810678],[1.0472945,42.7810315],[1.0474695,42.7810212],[1.0476504,42.7810164],[1.0479405,42.7809587],[1.0480781,42.7810422],[1.0482107,42.7810572],[1.0483455,42.7811523],[1.0484807,42.7811601],[1.0485421,42.7811882],[1.0485978,42.781236],[1.048661,42.7812821],[1.0488296,42.7813149],[1.0488744,42.7812914],[1.0489508,42.7813063],[1.0489962,42.7813728],[1.0490741,42.7814534],[1.0491442,42.7814735],[1.049197,42.7815024],[1.0492174,42.7815504],[1.0492396,42.7815787],[1.0493001,42.781596],[1.0493624,42.7815953],[1.0494339,42.7816101],[1.0496551,42.781678],[1.0497939,42.7817255],[1.049892,42.7817489],[1.0499548,42.7817698],[1.0500268,42.781808],[1.0501774,42.7819052],[1.0502075,42.7819192],[1.0502463,42.7819262],[1.0503926,42.7819334],[1.0505905,42.7819657],[1.0506649,42.7819707],[1.0507194,42.7819825],[1.0508278,42.7820285],[1.0508805,42.7820592],[1.0509336,42.7820763],[1.0511606,42.7821182],[1.0513126,42.7821372],[1.0514767,42.7821941],[1.0515404,42.7822241],[1.0515791,42.7822374],[1.0517244,42.7822724],[1.0520747,42.7823129],[1.0521724,42.7823498],[1.0522755,42.7823687],[1.0524047,42.7823783],[1.0525478,42.7824079],[1.0527774,42.7824777],[1.0530033,42.782516],[1.0535359,42.7826183],[1.0536381,42.7826283],[1.0537565,42.7826295],[1.0538644,42.7826162],[1.0539578,42.7825981],[1.0542834,42.7825015],[1.0545713,42.7824365],[1.0548839,42.7824017],[1.0550314,42.7823729],[1.0552921,42.7822796],[1.0553915,42.7822293],[1.055501,42.7822043],[1.0555431,42.782187],[1.0556636,42.7821631],[1.0557591,42.7821532],[1.0558784,42.7821284],[1.0561428,42.7821107],[1.0564054,42.7821073],[1.0564215,42.7820995],[1.0565059,42.7820957],[1.0565415,42.78209],[1.0565846,42.7820782],[1.0566125,42.7820472],[1.0566299,42.7820403],[1.0567366,42.7820261],[1.0571137,42.7819223],[1.0572359,42.7818831],[1.0572751,42.7818802],[1.0573516,42.7818924],[1.0575257,42.7819055],[1.0578239,42.7819729],[1.058082,42.7819956],[1.0581705,42.7820134],[1.0583071,42.7820195],[1.0584513,42.7820158],[1.0584678,42.7820341],[1.0584705,42.7820629],[1.0584594,42.7821032],[1.0584599,42.7821248],[1.0584755,42.7821673],[1.0586014,42.7822002],[1.0586581,42.7822588],[1.0586956,42.782416],[1.0587457,42.7824888],[1.0587978,42.7825348],[1.0588052,42.7825709],[1.0587817,42.7826172],[1.0587791,42.7826558],[1.0587966,42.7826822],[1.0588409,42.7827073],[1.0589055,42.7827121],[1.0589323,42.7827513],[1.0589956,42.7827938],[1.0591549,42.7828111],[1.0591984,42.7828631],[1.0592403,42.7829232],[1.0592689,42.7829444],[1.0593103,42.7829479],[1.0593033,42.7829756],[1.0592322,42.783058],[1.059223,42.7831145],[1.0592608,42.783153],[1.0593112,42.7831791],[1.0593251,42.7832387],[1.0593353,42.7832613],[1.0593304,42.783335],[1.0593436,42.7833793],[1.0593868,42.7834008],[1.0594066,42.7834668],[1.0594016,42.7835054],[1.0594157,42.7835227],[1.0594754,42.7834914],[1.0596055,42.7834713],[1.0596756,42.7834177],[1.0598765,42.7833278],[1.0599879,42.783319],[1.0600277,42.7832955],[1.0600411,42.7832606],[1.0600509,42.7831879],[1.060074,42.7831542],[1.0602311,42.7830923],[1.0604258,42.783112],[1.060555,42.7830837],[1.0605617,42.7831378],[1.0606639,42.7831127],[1.060774,42.7830706],[1.060865,42.7830516],[1.0609587,42.7830614],[1.0611417,42.7831025],[1.0613058,42.7831621],[1.0613753,42.7831651],[1.0614481,42.783179],[1.0614888,42.7832023],[1.0615231,42.7832371],[1.0616183,42.783237],[1.0616841,42.7832778],[1.0618396,42.7832662],[1.0619379,42.7832482],[1.062135,42.7832328],[1.0622192,42.7831984],[1.0622461,42.7831962],[1.0625363,42.7832095],[1.0626978,42.7831998],[1.0628269,42.7832085],[1.062921,42.7832075],[1.0631891,42.7832213],[1.0632529,42.7832126],[1.0633492,42.7832197],[1.0636213,42.7832246],[1.0638213,42.7832336],[1.063985,42.7832312],[1.0641861,42.783242],[1.0644928,42.783235],[1.0645348,42.7832573],[1.0646042,42.7832649],[1.0646834,42.7832681],[1.0648814,42.7832645],[1.0650539,42.7832541],[1.0652113,42.7832192],[1.0652118,42.7832057],[1.0652696,42.7831914],[1.0653207,42.7831996],[1.0654373,42.7831819],[1.0655397,42.7831495],[1.0656106,42.7831103],[1.0656437,42.7830696],[1.0656818,42.7830604],[1.0657186,42.7830556],[1.0658146,42.7830331],[1.0660685,42.7830008],[1.0663106,42.782989],[1.0664889,42.7829166],[1.0665324,42.782894],[1.0665916,42.7828762],[1.0666061,42.7828432],[1.066643,42.7827989],[1.0667736,42.7826888],[1.0668305,42.7826664],[1.0668878,42.7826351],[1.0669594,42.7826094],[1.0670803,42.782572],[1.0671085,42.7825689],[1.0671399,42.7825803],[1.0672048,42.782612],[1.067285,42.7826593],[1.0673859,42.7826738],[1.0676353,42.7827376],[1.0677203,42.7827535],[1.0678128,42.7827624],[1.0679081,42.7827596],[1.0679273,42.782769],[1.0679308,42.7827753],[1.067971,42.7827761],[1.0680575,42.7827848],[1.0681101,42.7827795],[1.0681705,42.7827626],[1.068238,42.782753],[1.0682915,42.7827593],[1.0683404,42.7827584],[1.0683796,42.7827537],[1.0684215,42.7827437],[1.0686327,42.782743],[1.0687015,42.7827308],[1.069015,42.7827409],[1.069238,42.7827557],[1.0693479,42.7827541],[1.0694232,42.7827662],[1.0694574,42.7827669],[1.069497,42.7827496],[1.0695513,42.7827326],[1.0697618,42.7827202],[1.0699134,42.7826402],[1.0699454,42.7826317],[1.0702535,42.782622],[1.0703862,42.7826325],[1.0704644,42.7826321],[1.0705635,42.782624],[1.070644,42.7826272],[1.0707777,42.7826476],[1.0710141,42.7826986],[1.0710797,42.7827097],[1.0711061,42.7827228],[1.0711412,42.7827306],[1.0711923,42.7827369],[1.0712768,42.7827304],[1.0713605,42.7827454],[1.0714704,42.7827473],[1.0716184,42.7827392],[1.0718305,42.7827142],[1.0719651,42.7827059],[1.0721998,42.7826597],[1.0723143,42.7826303],[1.0723989,42.7826201],[1.0724502,42.7826201],[1.0727155,42.7826474],[1.072796,42.7826498],[1.0729566,42.7826688],[1.073023,42.7826538],[1.0731369,42.7826055],[1.0732033,42.7825941],[1.0734358,42.7825767],[1.0735305,42.7826675],[1.0735564,42.7827336],[1.0735813,42.7827556],[1.0737287,42.782805],[1.0737921,42.782843],[1.0738397,42.7828808],[1.0738773,42.7829264],[1.0739364,42.7829816],[1.0739561,42.7830134],[1.0739917,42.7830473],[1.0741002,42.7831181],[1.0743952,42.7833518],[1.0744114,42.7834321],[1.0745184,42.7835669],[1.0745056,42.7836812],[1.0743747,42.7837625],[1.0743899,42.7838558],[1.0744041,42.7839055],[1.0744358,42.7839429],[1.0745022,42.7840053],[1.0745856,42.7841039],[1.074632,42.7841407],[1.0746668,42.7841576],[1.0748308,42.7842594],[1.0749074,42.7843427],[1.074945,42.7844243],[1.0749963,42.7844981],[1.0750928,42.7847175],[1.0751336,42.7847767],[1.0752233,42.7850553],[1.0753011,42.7851754],[1.0753138,42.785235],[1.0753593,42.7853725],[1.0754065,42.7854948],[1.0754542,42.7856027],[1.0755251,42.7857128],[1.0755782,42.7858433],[1.0756231,42.7858873],[1.0756706,42.7860023],[1.0758267,42.786194],[1.075911,42.7862657],[1.0759831,42.7863003],[1.0760159,42.7863072],[1.0761377,42.7863885],[1.0762128,42.7864825],[1.0764506,42.7868591],[1.0766104,42.78705],[1.0766535,42.7871128],[1.0766708,42.7871815],[1.076712,42.7872632],[1.076717,42.7872965],[1.0767126,42.7873189],[1.0766843,42.7873634],[1.0766527,42.7873943],[1.0766384,42.7874219],[1.0767028,42.7875049],[1.0767207,42.7875556],[1.0767737,42.7876501],[1.0767711,42.7876942],[1.0767286,42.787795],[1.076799,42.787808],[1.0768685,42.7878128],[1.0769069,42.7878315],[1.0769373,42.7879121],[1.0769327,42.787939],[1.0769555,42.7879889],[1.0769962,42.7880499],[1.0770627,42.7881068],[1.0771386,42.7881379],[1.0771592,42.7881427],[1.0771983,42.7881434],[1.0772272,42.7881557],[1.0772672,42.7882004],[1.0773135,42.7882031],[1.0773531,42.7882263],[1.0774493,42.7882325],[1.0776648,42.7883272],[1.0776999,42.788335],[1.0777992,42.7883233],[1.0778709,42.7882985],[1.0780233,42.7883057],[1.0782096,42.7883235],[1.0784206,42.7883291],[1.0784834,42.7883149],[1.0785629,42.7883118],[1.0786812,42.7883148],[1.0788701,42.7883263],[1.0789264,42.788286],[1.0789543,42.788255],[1.0789794,42.788197],[1.0789828,42.78817],[1.0790215,42.7881429],[1.0790676,42.7880402],[1.0791139,42.7880078],[1.0791533,42.7879986],[1.0792656,42.787961],[1.0793248,42.787945],[1.0794094,42.7879339],[1.0794851,42.7878993],[1.0795772,42.7878812],[1.0796558,42.7878331],[1.0796661,42.7878162],[1.0797145,42.7877928],[1.0797566,42.7877738],[1.0798862,42.7877338],[1.0799728,42.7876616],[1.080006,42.7876541],[1.0800612,42.7876479],[1.0801337,42.7875979],[1.0801456,42.7875685],[1.0801794,42.7875457],[1.0802272,42.7875016],[1.0802635,42.7874375],[1.0802354,42.7873641],[1.0802381,42.787321],[1.0802477,42.7872888],[1.0802751,42.7872722],[1.080306,42.7872601],[1.0803389,42.7872265],[1.0803526,42.7872178],[1.0804058,42.7871981],[1.0805269,42.7871175],[1.0805976,42.7870846],[1.0806937,42.7870584],[1.0807303,42.7870231],[1.0807689,42.7869986],[1.0808283,42.7869394],[1.0809718,42.7868457],[1.081051,42.7868148],[1.0811145,42.7868141],[1.0811627,42.7868347],[1.0811884,42.7868307],[1.0812169,42.7867817],[1.0812385,42.7867578],[1.0812633,42.7867457],[1.0812626,42.7867286],[1.0812519,42.7867203],[1.0812572,42.7867078],[1.081348,42.7866591],[1.0813522,42.786643],[1.0813497,42.7866069],[1.0813628,42.7865811],[1.0815217,42.7864634],[1.0816699,42.7863761],[1.0818365,42.7862487],[1.0819047,42.7861087],[1.0820072,42.7859603],[1.0821985,42.7857155],[1.0822908,42.7856551],[1.0823193,42.7856421],[1.0823357,42.7856289],[1.0823614,42.7855889],[1.0824502,42.7855266],[1.0824581,42.785507],[1.0825422,42.785477],[1.0826315,42.7854696],[1.0826745,42.7854623],[1.0827112,42.785462],[1.0827495,42.7854465],[1.0827827,42.7854399],[1.082846,42.7854096],[1.0828927,42.7854005],[1.0829462,42.7854069],[1.0829543,42.7853459],[1.0829735,42.7853192],[1.0829989,42.7852522],[1.0831268,42.7851529],[1.0831784,42.7850692],[1.0832074,42.7850419],[1.0832397,42.7849876],[1.0833018,42.7849176],[1.0833121,42.7849025],[1.0833229,42.7848703],[1.0833652,42.7848459],[1.0833449,42.7847214],[1.0832952,42.7844876],[1.0832879,42.7843759],[1.0832001,42.7840757],[1.0831685,42.7839978],[1.0831555,42.7839481],[1.083125,42.7839098],[1.0829758,42.7838055],[1.082956,42.7837773],[1.0829555,42.7837548],[1.0829818,42.7836986],[1.083009,42.7836883],[1.0830245,42.7836616],[1.0830238,42.7836103],[1.0831278,42.7836031],[1.0831072,42.7835596],[1.0830985,42.7835289],[1.0831201,42.7835023],[1.083177,42.7834799],[1.0831516,42.7834372],[1.0831532,42.7834264],[1.083191,42.7833884],[1.0832329,42.7833046],[1.0833196,42.7831928],[1.0833325,42.7831706],[1.0833349,42.7831364],[1.0833272,42.7831102],[1.0832893,42.7830754],[1.0832675,42.7830336],[1.0832495,42.7829856],[1.083208,42.7829111],[1.0832051,42.7828886],[1.0832143,42.782869],[1.0833163,42.7827745],[1.0834255,42.7827567],[1.0834449,42.7826896],[1.0835319,42.7824573],[1.083558,42.7824416],[1.0835718,42.7823959],[1.0836011,42.7823587],[1.0836069,42.7822931],[1.0836394,42.7822694],[1.0836355,42.7822415],[1.0836444,42.7821931],[1.0836521,42.7821797],[1.0837341,42.782138],[1.083803,42.7821222],[1.0838136,42.7820963],[1.083903,42.7819773],[1.0839001,42.7819188],[1.0838866,42.7818817],[1.0838958,42.781863],[1.0839453,42.7818423],[1.0839666,42.7818274],[1.0840171,42.7817752],[1.0840471,42.7817551],[1.0840887,42.7817162],[1.0840971,42.7816822],[1.0841348,42.7816145],[1.0841557,42.7816077],[1.0841913,42.7816047],[1.0842196,42.7815953],[1.0842748,42.7815532],[1.0843382,42.7815174],[1.084374,42.7814695],[1.0844336,42.7814022],[1.0846189,42.7812985],[1.0847166,42.7812633],[1.0847625,42.7812408],[1.0847664,42.7812336],[1.0847947,42.7812261],[1.0848148,42.7812102],[1.08482,42.7811986],[1.0848487,42.7811803],[1.0848668,42.7811509],[1.0850042,42.781058],[1.0850564,42.7810275],[1.0850841,42.7810028],[1.0851224,42.780954],[1.0851754,42.7809001],[1.0852343,42.7808552],[1.0852999,42.7808276],[1.0854364,42.7807995],[1.0855361,42.7807743],[1.0855682,42.7807623],[1.0856309,42.7807121],[1.085773,42.7806625],[1.0858324,42.7806375],[1.085927,42.7806212],[1.0860263,42.7805717],[1.086201,42.7805307],[1.0862546,42.7804984],[1.0863165,42.7804716],[1.0865223,42.7804528],[1.0867827,42.7804422],[1.0868265,42.7804088],[1.0869112,42.7803599],[1.0869959,42.7802724],[1.0870521,42.7801942],[1.0871402,42.7800402],[1.0871684,42.7799634],[1.0871718,42.7798969],[1.0871539,42.779848],[1.0871735,42.779771],[1.0871789,42.7797558],[1.087194,42.7797426],[1.0872,42.7797094],[1.087188,42.779666],[1.0871845,42.779585],[1.0872117,42.7795378],[1.0872447,42.7795006],[1.087258,42.7794667],[1.087348,42.779328],[1.0874704,42.7792078],[1.0874897,42.7791785],[1.0875004,42.7791508],[1.0874892,42.7791182],[1.0874567,42.7790673],[1.0874236,42.7790361],[1.0874175,42.7789982],[1.0873838,42.7789077],[1.0873813,42.7788726],[1.0873966,42.7788162],[1.0873964,42.7787487],[1.0873322,42.7786585],[1.0872887,42.7785336],[1.0872912,42.7784959],[1.0873044,42.7784637],[1.0873289,42.7784237],[1.0873889,42.7783825],[1.0874502,42.7783737],[1.0876248,42.7783363],[1.0877168,42.7783263],[1.0877616,42.7782992],[1.0878456,42.7782701],[1.0879216,42.7782616],[1.0882269,42.778258],[1.0883556,42.7782424],[1.0884591,42.7782163],[1.0885199,42.7781859],[1.0885824,42.7781034],[1.0886477,42.7780488],[1.0886859,42.7780387],[1.0887789,42.7780322],[1.0888235,42.7779746],[1.0888571,42.7779554],[1.0890334,42.7779028],[1.0891167,42.7778962],[1.0892926,42.7778552],[1.0893767,42.7778225],[1.0894148,42.7777782],[1.0897056,42.7776593],[1.0898378,42.7776509],[1.0899199,42.7776415],[1.0899758,42.777612],[1.090051,42.7775917],[1.0901193,42.777592],[1.0901591,42.7774587],[1.0902735,42.7773942],[1.0903813,42.7772369],[1.090546,42.7769422],[1.0906116,42.7767284],[1.0906466,42.77663],[1.0906741,42.7765739],[1.090799,42.7764889],[1.0909084,42.7764269],[1.0910165,42.7764082],[1.0911283,42.7763508],[1.0912108,42.7763667],[1.0913756,42.7763291],[1.0914806,42.7762923],[1.0915429,42.7762539],[1.0915972,42.7761982],[1.091604,42.7761776],[1.091552,42.7760139],[1.0915381,42.7759902],[1.0915618,42.7759772],[1.0916098,42.7759645],[1.091625,42.7759477],[1.0916318,42.7759272],[1.0916665,42.7758738],[1.0917165,42.7758369],[1.0917771,42.7758128],[1.0917913,42.7757915],[1.0918224,42.775774],[1.0919097,42.7757927],[1.0919098,42.775826],[1.0919428,42.7758616],[1.0919542,42.775887],[1.0919347,42.7759218],[1.0919364,42.7759461],[1.0919635,42.7759744],[1.0919786,42.775999],[1.0920319,42.7760494],[1.0920931,42.7760442],[1.0921035,42.7760624],[1.0921688,42.7760815],[1.0921664,42.7761166],[1.0923059,42.7761073],[1.092325,42.7761572],[1.0924169,42.7761102],[1.0928486,42.7759407],[1.0930536,42.7758688],[1.0931323,42.7758522],[1.0932508,42.7758498],[1.0933129,42.7758554],[1.0933879,42.7758748],[1.0934357,42.775872],[1.0934265,42.7758521],[1.0933518,42.7757851],[1.0933514,42.775759],[1.0933789,42.7757406],[1.0934196,42.7757296],[1.0934809,42.775683],[1.093473,42.775628],[1.0935855,42.7755464],[1.0937365,42.7754465],[1.0937558,42.7754154],[1.0937875,42.7753809],[1.0939134,42.7753031],[1.0939791,42.7752359],[1.0940335,42.7751397],[1.0940667,42.7750935],[1.0941411,42.7750229],[1.0942096,42.774981],[1.0943051,42.7749368],[1.0943334,42.7749301],[1.0946228,42.7748156],[1.094766,42.7747309],[1.0948609,42.7746651],[1.094858,42.7746417],[1.0948755,42.7746303],[1.0950532,42.7745714],[1.0952354,42.7745261],[1.0953211,42.7745186],[1.0954952,42.7745325],[1.0955814,42.7744756],[1.0955871,42.7744487],[1.0956026,42.7744238],[1.0956253,42.7744017],[1.0956598,42.7743906],[1.0960021,42.7743409],[1.0963915,42.7743038],[1.0965785,42.7742621],[1.096714,42.7742259],[1.096772,42.7742044],[1.09693,42.774191],[1.0971399,42.7741561],[1.0972287,42.7741289],[1.0973056,42.7740907],[1.0973404,42.7739987],[1.0973205,42.7738976],[1.0974542,42.7738792],[1.0975134,42.7738596],[1.0975409,42.7738403],[1.0975655,42.7738354],[1.0976102,42.773811],[1.0977534,42.7738009],[1.0978247,42.773786],[1.0979112,42.7737542],[1.0982069,42.7737469],[1.0983242,42.7737076],[1.0985632,42.7736768],[1.0987554,42.7736253],[1.0988734,42.7736004],[1.0989661,42.7735661],[1.0991035,42.7735065],[1.0992643,42.7734823],[1.0993002,42.7734677],[1.0993256,42.7734376],[1.0993744,42.7733629],[1.0994461,42.7732976],[1.0995248,42.7732441],[1.0995555,42.7732393],[1.0996323,42.7732415],[1.0998561,42.7732293],[1.1000264,42.7731352],[1.1001077,42.7731141],[1.1002216,42.7731027],[1.1003229,42.7731054],[1.1004279,42.7730677],[1.100537,42.7730543],[1.1007568,42.7729008],[1.1008897,42.7728312],[1.1009633,42.7728217],[1.1010142,42.7727974],[1.1011162,42.7727768],[1.1012315,42.7727221],[1.1012475,42.7727179],[1.1012742,42.772722],[1.1013258,42.7727139],[1.1014083,42.772692],[1.1014401,42.772689],[1.1014725,42.7726688],[1.1015426,42.7726539],[1.1015534,42.7726226],[1.1016648,42.7726138],[1.1017145,42.7725868],[1.1017575,42.7725785],[1.1018099,42.7725804],[1.1018834,42.7725727],[1.1020148,42.7725498],[1.1020795,42.772551],[1.1021909,42.7725763],[1.1023733,42.7726011],[1.1025558,42.7726206],[1.1026033,42.7726214],[1.1026342,42.7726489],[1.1027668,42.772663],[1.1030349,42.7726776],[1.1031817,42.7727063],[1.1033437,42.7727164],[1.1034803,42.7727206],[1.1035797,42.772743],[1.1036602,42.7727822],[1.1037098,42.7727957],[1.1038138,42.7727894],[1.1039378,42.7728078],[1.1039519,42.7728243],[1.1039712,42.7728291],[1.1040205,42.7728534],[1.1040654,42.7728254],[1.1041387,42.7728231],[1.104183,42.7728113],[1.1042269,42.7728147],[1.1042995,42.7727971],[1.1043517,42.7727684],[1.104426,42.7727724],[1.1044892,42.7727825],[1.1048466,42.7727537],[1.1050529,42.772716],[1.1051021,42.7726674],[1.1051852,42.7726284],[1.1053803,42.7725608],[1.1056179,42.7725389],[1.1056598,42.7724875],[1.1057306,42.7724879],[1.1057974,42.7725736],[1.1060592,42.7725962],[1.1062676,42.7726071],[1.1062987,42.7725869],[1.1063281,42.7725866],[1.1063967,42.772577],[1.1066091,42.7725052],[1.1067471,42.7724662],[1.1068277,42.7724254],[1.1068683,42.7723802],[1.1068761,42.7723642],[1.1069924,42.7722808],[1.1070879,42.7722339],[1.1071741,42.7722498],[1.1072103,42.7722253],[1.1072674,42.7722326],[1.1073045,42.7722198],[1.1073482,42.7721891],[1.1073425,42.7721755],[1.1075252,42.772113],[1.1075693,42.7721102],[1.1075834,42.7720898],[1.1076547,42.7720748],[1.1077648,42.772066],[1.107809,42.7720209],[1.1079874,42.7720178],[1.1080086,42.7720019],[1.1080657,42.7720119],[1.1081037,42.7720081],[1.1083745,42.7719382],[1.1084363,42.7718791],[1.1085263,42.7718132],[1.1085732,42.771761],[1.1085978,42.7717173],[1.108609,42.7716744],[1.108638,42.7716434],[1.1087737,42.7716404],[1.1087996,42.7716301],[1.108878,42.771546],[1.1089068,42.7714862],[1.1089564,42.7712758],[1.1089891,42.7712475],[1.1090778,42.7711475],[1.1091087,42.7710995],[1.1091723,42.7710565],[1.1092657,42.7709628],[1.1092837,42.7709344],[1.1092935,42.7708958],[1.1092976,42.7708465],[1.1093216,42.7707452],[1.1093271,42.7706518],[1.1093564,42.7704634],[1.1093539,42.7703905],[1.109377,42.7701661],[1.1093683,42.7699852],[1.1093623,42.7699446],[1.1093361,42.7698866],[1.1093164,42.7697396],[1.1092537,42.7693778],[1.1092525,42.7692645],[1.1092103,42.7691],[1.1091831,42.7689584],[1.1091742,42.7687828],[1.109177,42.7687343],[1.1091581,42.7687133],[1.1091282,42.7686957],[1.1091274,42.768683],[1.1091301,42.7686732],[1.1091376,42.7686679],[1.1091623,42.7686603],[1.1091769,42.7686614],[1.1091907,42.7686491],[1.1092052,42.7686179],[1.109214,42.7686099],[1.1092159,42.7685875],[1.1092278,42.7685616],[1.1092572,42.7685198],[1.1092738,42.7684608],[1.1092772,42.7683556],[1.1092709,42.7682871],[1.1092543,42.768196],[1.1092171,42.7681009],[1.109226,42.7680165],[1.1092075,42.7678714],[1.1093156,42.7675864],[1.1093526,42.7673865],[1.1094014,42.7671625],[1.1094007,42.7670734],[1.1094061,42.76698],[1.1094319,42.7668626],[1.1094989,42.766755],[1.1095244,42.7666475],[1.1095717,42.7665062],[1.1095913,42.7664292],[1.1096015,42.7663772],[1.1096052,42.7663008],[1.1095973,42.766244],[1.1095549,42.7660823],[1.1095123,42.7660033],[1.1094806,42.7659272],[1.1094245,42.7658138],[1.1093345,42.7656916],[1.1094821,42.7656934],[1.1096463,42.7657124],[1.109758,42.7657315],[1.1098452,42.7657159],[1.1099088,42.7657117],[1.1100097,42.7656874],[1.1101021,42.7656593],[1.1101665,42.7656317],[1.1103162,42.7655336],[1.1104076,42.7654992],[1.1105344,42.7654664],[1.1106396,42.7654224],[1.1107494,42.7653865],[1.1108564,42.7653632],[1.1109809,42.7653258],[1.1111335,42.7652872],[1.1112197,42.7653022],[1.1112843,42.765306],[1.1114355,42.7653842],[1.1117238,42.7654145],[1.1119415,42.7654021],[1.112057,42.7654168],[1.112303,42.7654742],[1.1123905,42.7654838],[1.1125471,42.765474],[1.1125907,42.7654837],[1.1126078,42.765484],[1.1126434,42.7654793],[1.1126718,42.765469],[1.1126865,42.7654674],[1.1127303,42.76547],[1.1127934,42.7654837],[1.1128167,42.7654787],[1.1128329,42.7654682],[1.1128724,42.7654167],[1.1129488,42.7653596],[1.1130864,42.7652937],[1.1133378,42.7651461],[1.1134489,42.7651058],[1.1134981,42.7650941],[1.1135377,42.7650777],[1.1135851,42.7650461],[1.1137025,42.7649286],[1.1137839,42.7648266],[1.1138912,42.7647547],[1.11413,42.7646177],[1.1142983,42.7645109],[1.1144512,42.7644633],[1.1145518,42.7644471],[1.1146688,42.7644149],[1.114811,42.7643958],[1.1149894,42.7643927],[1.1150813,42.7643808],[1.1151529,42.764392],[1.115168,42.7644165],[1.1151721,42.7644409],[1.1152474,42.7644161],[1.1153878,42.7643781],[1.1155286,42.7643653],[1.1157916,42.7643852],[1.1159358,42.7644183],[1.1160094,42.7644448],[1.1161526,42.7644329],[1.1161895,42.7644228],[1.1162107,42.7644088],[1.1162487,42.7643663],[1.1162747,42.764355],[1.1163263,42.7643451],[1.1163572,42.7643322],[1.1164529,42.764243],[1.1165863,42.7641572],[1.116799,42.7640333],[1.1168745,42.7640022],[1.1170314,42.7639825],[1.1170629,42.7639507],[1.1170876,42.7639412],[1.1171282,42.7639329],[1.1171591,42.76392],[1.117178,42.7639041],[1.1171911,42.7638756],[1.1172012,42.7638641],[1.1172423,42.7638405],[1.1173854,42.7637944],[1.1175289,42.7637727],[1.11771,42.763721],[1.1177442,42.7637207],[1.1178205,42.7636627],[1.1179397,42.7636018],[1.1180998,42.7635569],[1.1183032,42.7636082],[1.1185628,42.7635453],[1.1188492,42.7635215],[1.1191555,42.7634864],[1.1193316,42.7634401],[1.1194574,42.763284],[1.1196076,42.7631337],[1.119703,42.7629384],[1.1197851,42.7628139],[1.119897,42.7626765],[1.1199442,42.7625388],[1.1201554,42.7622709],[1.1202632,42.7621855],[1.1203148,42.7621001],[1.1203891,42.7619908],[1.1204691,42.7617817],[1.1204774,42.7616739],[1.1205545,42.7615944],[1.1206289,42.7614805],[1.1206748,42.7613455],[1.1207574,42.7612435],[1.1208147,42.761133],[1.1208535,42.7609916],[1.1208853,42.7609112],[1.1209491,42.7607891],[1.1210018,42.7607064],[1.1211843,42.760536],[1.1212614,42.7604528],[1.1214115,42.7603412],[1.1215369,42.7602391],[1.1216726,42.7601569],[1.121742,42.7600106],[1.1217739,42.7598151],[1.1217594,42.7596602],[1.121814,42.7595946],[1.1224632,42.7594854],[1.1226517,42.7594321],[1.1228394,42.7594003],[1.1230126,42.7593296],[1.1232184,42.7591938],[1.1233313,42.7591355],[1.1235065,42.7590018],[1.123606,42.7588327],[1.1238086,42.7586438],[1.123931,42.7585182],[1.1240162,42.7584109],[1.124248,42.7582261],[1.1242857,42.758153],[1.1244749,42.7580025],[1.1246136,42.7578268],[1.1247803,42.7576526],[1.1249407,42.7575987],[1.1251259,42.7575714],[1.1253142,42.7575621],[1.1255143,42.757526],[1.1257135,42.7574782],[1.1258815,42.7574164],[1.1261033,42.757351],[1.1262413,42.7572743],[1.1263181,42.757201],[1.1263869,42.7571113],[1.1264378,42.7570835],[1.1266166,42.7568761],[1.1267528,42.7567382],[1.1268369,42.7566299],[1.1269155,42.7565378],[1.1269743,42.756457],[1.1270103,42.7563982],[1.1270597,42.7563442],[1.1270983,42.7562801],[1.1271198,42.7562194],[1.1272176,42.7561401],[1.127356,42.7560499],[1.127546,42.7559471],[1.1276611,42.7558969],[1.1278556,42.7558446],[1.1279848,42.755774],[1.128064,42.7557025],[1.1281517,42.7556339],[1.1282488,42.7554998],[1.1283474,42.7552785],[1.1283489,42.7551562],[1.1286694,42.7548299],[1.1288239,42.7546923],[1.1289487,42.7546063],[1.1290141,42.7545103],[1.1290386,42.754356],[1.1290328,42.7541923],[1.1290974,42.7540081],[1.129174,42.7539015],[1.1293426,42.7535933],[1.1294717,42.7533356],[1.1296143,42.7529981],[1.1296806,42.7527969],[1.129793,42.7524895],[1.1298503,42.752379],[1.1299289,42.7522868],[1.1301578,42.7521136],[1.1301891,42.7520503],[1.1302648,42.7519743],[1.1303737,42.751888],[1.1305243,42.7517971],[1.1305693,42.751726],[1.1306675,42.7516701],[1.1306975,42.7516104],[1.1306969,42.751515],[1.130704,42.751445],[1.1308034,42.7513532],[1.1309154,42.7512868],[1.1310446,42.7512908],[1.1311916,42.7512727],[1.1312717,42.751213],[1.1313274,42.7511483],[1.131401,42.7511001],[1.1315382,42.7510467],[1.1318839,42.7508828],[1.1320286,42.7508232],[1.1321826,42.7507396],[1.1323281,42.7506935],[1.1325549,42.7505842],[1.1327095,42.7504448],[1.1328052,42.750352],[1.1327669,42.7502155],[1.1326467,42.7501217],[1.1326134,42.7500159],[1.132473,42.7499046],[1.1324314,42.7497941],[1.1324627,42.7496949],[1.1323924,42.7496415],[1.1322536,42.7495545],[1.1320975,42.7494376],[1.131955,42.7493155],[1.1319667,42.7492167],[1.1319213,42.7489965],[1.131872,42.748822],[1.1318177,42.748688],[1.1317912,42.7485616],[1.1318273,42.7484282],[1.1318196,42.748286],[1.1318407,42.748236],[1.1317526,42.7481301],[1.1316097,42.7479819],[1.131333,42.7476704],[1.1311752,42.7476038],[1.1309412,42.7475574],[1.130739,42.7475089],[1.1306218,42.7473945],[1.1304309,42.7469549],[1.1303464,42.7468123],[1.1302994,42.7466828],[1.130289,42.7465873],[1.1302968,42.7465335],[1.1301768,42.7463947],[1.1300646,42.7462038],[1.1299392,42.746082],[1.1299095,42.745979],[1.1298363,42.7458257],[1.1298419,42.7455776],[1.12987,42.7454243],[1.1298392,42.7452043],[1.1299276,42.7449981],[1.1300349,42.7448111],[1.1300619,42.744655],[1.130044,42.7445279],[1.1301012,42.7444201],[1.130271,42.7442621],[1.1303774,42.7441011],[1.1304216,42.7439031],[1.1305013,42.7438146],[1.1305227,42.7437205],[1.1306303,42.7436361],[1.130654,42.7435438],[1.1307899,42.7434158],[1.1308893,42.7432853],[1.1309229,42.7431879],[1.1310883,42.7429785],[1.1312693,42.7427748],[1.1312933,42.7427123],[1.1312819,42.74265],[1.1311319,42.7424954],[1.1309289,42.7423552],[1.1307709,42.742186],[1.1306585,42.7420374],[1.1305789,42.7417815],[1.1304549,42.7410823],[1.1303769,42.7407005],[1.130407,42.740067],[1.130395,42.7397574],[1.1305583,42.7394589],[1.1308971,42.7392427],[1.1311265,42.739128],[1.1313525,42.7390825],[1.1314163,42.7389199],[1.131432,42.7388473],[1.1315164,42.7387661],[1.131725,42.7386141],[1.1319175,42.7385104],[1.1320508,42.7384228],[1.1321561,42.7383743],[1.1322204,42.7382711],[1.1323742,42.738155],[1.1324686,42.7380649],[1.1326198,42.7379929],[1.1327959,42.7379411],[1.1329698,42.7379217],[1.1332791,42.7379037],[1.1334631,42.7378718],[1.1336422,42.7378048],[1.1337584,42.7377565],[1.1339707,42.7377188],[1.1341203,42.7376584],[1.1341524,42.7376077],[1.1342245,42.7372627],[1.1342949,42.7371578],[1.1343371,42.7370219],[1.1343972,42.736897],[1.1345515,42.736691],[1.1347368,42.7363507],[1.1347938,42.736286],[1.134823,42.7362146],[1.1349119,42.7361028],[1.134971,42.7360112],[1.1350605,42.735921],[1.1350737,42.7357773],[1.1351182,42.7356828],[1.1351008,42.7356915],[1.1351257,42.7354104],[1.1350679,42.7352331],[1.134929,42.73496],[1.134793,42.7347876],[1.134683,42.7346805],[1.1345453,42.7345243],[1.1344549,42.7343761],[1.1343758,42.7342911],[1.1342409,42.7341619],[1.1340748,42.7339378],[1.1338943,42.7337863],[1.1338105,42.733622],[1.1337819,42.733447],[1.133758,42.7330518],[1.1337308,42.732947],[1.1336842,42.7328023],[1.133628,42.7326934],[1.1335988,42.732575],[1.1335216,42.732473],[1.1334245,42.7323795],[1.1333412,42.7322764],[1.1332737,42.7321754],[1.1331828,42.732119],[1.1330995,42.7320546],[1.1330555,42.7319414],[1.1329839,42.7318529],[1.1329121,42.7318085],[1.1328753,42.7317026],[1.1328265,42.7315866],[1.1328518,42.7314846],[1.1328466,42.7313792],[1.1328274,42.7312179],[1.1327932,42.731104],[1.1329043,42.7310268],[1.1329123,42.7308147],[1.1329259,42.7306953],[1.1329844,42.7304679],[1.1329707,42.7303255],[1.1330463,42.7302126],[1.1331184,42.7300574],[1.1331407,42.7299319],[1.133153,42.7297765],[1.1331947,42.729618],[1.1331544,42.7294276],[1.133138,42.7292177],[1.1330915,42.729109],[1.1330862,42.7290082],[1.1331292,42.7289208],[1.1331936,42.7288517],[1.1332118,42.7287792],[1.1331971,42.728707],[1.1331267,42.7286194],[1.1331122,42.7285382],[1.1331468,42.7284498],[1.1332803,42.728203],[1.1333878,42.7280844],[1.133512,42.7280173],[1.1335819,42.7279654],[1.1336723,42.7279238],[1.1337919,42.7279232],[1.1338526,42.727855],[1.1339722,42.7278535],[1.1341587,42.7278217],[1.1343177,42.7277687],[1.134509,42.7277765],[1.1347135,42.7278278],[1.1348489,42.7278283],[1.1349816,42.7278747],[1.1350855,42.7278702],[1.135235,42.727773],[1.1353411,42.7276966],[1.135456,42.7276518],[1.1354996,42.727586],[1.1355066,42.7274818],[1.1355645,42.7274253],[1.1356851,42.7272412],[1.1357526,42.7271902],[1.1357901,42.7271216],[1.1358795,42.7270746],[1.135953,42.7269886],[1.1359962,42.7268977],[1.1360775,42.7268703],[1.1361867,42.7268137],[1.1362555,42.7267232],[1.1363492,42.726616],[1.1364017,42.7265387],[1.1366282,42.72636],[1.1368352,42.726334],[1.1370963,42.7261406],[1.1372649,42.7260554],[1.1375233,42.7259484],[1.1376353,42.7258047],[1.1377061,42.7257654],[1.1377999,42.7257293],[1.1378983,42.7257031],[1.1379938,42.7256175],[1.1381136,42.7255324],[1.1382532,42.7254404],[1.1384001,42.7253845],[1.1385217,42.7252831],[1.1386679,42.7252119],[1.1388537,42.7251612],[1.138916,42.7250831],[1.1389609,42.7250533],[1.1390423,42.7249109],[1.1392107,42.7248706],[1.1393214,42.7248042],[1.1393955,42.7247731],[1.1395213,42.7247312],[1.1398242,42.7245674],[1.1399333,42.7244344],[1.1400432,42.7243544],[1.14018,42.7243128],[1.1401778,42.7243046],[1.1403642,42.7242719],[1.1407658,42.7242267],[1.140926,42.7238706],[1.1410534,42.7238135],[1.1411598,42.7238063],[1.1413576,42.7237999],[1.1416435,42.7236699],[1.1418667,42.7235578],[1.1420927,42.7233944],[1.1421392,42.7233521],[1.1421739,42.7233329],[1.1422184,42.7232788],[1.1422288,42.7232583],[1.1422822,42.7232655],[1.1423884,42.7231864],[1.1424352,42.7231342],[1.1424484,42.7231038],[1.1424636,42.7230861],[1.1425947,42.7230686],[1.1426968,42.7230398],[1.1427974,42.7230217],[1.1428922,42.7229937],[1.142989,42.7229819],[1.1430323,42.7229637],[1.1430788,42.7229565],[1.14313,42.7229573],[1.1431753,42.7229518],[1.1433117,42.7229227],[1.1434332,42.7228601],[1.1434717,42.7227996],[1.1435077,42.7227813],[1.1435589,42.7227444],[1.1435971,42.7227316],[1.1436239,42.7227312],[1.1436191,42.7226924],[1.1436469,42.7226605],[1.1437059,42.7226481],[1.1437689,42.7226222],[1.1437989,42.7225993],[1.1438915,42.7225658],[1.1439614,42.7225536],[1.144054,42.7224805],[1.1441146,42.7224141],[1.144148,42.7223634],[1.1441649,42.7223286],[1.144204,42.7223266],[1.1442439,42.7223399],[1.1443215,42.7223547],[1.1443544,42.7223562],[1.1444048,42.7223814],[1.1445329,42.72238],[1.1446666,42.7223562],[1.1447875,42.7223511],[1.1448796,42.7223716],[1.1449204,42.7223552],[1.1449443,42.7223314],[1.1449705,42.7223138],[1.1449675,42.7222922],[1.1449828,42.7222718],[1.1450045,42.7222793],[1.1450305,42.7223068],[1.1450688,42.7223272],[1.145135,42.7223185],[1.1452036,42.7223457],[1.1452791,42.7223515],[1.1453542,42.7223672],[1.1453987,42.7223869],[1.1455323,42.7224063],[1.1455969,42.7224083],[1.1457275,42.7224421],[1.145798,42.7224505],[1.1458504,42.7224523],[1.1458835,42.7224457],[1.1459396,42.7224484],[1.145996,42.7224395],[1.1460835,42.7224113],[1.1461055,42.722409],[1.1461491,42.7224179],[1.1463161,42.7223821],[1.1463924,42.7223609],[1.1464262,42.7223345],[1.1464754,42.7223228],[1.1465998,42.7222836],[1.1466463,42.7222799],[1.1467577,42.7222279],[1.1468118,42.7222162],[1.1468786,42.722185],[1.1469341,42.7221662],[1.1470059,42.7221332],[1.1471478,42.7220817],[1.147252,42.7220296],[1.1473483,42.7219925],[1.1473901,42.7219807],[1.1475131,42.7219118],[1.1476133,42.7218658],[1.1477885,42.7218059],[1.1478666,42.721765],[1.1479296,42.7217391],[1.1480283,42.7216652],[1.1480742,42.7216418],[1.1481245,42.7216336],[1.1481915,42.7215988],[1.1482544,42.7215747],[1.148295,42.7215637],[1.1483272,42.721549],[1.1483858,42.7215086],[1.1484054,42.7214694],[1.1484636,42.7214407],[1.1485137,42.7214371],[1.1485484,42.7214224],[1.1486081,42.7213866],[1.1486451,42.7213728],[1.1486799,42.7213509],[1.1487628,42.7213146],[1.1487965,42.7212909],[1.14882,42.7212796],[1.1488356,42.721252],[1.1488569,42.7212317],[1.1488952,42.7212171],[1.1489017,42.7212037],[1.1489042,42.721166],[1.1489403,42.7211432],[1.1490266,42.7211141],[1.1490848,42.7210854],[1.1493784,42.7210213],[1.1494017,42.7209767],[1.1494005,42.720938],[1.1494089,42.720904],[1.1494442,42.720829],[1.1494872,42.7207812],[1.149504,42.7207509],[1.1495387,42.7207353],[1.149606,42.7206888],[1.1496081,42.7206619],[1.1495827,42.7206165],[1.1496065,42.7205971],[1.1496486,42.7205771],[1.1496955,42.7205618],[1.1497329,42.7205363],[1.1498333,42.7204832],[1.149877,42.7204543],[1.1499486,42.7203863],[1.149973,42.720348],[1.1500126,42.7203298],[1.1500817,42.7202663],[1.1501605,42.7202065],[1.1501934,42.7201675],[1.1502598,42.7201533],[1.1503067,42.7201334],[1.1503418,42.720143],[1.1503744,42.7201157],[1.1503922,42.7200926],[1.1504003,42.7200667],[1.1503986,42.7200442],[1.1503598,42.7199985],[1.1503765,42.7199728],[1.1503783,42.7199557],[1.1504859,42.7199081],[1.150551,42.719893],[1.150582,42.7198765],[1.1506227,42.7198646],[1.1506717,42.7198564],[1.1507156,42.7198572],[1.1507662,42.7198374],[1.1508613,42.7197635],[1.1509142,42.7197482],[1.1509681,42.7197419],[1.1509858,42.7197216],[1.1510442,42.7196866],[1.1511337,42.7196747],[1.1512646,42.7196212],[1.1512819,42.7195774],[1.1512878,42.7195064],[1.1513301,42.7193651],[1.1514075,42.7192315],[1.1514285,42.7191482],[1.1514812,42.7190619],[1.1515129,42.7189473],[1.1515598,42.7188906],[1.1515716,42.7188665],[1.1515724,42.7188413],[1.1515561,42.7187781],[1.1515549,42.7187394],[1.1515807,42.7186949],[1.1515855,42.7186599],[1.151579,42.7186319],[1.1515858,42.7186113],[1.1515761,42.7186075],[1.1515898,42.7185619],[1.1516014,42.7185414],[1.151603,42.718492],[1.1516178,42.7184491],[1.1516304,42.7183576],[1.1516413,42.7183236],[1.1516264,42.7182927],[1.1516225,42.718263],[1.1516587,42.7182339],[1.1516458,42.7181816],[1.1516712,42.7181118],[1.1516673,42.7180803],[1.1516754,42.7180562],[1.1517108,42.7179767],[1.151734,42.7179393],[1.1517838,42.7179069],[1.1518316,42.7179006],[1.1518575,42.7178893],[1.1519201,42.71784],[1.1519485,42.7177902],[1.1519618,42.7177562],[1.1519797,42.7177295],[1.1520159,42.7177041],[1.1520391,42.7176631],[1.1520048,42.7176301],[1.1519392,42.7176227],[1.151895,42.7175914],[1.1518802,42.7175587],[1.1518533,42.7174459],[1.1518553,42.7174216],[1.1518845,42.717307],[1.1520469,42.7171119],[1.1520587,42.7170834],[1.1520548,42.7170545],[1.1520577,42.7170393],[1.152069,42.7170287],[1.1521502,42.7170445],[1.1522237,42.7170349],[1.1523005,42.7169994],[1.1523391,42.716974],[1.1523991,42.7168887],[1.1524226,42.7168414],[1.152458,42.7167998],[1.1525006,42.7167636],[1.1525368,42.71674],[1.1526349,42.716685],[1.1526963,42.716633],[1.1528124,42.7165855],[1.1528475,42.7165565],[1.152883,42.7165148],[1.1529073,42.7164783],[1.1529596,42.716446],[1.1531052,42.7163927],[1.1531506,42.7163836],[1.1531803,42.7163679],[1.153268,42.7163335],[1.153333,42.7163229],[1.1534135,42.7162856],[1.1534216,42.7162615],[1.1534502,42.7162818],[1.1534893,42.7162797],[1.1535196,42.7162857],[1.1535751,42.7162668],[1.153611,42.7162495],[1.1536598,42.7162089],[1.1536837,42.7161878],[1.1536954,42.7161655],[1.1537251,42.7161903],[1.1537567,42.7161935],[1.1537955,42.7161618],[1.1538321,42.7161606],[1.1538838,42.7161453],[1.1539268,42.7161371],[1.153979,42.7161434],[1.1539963,42.7161365],[1.1540164,42.716117],[1.154028,42.7160984],[1.1540843,42.7160544],[1.1540787,42.7160381],[1.1540878,42.716022],[1.1540862,42.715995],[1.1541006,42.715962],[1.1541543,42.7160016],[1.154198,42.7160078],[1.1542141,42.7160008],[1.154247,42.7159618],[1.154298,42.7159294],[1.1543381,42.7158977],[1.1543793,42.7159057],[1.1543944,42.7158897],[1.1544353,42.7158706],[1.1544915,42.7158275],[1.1545312,42.7158066],[1.1546284,42.7157813],[1.1546487,42.7157547],[1.1547169,42.7157217],[1.1547356,42.7157085],[1.1547787,42.7156958],[1.154811,42.7156757],[1.1548467,42.7156664],[1.1548815,42.7156454],[1.1549004,42.7156259],[1.1549598,42.7155973],[1.1550049,42.715599],[1.1550308,42.7155895],[1.1550686,42.715592],[1.1551066,42.7155845],[1.1551204,42.715574],[1.155131,42.7155472],[1.1551411,42.7155357],[1.1552378,42.7155256],[1.155325,42.7155065],[1.1553795,42.7154795],[1.1553947,42.7154609],[1.1554391,42.7154446],[1.1554846,42.7154337],[1.1555157,42.7154144],[1.1556054,42.7153926],[1.1556569,42.7153845],[1.1556735,42.7153605],[1.1557071,42.7153404],[1.155756,42.7153376],[1.1558051,42.7153268],[1.1558563,42.7153267],[1.1558972,42.7153068],[1.1559829,42.7152947],[1.1560383,42.7152804],[1.1560695,42.7152576],[1.1560862,42.7152309],[1.1561242,42.7152252],[1.1561778,42.7152271],[1.15622,42.7152035],[1.1562974,42.7151859],[1.1563693,42.7151494],[1.1564186,42.7151332],[1.1564723,42.7150945],[1.1565426,42.7150301],[1.1565988,42.7149879],[1.1566809,42.7148985],[1.156716,42.7148316],[1.1567511,42.7147998],[1.156747,42.7147755],[1.1567184,42.7147561],[1.1567198,42.7147103],[1.1567409,42.7146603],[1.1567602,42.71463],[1.1567479,42.714592],[1.156762,42.7145725],[1.1567906,42.7145559],[1.1568119,42.7145356],[1.1568878,42.7144496],[1.1569556,42.7144265],[1.1570479,42.7143247],[1.1570981,42.7142788],[1.1571718,42.7141856],[1.1572033,42.7141538],[1.1573731,42.7140677],[1.1574139,42.7140513],[1.1574619,42.7140386],[1.1575656,42.713999],[1.1576147,42.7139864],[1.1576747,42.7139802],[1.1577336,42.7139687],[1.1577873,42.7139669],[1.157856,42.7139555],[1.1580258,42.7139449],[1.158083,42.7139513],[1.158115,42.7139419],[1.1581595,42.7139229],[1.1582437,42.7138803],[1.1582837,42.7138513],[1.1583373,42.7137758],[1.1583957,42.7137408],[1.1584323,42.7137028],[1.1584453,42.713676],[1.1584834,42.713629],[1.1586031,42.7135843],[1.1586643,42.7135386],[1.158755,42.713488],[1.1587731,42.713455],[1.1587615,42.713435],[1.1587719,42.7134163],[1.1588441,42.7133681],[1.1588825,42.7133499],[1.1589478,42.7132907],[1.1589624,42.7132532],[1.1589801,42.7132346],[1.1589894,42.7132087],[1.1590123,42.7131803],[1.1590084,42.7131488],[1.1589712,42.7130906],[1.1589975,42.7130704],[1.1590155,42.713041],[1.1590426,42.7130325],[1.159112,42.712995],[1.1591813,42.712926],[1.1592099,42.7129076],[1.1593522,42.7127266],[1.1593828,42.7126489],[1.159377,42.7126371],[1.1593376,42.7126103],[1.1593271,42.7125967],[1.1593275,42.712585],[1.1593393,42.7125573],[1.1593819,42.7125616],[1.1594358,42.7125518],[1.1595333,42.7125175],[1.1595778,42.7124958],[1.1595951,42.7124915],[1.1596218,42.7124947],[1.1596624,42.7124819],[1.1597018,42.7124331],[1.1597502,42.712407],[1.1597903,42.7124113],[1.1598068,42.7124286],[1.1598384,42.7124319],[1.1599814,42.7124235],[1.160036,42.7123921],[1.1600779,42.7123784],[1.1602398,42.7123488],[1.1603164,42.7123565],[1.1604046,42.7123436],[1.1604429,42.7123307],[1.1604734,42.7123295],[1.1606062,42.7123327],[1.1606402,42.7123368],[1.160665,42.7123633],[1.1607358,42.7124005],[1.1607659,42.7124109],[1.1608049,42.7124125],[1.1608778,42.7123823],[1.1609078,42.7123585],[1.16096,42.7123279],[1.1610141,42.7123154],[1.1610737,42.7123191],[1.161127,42.7122921],[1.1611767,42.7123029],[1.1612312,42.712275],[1.1612629,42.7122765],[1.1612796,42.7122498],[1.1613028,42.712171],[1.1613165,42.7121623],[1.1613553,42.7121701],[1.1613956,42.7121663],[1.1614169,42.7121487],[1.1614454,42.7121366],[1.1614584,42.7120703],[1.161481,42.71205],[1.1615083,42.7120361],[1.1615211,42.7120156],[1.1615246,42.7119842],[1.1615006,42.7118561],[1.1614906,42.7118244],[1.1614278,42.7118054],[1.1613545,42.7118077],[1.1613132,42.7118034],[1.1612735,42.7117847],[1.1612499,42.7117609],[1.1612521,42.7117295],[1.1612832,42.7116734],[1.1613152,42.7116613],[1.1613384,42.7116617],[1.1613527,42.7116719],[1.1613696,42.7116775],[1.1613965,42.7116762],[1.1614216,42.7116542],[1.1614486,42.7116483],[1.1614813,42.7116543],[1.1615107,42.7116494],[1.1615381,42.7116337],[1.1615746,42.7115974],[1.1616326,42.7115741],[1.1616708,42.7115253],[1.1617267,42.7114921],[1.161783,42.7114463],[1.1618295,42.7114435],[1.1618567,42.7114305],[1.1619233,42.7113687],[1.1619617,42.7113505],[1.1620292,42.7113345],[1.1621019,42.7113115],[1.1621497,42.7113051],[1.1622397,42.7113121],[1.1624456,42.7112814],[1.1624932,42.71124],[1.162493,42.7112085],[1.1625679,42.7111909],[1.1626524,42.7111806],[1.162709,42.7111654],[1.1628089,42.7111285],[1.162913,42.7110763],[1.1629333,42.7110506],[1.1630005,42.7110094],[1.1631206,42.7109908],[1.163169,42.7110015],[1.163234,42.7109532],[1.1633322,42.7108946],[1.1633476,42.7108688],[1.1633801,42.7108442],[1.1634073,42.710833],[1.1634452,42.71083],[1.1634749,42.710817],[1.1635544,42.7108094],[1.1636382,42.7107794],[1.1636692,42.7107637],[1.1637018,42.7107373],[1.1637353,42.7107172],[1.1637593,42.7106933],[1.1638181,42.7106053],[1.1638715,42.7104992],[1.163892,42.710468],[1.1639622,42.7104081],[1.164003,42.7103899],[1.164111,42.7103297],[1.1642251,42.7102291],[1.1642685,42.7101696],[1.164295,42.7101413],[1.1643424,42.7101079],[1.164418,42.710067],[1.1645413,42.7099872],[1.1646142,42.7099174],[1.1646939,42.7098648],[1.1647191,42.7098401],[1.1647445,42.7098063],[1.1647984,42.7097614],[1.1648542,42.7097336],[1.1649401,42.7097162],[1.1649746,42.7097024],[1.1650084,42.7096751],[1.1650316,42.7096377],[1.1651567,42.7095373],[1.1653051,42.7094337],[1.1653866,42.7093632],[1.1654239,42.7093377],[1.1654743,42.7093269],[1.1655428,42.7093209],[1.1655845,42.7093135],[1.1656217,42.7092917],[1.165653,42.709267],[1.1656914,42.7092479],[1.1657201,42.7092286],[1.165815,42.7091574],[1.1658501,42.7091256],[1.1659044,42.7091067],[1.165984,42.7090191],[1.1660402,42.7089382],[1.1661063,42.7089285],[1.16616,42.7089268],[1.1661996,42.7089472],[1.1662883,42.7089577],[1.166442,42.7089954],[1.1664904,42.7090089],[1.1665781,42.7090517],[1.1666239,42.7090678],[1.1666809,42.7091146],[1.1667237,42.7091109],[1.1667769,42.7090875],[1.1668067,42.7090314],[1.1668293,42.709012],[1.1668751,42.7089912],[1.166915,42.7089631],[1.1669556,42.7089521],[1.1670523,42.7089411],[1.1671728,42.7089468],[1.1672265,42.7089459],[1.1673832,42.7089252],[1.167448,42.70892],[1.1675564,42.7089255],[1.1676065,42.7089209],[1.1676742,42.7089032],[1.1679204,42.708867],[1.1679855,42.7088519],[1.1681607,42.7087874],[1.1683157,42.7087442],[1.1684894,42.7087274],[1.1685461,42.7087095],[1.1686183,42.7087008],[1.1686769,42.7086982],[1.1687959,42.7086382],[1.1689031,42.7086023],[1.1689565,42.7085717],[1.1690019,42.7085644],[1.1690842,42.7085433],[1.169139,42.7085092],[1.1692787,42.7084486],[1.1693156,42.7084385],[1.1693453,42.7084228],[1.1693729,42.7083981],[1.1694736,42.7083782],[1.1696009,42.7083246],[1.1696705,42.7082817],[1.1697005,42.708258],[1.16978,42.7082108],[1.1698974,42.7081615],[1.1699807,42.7081494],[1.1700338,42.7081306],[1.1700908,42.7081019],[1.1702961,42.7080109],[1.170354,42.7079903],[1.1704172,42.7079599],[1.1704532,42.7079372],[1.1704707,42.7079267],[1.1705383,42.7079485],[1.1705584,42.7079678],[1.1705859,42.7079853],[1.1706243,42.7080031],[1.1706655,42.7080137],[1.1707129,42.7080163],[1.1708,42.7080393],[1.1708289,42.7080533],[1.1708467,42.708068],[1.1708594,42.7080898],[1.1708962,42.7081228],[1.1710136,42.7081491],[1.1710891,42.7081531],[1.1711462,42.7081613],[1.1712237,42.7081797],[1.1713159,42.7081921],[1.1714425,42.7082014],[1.1716228,42.7082063],[1.1717828,42.7081991],[1.1718447,42.7082065],[1.1719872,42.7082134],[1.1720349,42.7082079],[1.1720849,42.7082097],[1.1721783,42.7082257],[1.1722235,42.7082228],[1.1723607,42.7082009],[1.1724731,42.7081965],[1.1726391,42.7081517],[1.1727808,42.7081451],[1.1728701,42.708135],[1.1729494,42.7081336],[1.1729918,42.7081424],[1.1730459,42.7081308],[1.1730724,42.7081411],[1.1731418,42.7081819],[1.1732407,42.7082186],[1.1733343,42.7082643],[1.1738633,42.7083911],[1.1739392,42.7084212],[1.174004,42.7084529],[1.1740896,42.7084858],[1.1741643,42.7085123],[1.1742272,42.7085286],[1.1742839,42.7085485],[1.1743573,42.7085821],[1.174396,42.7085927],[1.1745346,42.7086058],[1.1745981,42.7086033],[1.1746715,42.7085947],[1.1747122,42.708581],[1.17476,42.708571],[1.1747965,42.7085734],[1.1748414,42.7085832],[1.1748761,42.7086045],[1.1751254,42.708704],[1.1752153,42.7087541],[1.1752562,42.708771],[1.1753352,42.708856],[1.1753807,42.7088829],[1.1754397,42.708909],[1.1754951,42.7089307],[1.1755531,42.708947],[1.1756272,42.7089581],[1.175727,42.7089634],[1.1757608,42.708973],[1.1758233,42.7090019],[1.1758747,42.7090361],[1.175916,42.7090817],[1.1759742,42.7091313],[1.1760366,42.7092007],[1.1761267,42.7092823],[1.1761578,42.7093044],[1.1762389,42.7093229],[1.1762606,42.7093313],[1.1762916,42.7093526],[1.1763257,42.7093936],[1.1763459,42.7094875],[1.1763449,42.7095198],[1.176351,42.7095577],[1.1763417,42.709661],[1.176311,42.709745],[1.1763218,42.7097893],[1.1764349,42.7098388],[1.1764778,42.7098711],[1.1765043,42.7098832],[1.1765138,42.7098915],[1.1765241,42.7099492],[1.1765435,42.7099936],[1.1765797,42.7100446],[1.1765922,42.7100736],[1.1765959,42.7101105],[1.1766132,42.7101414],[1.1766077,42.710162],[1.1766352,42.7102182],[1.1766429,42.7102462],[1.1766653,42.71027],[1.1766696,42.7102889],[1.1766561,42.7103319],[1.176669,42.7104238],[1.1766654,42.7104615],[1.1766709,42.7104823],[1.1766693,42.7105326],[1.176675,42.7105453],[1.1767336,42.7105814],[1.1767904,42.7105977],[1.1768083,42.710651],[1.176826,42.7106693],[1.1768303,42.7106874],[1.1767712,42.7107817],[1.1767657,42.7108041],[1.1767704,42.7108096],[1.1767972,42.7108109],[1.1768024,42.7108371],[1.1767795,42.7109069],[1.1767572,42.7109559],[1.1767597,42.7109938],[1.1767346,42.7110158],[1.1766836,42.7110482],[1.1766815,42.711077],[1.1766748,42.7110966],[1.1766284,42.7111759],[1.1765942,42.7112167],[1.176508,42.7112836],[1.176499,42.7112978],[1.1764971,42.7113184],[1.1765165,42.7113619],[1.176571,42.7114528],[1.1766017,42.7115226],[1.176623,42.7115427],[1.1766462,42.7115827],[1.176659,42.7116396],[1.1767002,42.711687],[1.1768144,42.7117393],[1.1768735,42.7117619],[1.1769633,42.7118147],[1.1770495,42.711827],[1.1771675,42.711874],[1.1771999,42.7118934],[1.1772291,42.7119317],[1.1772557,42.7119789],[1.177291,42.7120218],[1.1773117,42.712059],[1.177399,42.7121549],[1.1774245,42.7121967],[1.1775708,42.7123944],[1.1775834,42.7124189],[1.1776023,42.7124399],[1.177632,42.7125024],[1.1776882,42.7125789],[1.1777452,42.7126276],[1.1777941,42.7126626],[1.1778325,42.7126821],[1.1778934,42.7127236],[1.1779737,42.7127682],[1.1780473,42.7128324],[1.1781224,42.7128885],[1.1781516,42.7129295],[1.178268,42.7130295],[1.1783179,42.7130339],[1.1783608,42.7130643],[1.1783831,42.7130926],[1.1784379,42.7130944],[1.178474,42.7131103],[1.1785804,42.7131391],[1.1786436,42.7131474],[1.1787316,42.7131813],[1.178785,42.7131894],[1.1788385,42.713193],[1.1788984,42.7131904],[1.1790569,42.7131499],[1.1791367,42.7131342],[1.179352,42.7131136],[1.1794007,42.7131153],[1.1794444,42.7131223],[1.1795319,42.7131724],[1.1796532,42.7132302],[1.1796816,42.7132604],[1.1797153,42.7132753],[1.1797158,42.7132969],[1.1797446,42.7133118],[1.1797773,42.7133187],[1.1798224,42.7133194],[1.1798738,42.713314],[1.1799116,42.7133147],[1.1799938,42.7133385],[1.1800321,42.7133599],[1.180076,42.7133597],[1.1801087,42.7133693],[1.1801434,42.7133887],[1.1801944,42.7133977],[1.1802389,42.7134155],[1.1803126,42.7134384],[1.1803796,42.7134431],[1.1804321,42.7134386],[1.1804495,42.7134308],[1.1804813,42.7134251],[1.1805619,42.7134606],[1.1806176,42.7134741],[1.1806556,42.7134694],[1.1807694,42.7134956],[1.1808683,42.7135315],[1.1809082,42.713542],[1.1809701,42.7135503],[1.1810762,42.7135917],[1.181114,42.7135905],[1.1811599,42.7136048],[1.1811866,42.7136079],[1.1812228,42.713622],[1.1812703,42.7136237],[1.1812828,42.713615],[1.1813455,42.7136367],[1.1815626,42.7136377],[1.1815917,42.7136409],[1.1816594,42.7136618],[1.1817033,42.7136599],[1.1818161,42.713642],[1.1818415,42.7136487],[1.1818629,42.7136662],[1.1818862,42.7137017],[1.1819111,42.7137255],[1.1820292,42.7137697],[1.1821591,42.713789],[1.1821986,42.713814],[1.1822796,42.7138756],[1.1823293,42.7138836],[1.1823942,42.7139144],[1.1824428,42.7139206],[1.1824881,42.7139142],[1.1825365,42.7139276],[1.1826815,42.7140092],[1.182784,42.7140865],[1.1828326,42.7141323],[1.1828585,42.7141606],[1.1828801,42.7142105],[1.1829155,42.7142497],[1.1829502,42.714271],[1.1829821,42.714303],[1.1830476,42.7143527],[1.1830791,42.7143622],[1.1831246,42.7143891],[1.1831553,42.7144211],[1.1832199,42.7144609],[1.1832322,42.7144979],[1.1832883,42.714498],[1.1833109,42.7145155],[1.1833214,42.7145309],[1.1833475,42.7145548],[1.1833714,42.7145687],[1.1833866,42.7145905],[1.1834045,42.7146025],[1.183441,42.7146058],[1.1834874,42.7146039],[1.1835514,42.7145861],[1.183654,42.7146589],[1.1837107,42.7146769],[1.1837582,42.7146804],[1.1838023,42.7146749],[1.1839226,42.7146886],[1.1839494,42.7146882],[1.1839729,42.7146787],[1.1840096,42.7146757],[1.1840808,42.7146607],[1.1841195,42.7146695],[1.1841625,42.7146594],[1.1842451,42.7146716],[1.1843318,42.7146668],[1.1843667,42.7146845],[1.1843809,42.7146982],[1.1844077,42.7147382],[1.1844219,42.7147502],[1.1844883,42.7147342],[1.184526,42.7147357],[1.1846,42.7147487],[1.1846481,42.7147711],[1.1847161,42.714783],[1.1847526,42.7147827],[1.1848053,42.7147755],[1.1848578,42.7148142],[1.1848846,42.7148138],[1.1849129,42.7148052],[1.1849578,42.714815],[1.184973,42.714835],[1.1850227,42.7148431],[1.1850727,42.7148448],[1.1851112,42.7148626],[1.1851463,42.7148713],[1.1852279,42.7149122],[1.185274,42.7149202],[1.1853284,42.7149355],[1.1853385,42.7149653],[1.1853732,42.7150244],[1.1854391,42.7150615],[1.1854684,42.7150602],[1.1855022,42.7150742],[1.1855355,42.7150991],[1.1855873,42.7151198],[1.1856624,42.715175],[1.1856775,42.7152013],[1.1857213,42.7152434],[1.1857798,42.7152849],[1.1858861,42.7153155],[1.1859337,42.7153163],[1.1859687,42.7153259],[1.1860228,42.7153538],[1.1860662,42.7153671],[1.1861455,42.7154053],[1.1861831,42.7154123],[1.1862629,42.715437],[1.1863059,42.7154638],[1.18636,42.7154908],[1.1864082,42.7155087],[1.1864723,42.715526],[1.1865217,42.7155457],[1.1866274,42.7155987],[1.1866828,42.7156204],[1.1868509,42.7156646],[1.1869298,42.7156794],[1.1869926,42.7156994],[1.1871397,42.7157531],[1.1871962,42.7157784],[1.1873158,42.7158146],[1.1873784,42.7158435],[1.1874497,42.7158627],[1.1875068,42.7158691],[1.1876019,42.7158311],[1.1876448,42.7158264],[1.1876763,42.7158333],[1.1877341,42.7158549],[1.1877733,42.7158898],[1.1878427,42.7159314],[1.1878874,42.7159457],[1.1879137,42.7159623],[1.1879658,42.7160144],[1.1879627,42.7160333],[1.1879416,42.7160851],[1.187926,42.7161559],[1.1879286,42.7161892],[1.1879366,42.7162055],[1.1879605,42.716223],[1.1880102,42.7162733],[1.1881829,42.7163275],[1.1882082,42.7163378],[1.1882379,42.7163617],[1.188262,42.7164484],[1.1882536,42.7165247],[1.1883087,42.7165949],[1.188341,42.7166548],[1.1883495,42.7166945],[1.1883745,42.7167165],[1.1884215,42.7167326],[1.188497,42.7167753],[1.1885327,42.7168047],[1.1885563,42.7168311],[1.1885712,42.716862],[1.1885627,42.7169769],[1.1885705,42.7170005],[1.18862,42.7170157],[1.1886562,42.7170307],[1.1886777,42.7170445],[1.1887947,42.7170879],[1.188822,42.7171099],[1.1888521,42.7171626],[1.1888713,42.7171737],[1.1889067,42.7171698],[1.1889245,42.7171872],[1.1889797,42.7172151],[1.1889996,42.7172433],[1.1890042,42.7172911],[1.1889984,42.7173207],[1.1890134,42.717347],[1.1890187,42.7173741],[1.1890131,42.7173974],[1.1890383,42.7174104],[1.1890894,42.7174148],[1.1892312,42.7174055],[1.1894233,42.717425],[1.1894692,42.7174393],[1.1895837,42.717443],[1.1897107,42.7174379],[1.1898002,42.7174224],[1.1898349,42.7174059],[1.189919,42.7174064],[1.1900027,42.7174222],[1.1900413,42.7174363],[1.1900998,42.7174382],[1.1901654,42.7174465],[1.1902458,42.7174479],[1.1903102,42.7174553],[1.1904054,42.7174551],[1.1904589,42.7174587],[1.1905095,42.7174793],[1.1905442,42.7175006],[1.1905922,42.7175653],[1.1906336,42.7175687],[1.1907054,42.717533],[1.1907976,42.7175112],[1.1908686,42.7175007],[1.1909424,42.7174821],[1.1910515,42.7174633],[1.1911094,42.7174463],[1.1911528,42.7174236],[1.1912387,42.7173666],[1.1912688,42.7173393],[1.1913598,42.7172761],[1.1914763,42.7172555],[1.1915317,42.7172412],[1.1915726,42.7172203],[1.191686,42.7171404],[1.1917243,42.7171248],[1.1917901,42.7170891],[1.1918259,42.7170753],[1.1918666,42.7170202],[1.1919104,42.7169859],[1.1920897,42.7169457],[1.1921824,42.7169041],[1.1922342,42.7168879],[1.1923152,42.7168713],[1.1923726,42.7168678],[1.1925221,42.7168838],[1.1926289,42.7169036],[1.1927261,42.7169133],[1.1929189,42.7169498],[1.1931478,42.7170032],[1.1932377,42.7170514],[1.1932793,42.717089],[1.1933226,42.7171068],[1.193375,42.7171104],[1.1934768,42.7170897],[1.1936071,42.7170963],[1.1939069,42.7171446],[1.1939988,42.7171704],[1.1940499,42.7171722],[1.1940939,42.7171693],[1.1941996,42.7171837],[1.194263,42.7171857],[1.1943663,42.7171973],[1.1944001,42.7172087],[1.1944445,42.7172301],[1.1944917,42.7172444],[1.194641,42.7172676],[1.1946882,42.7172783],[1.1947745,42.7172887],[1.1948574,42.7172892],[1.1949426,42.7172951],[1.1950207,42.717292],[1.1950881,42.7172832],[1.1951878,42.7172921],[1.1952794,42.71729],[1.195365,42.7172825],[1.1954662,42.7172815],[1.1955183,42.7172923],[1.1955773,42.7173193],[1.1956502,42.7173673],[1.1956791,42.7173786],[1.1957179,42.7173865],[1.1957763,42.7173892],[1.1958237,42.7173963],[1.1958846,42.7173983],[1.1959379,42.7174091],[1.1960364,42.7174593],[1.1961092,42.7174731],[1.19614,42.7174997],[1.1961739,42.7175497],[1.196194,42.7175681],[1.1963762,42.7175927],[1.1964213,42.7175953],[1.1964515,42.717603],[1.1965244,42.7176123],[1.196572,42.7176104],[1.1966214,42.717631],[1.1967049,42.7176504],[1.1967349,42.7176671],[1.1967957,42.7176726],[1.1968999,42.7176969],[1.1969431,42.7177174],[1.1969777,42.7177422],[1.1970672,42.7177689],[1.1971145,42.717776],[1.1971543,42.7177911],[1.1972343,42.7178086],[1.1973204,42.7178235],[1.1973681,42.7178199],[1.1974193,42.7178207],[1.1974854,42.7178119],[1.1977152,42.717796],[1.1977899,42.7177874],[1.1979009,42.7177848],[1.198125,42.7177966],[1.1982861,42.7177921],[1.1983152,42.7177998],[1.1984297,42.7178018],[1.1984966,42.7178083],[1.1985772,42.7178051],[1.1986204,42.7177879],[1.1986716,42.7177914],[1.1987843,42.7177735],[1.1989262,42.7177588],[1.1989769,42.7177372],[1.1991024,42.7177024],[1.199302,42.717597],[1.1993857,42.7175732],[1.1994281,42.7175811],[1.1995024,42.7175464],[1.199637,42.7175316],[1.1996736,42.7175313],[1.1997087,42.7175418],[1.1997563,42.7175399],[1.1997814,42.7175565],[1.1998856,42.717578],[1.2000016,42.7176132],[1.2000344,42.7176174],[1.2001189,42.7176449],[1.200159,42.7176519],[1.2002419,42.7176901],[1.2002907,42.717691],[1.2004403,42.7177052],[1.2004982,42.7177268],[1.2005363,42.7177562],[1.2005943,42.7177743],[1.2006529,42.7177717],[1.2007793,42.7177477],[1.200839,42.7177469],[1.200986,42.7177287],[1.2012358,42.7177356],[1.2012674,42.7177388],[1.2013073,42.7177512],[1.2013401,42.7177545],[1.2014049,42.7177492],[1.2014993,42.7177346],[1.2015393,42.7177398],[1.2015757,42.7177467],[1.2016191,42.7177627],[1.2016584,42.7177931],[1.201702,42.7178046],[1.201722,42.7178274],[1.2017367,42.7178645],[1.2017334,42.7178933],[1.2017245,42.7179039],[1.2017302,42.7179193],[1.2017505,42.7179322],[1.2018169,42.717954],[1.2018778,42.7179559],[1.2019685,42.7179422],[1.201983,42.7179478],[1.2019755,42.7179927],[1.2019774,42.7180089],[1.2020013,42.7180264],[1.202041,42.7180423],[1.2020509,42.7180785],[1.2020874,42.7181196],[1.20209,42.7181547],[1.2020525,42.7181846],[1.2020457,42.7182079],[1.2020676,42.7182478],[1.2020392,42.718259],[1.2020203,42.7182785],[1.2020185,42.7182983],[1.2020499,42.7183096],[1.20207,42.7183288],[1.2020812,42.7183596],[1.202083,42.7183821],[1.2021008,42.7183986],[1.2021073,42.718423],[1.2021066,42.7184472],[1.2021153,42.7184816],[1.2021235,42.7184934],[1.2021216,42.7185149],[1.2021346,42.7185278],[1.2021402,42.718544],[1.2021357,42.71857],[1.2021436,42.7185918],[1.2021403,42.7186205],[1.2021923,42.718633],[1.2023161,42.7186531],[1.2023401,42.7186679],[1.202396,42.7186733],[1.2024905,42.7186947],[1.2025772,42.7187285],[1.2026149,42.7187328],[1.2026445,42.7187243],[1.2026883,42.7187268],[1.2027331,42.7186979],[1.2027628,42.718684],[1.202786,42.7186826],[1.2028211,42.7186904],[1.20287,42.7186867],[1.2029529,42.7186881],[1.2029877,42.7187067],[1.2030276,42.718719],[1.2030693,42.7187107],[1.2031218,42.7187089],[1.2031986,42.718712],[1.2032855,42.7187027],[1.2034104,42.7187245],[1.20346,42.7187362],[1.2034999,42.7187503],[1.2035438,42.7187484],[1.2038012,42.7187878],[1.2038483,42.718802],[1.203871,42.7188177],[1.2038994,42.7188452],[1.2039478,42.7188577],[1.2040208,42.7189057],[1.2040582,42.718918],[1.2040936,42.7189177],[1.2041191,42.7189217],[1.2041571,42.7189151],[1.2041806,42.7189416],[1.204219,42.718962],[1.2042674,42.7189745],[1.2043144,42.7189951],[1.2043298,42.719008],[1.2043293,42.7190268],[1.2043861,42.7190413],[1.204435,42.7190403],[1.2045307,42.7190599],[1.204596,42.7190385],[1.2046795,42.7190606],[1.2047245,42.7190658],[1.2048205,42.719116],[1.2048917,42.7191415],[1.2049155,42.7191599],[1.2049422,42.7191621],[1.2049553,42.7191749],[1.2049912,42.7192745],[1.2050038,42.719343],[1.2050273,42.7193704],[1.2050626,42.7193719],[1.2052212,42.7194123],[1.2053309,42.7194933],[1.2053303,42.7195131],[1.2053156,42.7195533],[1.205332,42.7195752],[1.2053955,42.719614],[1.2054015,42.7196546],[1.2054181,42.7196701],[1.205403,42.7196861],[1.2054085,42.7197051],[1.2054006,42.7197229],[1.2053778,42.7197513],[1.2053816,42.7197856],[1.2054004,42.7198084],[1.2054552,42.7198524],[1.2054863,42.7198718],[1.2056154,42.7199172],[1.2056234,42.7199335],[1.2056229,42.7199515],[1.2056109,42.7199837],[1.205619,42.7199982],[1.2056253,42.7200325],[1.2056817,42.7200604],[1.2056873,42.7200785],[1.2057093,42.7201157],[1.2057296,42.7201313],[1.2057492,42.7201658],[1.2057546,42.7201884],[1.2057338,42.7202312],[1.2057294,42.7202545],[1.2057668,42.7202678],[1.2057701,42.7202813],[1.2057672,42.7202957],[1.2057839,42.7203076],[1.2057928,42.7203366],[1.2058082,42.7203503],[1.2058373,42.7203571],[1.2058329,42.7203786],[1.2058511,42.720423],[1.2058768,42.7204603],[1.2058898,42.7205109],[1.2058914,42.7205388],[1.205918,42.7205464],[1.2060269,42.7204961],[1.2060648,42.720494],[1.2061232,42.7204995],[1.2062229,42.7204679],[1.2063391,42.7204186],[1.2063796,42.7204093],[1.2064464,42.7204194],[1.2064878,42.720421],[1.2065526,42.7204185],[1.2066139,42.7204079],[1.2067513,42.720421],[1.2067753,42.7204322],[1.2067937,42.7204307],[1.2068118,42.7204355],[1.2068315,42.7204718],[1.2068517,42.7205261],[1.20686,42.7205361],[1.2068781,42.7205427],[1.2069183,42.7205425],[1.2069907,42.7205302],[1.207059,42.7205304],[1.2071015,42.7205365],[1.2071898,42.7205587],[1.2073773,42.7205699],[1.2075415,42.7205853],[1.2076146,42.7205874],[1.2078394,42.7205768],[1.2078861,42.7205632],[1.2079582,42.7205581],[1.2080288,42.7205638],[1.208145,42.7205549],[1.2082145,42.7205543],[1.2083131,42.7205604],[1.2083713,42.7205713],[1.2085402,42.7205921],[1.2085908,42.7206127],[1.2086735,42.7206213],[1.2088076,42.720664],[1.2089094,42.7207251],[1.2089985,42.7207617],[1.2090778,42.7208008],[1.209198,42.7208172],[1.2092512,42.7208333],[1.2093049,42.7208315],[1.2093827,42.72084],[1.2094249,42.720856],[1.2094753,42.7208838],[1.2095141,42.7208908],[1.2095532,42.7208887],[1.2096372,42.7208937],[1.209678,42.7209151],[1.2098068,42.7209326],[1.2099753,42.7209651],[1.210005,42.7209539],[1.210116,42.7209512],[1.2101565,42.7209438],[1.2101996,42.7209301],[1.2103158,42.7208808],[1.210371,42.7208709],[1.2103981,42.7208624],[1.2105034,42.720848],[1.2105452,42.720837],[1.2106039,42.7207948],[1.2106382,42.7207873],[1.210703,42.7207848],[1.2107959,42.7207368],[1.2108976,42.7207233],[1.2109463,42.7207241],[1.2109697,42.7207164],[1.2110408,42.7207059],[1.2110875,42.7206949],[1.2112219,42.7206477],[1.2112891,42.7206426],[1.2113726,42.720626],[1.2113968,42.7206309],[1.2114209,42.7206412],[1.2115507,42.7206262],[1.2116436,42.7206188],[1.2116825,42.7206212],[1.2117598,42.720609],[1.2118073,42.7206098],[1.2118355,42.7206058],[1.2119167,42.7205811],[1.2119317,42.7205696],[1.211937,42.7205562],[1.2119396,42.7205131],[1.2119541,42.7204765],[1.2119817,42.7204527],[1.2119953,42.7204457],[1.2120235,42.7204399],[1.2122231,42.7204549],[1.212289,42.7204533],[1.2123412,42.7204605],[1.2124486,42.7204605],[1.2124934,42.7204693],[1.2126035,42.7204613],[1.212673,42.7204606],[1.21287,42.7204405],[1.2129737,42.7204396],[1.2130155,42.7204304],[1.2130944,42.7204002],[1.2131472,42.7203903],[1.2133512,42.7203802],[1.2133965,42.7203729],[1.2134631,42.7203488],[1.2135134,42.7203406],[1.2135843,42.7203364],[1.2136224,42.7203254],[1.2136652,42.7203216],[1.2137323,42.7203227],[1.2138051,42.7203347],[1.2138491,42.7203318],[1.2139339,42.7203117],[1.2141175,42.7203291],[1.2141539,42.7203369],[1.2142292,42.7203859],[1.214251,42.7203907],[1.2142912,42.7203914],[1.2144149,42.7203773],[1.2144757,42.7203441],[1.2145861,42.7203235],[1.2146276,42.7203223],[1.2146486,42.7203128],[1.2147286,42.7202899],[1.2147547,42.7202723],[1.2147965,42.7202631],[1.2148883,42.7202529],[1.2149237,42.7202526],[1.2149503,42.7202585],[1.2149836,42.7202455],[1.2150064,42.7202189],[1.2150606,42.7202019],[1.2151326,42.7202004],[1.2151877,42.7201923],[1.2152381,42.7201805],[1.2152653,42.7201702],[1.2153155,42.7201638],[1.2153826,42.7201614],[1.2154062,42.7201483],[1.2154394,42.7201398],[1.2155423,42.7201262],[1.2156318,42.7201089],[1.2156746,42.720106],[1.2157427,42.7201116],[1.2158063,42.7201073],[1.2158996,42.7200872],[1.2159388,42.7200834],[1.2160729,42.7200443],[1.2161136,42.7200287],[1.2161396,42.7200157],[1.2161561,42.7199962],[1.2161846,42.7199805],[1.2162105,42.7199728],[1.2162592,42.7199763],[1.2163015,42.7199869],[1.2163582,42.7200094],[1.216438,42.7200297],[1.21651,42.72003],[1.2165418,42.720026],[1.2166206,42.7200417],[1.2166677,42.7200578],[1.2167013,42.7200763],[1.2168217,42.7201269],[1.216837,42.7201451],[1.2168412,42.7201677],[1.2168598,42.7201977],[1.2169209,42.7202338],[1.2169399,42.7202512],[1.2169621,42.7202812],[1.2169644,42.7203262],[1.2169809,42.7203454],[1.2170169,42.720364],[1.2170479,42.7203879],[1.2170804,42.7204424],[1.2170786,42.7204603],[1.2171394,42.7205468],[1.2171538,42.7205929],[1.2171563,42.7206307],[1.217167,42.7206417],[1.217185,42.720651],[1.2171985,42.7206881],[1.2172162,42.7207063],[1.2172207,42.7207586],[1.2172288,42.720774],[1.217232,42.720828],[1.2173027,42.7208697],[1.2173298,42.7209016],[1.2173562,42.7209155],[1.2174299,42.7209365],[1.217474,42.7209732],[1.2175007,42.7210151],[1.2174898,42.7210535],[1.2174978,42.7211112],[1.2175706,42.7212411],[1.2176047,42.721283],[1.2176203,42.7212913],[1.2176165,42.7213371],[1.2176369,42.7213483],[1.2176661,42.7213506],[1.2177578,42.721344],[1.217842,42.7213427],[1.2178722,42.7213504],[1.2178955,42.7213472],[1.2179198,42.7213494],[1.2179578,42.7213851],[1.2179904,42.7213964],[1.21801,42.7213932],[1.2180224,42.7213871],[1.2180687,42.7213869],[1.2180787,42.721379],[1.2180922,42.7213783],[1.2181553,42.7213884],[1.2181684,42.7213985],[1.2181917,42.7214349],[1.2182213,42.7214623],[1.2182429,42.7214735],[1.2183032,42.7214583],[1.2183666,42.7214576],[1.2184431,42.7214678],[1.2184659,42.7214799],[1.2184896,42.7215028],[1.2185446,42.721581],[1.2186143,42.7216523],[1.2186359,42.7216662],[1.2186807,42.721675],[1.2186999,42.721687],[1.2187161,42.7217143],[1.2188282,42.7217188],[1.218963,42.7217391],[1.2189848,42.7217448],[1.2190039,42.7217559],[1.2191748,42.7217939],[1.2191853,42.7218075],[1.2191908,42.7218265],[1.2192154,42.7218611],[1.2192322,42.7218704],[1.2194061,42.7218867],[1.2194881,42.7219187],[1.2195376,42.7219339],[1.2195628,42.7219469],[1.2196269,42.7219651],[1.2196888,42.721976],[1.2197117,42.7219836],[1.2197188,42.7219918],[1.2197177,42.7220286],[1.2197946,42.7220668],[1.2198359,42.722072],[1.219885,42.7221007],[1.21992,42.7221147],[1.2200002,42.7221646],[1.2201315,42.7221767],[1.2202389,42.7222145],[1.2202853,42.7222143],[1.2203795,42.7222033],[1.220406,42.7222154],[1.2204115,42.7222344],[1.2204107,42.7222614],[1.2204347,42.7222735],[1.2204549,42.7222927],[1.2204629,42.7223081],[1.2204868,42.7223265],[1.2204519,42.7223907],[1.2204582,42.7224232],[1.2204464,42.7224499],[1.2204537,42.7224896],[1.2204653,42.7225114],[1.2204914,42.7225325],[1.2205419,42.7225594],[1.2205597,42.7225732],[1.2205802,42.7225817],[1.2205956,42.7225954],[1.2205988,42.7226108],[1.2205887,42.7226232],[1.2205845,42.7226393],[1.2205936,42.7226619],[1.2206173,42.7226866],[1.2206317,42.7227327],[1.2206661,42.7227657],[1.2206702,42.7228314],[1.2206503,42.7228832],[1.2206508,42.7229471],[1.2206604,42.7229499],[1.2206504,42.7229597],[1.2206474,42.7229767],[1.2206651,42.7229977],[1.2207115,42.7230335],[1.2207173,42.7230435],[1.22074,42.7230619],[1.2207915,42.7231329],[1.2208004,42.7231609],[1.2208969,42.7232354],[1.22094,42.7232622],[1.221096,42.7233043],[1.2211972,42.723306],[1.2212348,42.7233129],[1.2213277,42.7233468],[1.2213932,42.7233605],[1.2214135,42.7233735],[1.2214324,42.7233945],[1.2214539,42.7234092],[1.2215261,42.7234419],[1.2215668,42.723465],[1.2216358,42.7234851],[1.2216851,42.7235066],[1.2217822,42.723563],[1.2218551,42.7235706],[1.2219735,42.7236085],[1.2220174,42.7236083],[1.2220802,42.7236309],[1.2221094,42.7236332],[1.2221359,42.7236445],[1.2221537,42.7236609],[1.2221912,42.7236688],[1.2222339,42.7236704],[1.222255,42.7236977],[1.2222873,42.7237198],[1.2223222,42.7237339],[1.2223538,42.7237389],[1.2224197,42.7237355],[1.2224603,42.7237254],[1.2224813,42.7237158],[1.2225279,42.7237094],[1.2226198,42.7237334],[1.2226796,42.7237344],[1.2227403,42.7237435],[1.2227744,42.7237441],[1.2228481,42.7237696],[1.2229542,42.7237705],[1.2230284,42.7237771],[1.2231165,42.7237651],[1.2231493,42.7237701],[1.223263,42.7238026],[1.2232972,42.7237995],[1.2233336,42.7238082],[1.2233652,42.7238115],[1.2234068,42.7238077],[1.2234554,42.723813],[1.223536,42.7238116],[1.2236174,42.723821],[1.2237302,42.7238427],[1.223811,42.723871],[1.2238452,42.7239094],[1.2238823,42.7239729],[1.2239078,42.7239769],[1.2239348,42.7239729],[1.2240111,42.7239912],[1.2240566,42.7240181],[1.2241568,42.724053],[1.2242013,42.7240744],[1.2242371,42.7240975],[1.2243433,42.7241371],[1.2243875,42.7241675],[1.2244223,42.7241851],[1.2244658,42.7241993],[1.224588,42.7242724],[1.2246117,42.7242944],[1.2246393,42.724311],[1.2247141,42.7243761],[1.2247587,42.7243958],[1.2247901,42.7244035],[1.2248587,42.7244352],[1.2248839,42.7244491],[1.2249147,42.7244793],[1.224988,42.7245147],[1.2250455,42.724548],[1.2250888,42.7245685],[1.2251155,42.7245753],[1.2251656,42.7246112],[1.2252185,42.7246363],[1.2252479,42.7246719],[1.2253053,42.7247106],[1.2254337,42.7247802],[1.225449,42.7247984],[1.225459,42.7248283],[1.2255012,42.724847],[1.2255259,42.7248743],[1.2255524,42.7248883],[1.2255862,42.7248987],[1.2256171,42.7249262],[1.2256239,42.7249434],[1.225621,42.7249587],[1.2256265,42.7249776],[1.2256883,42.7250308],[1.2257365,42.7250496],[1.2257796,42.7250773],[1.2258973,42.7251368],[1.2259123,42.7251658],[1.2259313,42.7251832],[1.2259404,42.7252023],[1.2260198,42.7252405],[1.2260699,42.7252773],[1.2261023,42.7252949],[1.2261303,42.7252954],[1.2261606,42.7253031],[1.2261917,42.7253234],[1.2262128,42.7253516],[1.2262335,42.7253933],[1.2262566,42.7253946],[1.2262868,42.7254032],[1.2263649,42.725444],[1.2264541,42.7255175],[1.2264753,42.7255844],[1.2265041,42.7256001],[1.2265817,42.7256158],[1.2266477,42.7256502],[1.2266857,42.725685],[1.2267144,42.7257017],[1.2267844,42.7257262],[1.226856,42.7257804],[1.2268712,42.7258005],[1.2268882,42.7258457],[1.2269046,42.7258649],[1.2269364,42.7258636],[1.2269546,42.7258684],[1.2269819,42.7258922],[1.2269902,42.7259383],[1.2270021,42.7259501],[1.2270249,42.7259631],[1.2270233,42.7260143],[1.2270411,42.7260308],[1.2270523,42.7260634],[1.2270725,42.7260817],[1.2270792,42.7261016],[1.2270771,42.7261295],[1.2270854,42.7261791],[1.2270859,42.7262411],[1.2270665,42.7262768],[1.227072,42.7262966],[1.2271242,42.7263865],[1.2272103,42.7264437],[1.2272488,42.7264606],[1.2272702,42.7264798],[1.2272697,42.7264942],[1.2272814,42.7265115],[1.2273324,42.7265591],[1.2273487,42.7265836],[1.2273565,42.7266098],[1.2273726,42.7266398],[1.227395,42.7266662],[1.2274639,42.7266863],[1.2274779,42.7267081],[1.227491,42.7267173],[1.2275236,42.7267304],[1.2275926,42.7267882],[1.2276226,42.7268022],[1.2276626,42.7268128],[1.2277369,42.7268545],[1.2277651,42.72689],[1.2277913,42.7269102],[1.2278191,42.7269188],[1.2278532,42.7269202],[1.2278815,42.7269153],[1.2279094,42.7269185],[1.2279335,42.7269297],[1.2279679,42.7269617],[1.2279909,42.7270062],[1.2280087,42.7270244],[1.2280166,42.7270453],[1.2280335,42.7270491],[1.2280482,42.7270476],[1.2280742,42.7270363],[1.2280937,42.7270366],[1.2281274,42.7270498],[1.2281499,42.7270717],[1.2282147,42.7271079],[1.2282458,42.72713],[1.2282486,42.7271552],[1.2282747,42.7271808],[1.2282735,42.7272213],[1.2282827,42.7272376],[1.2283067,42.7272515],[1.228323,42.7272761],[1.2283222,42.727303],[1.2283277,42.727322],[1.2284447,42.727368],[1.2284878,42.727393],[1.2285265,42.727444],[1.2285552,42.7274652],[1.2285737,42.7274979],[1.2285958,42.7275729],[1.2286524,42.7275981],[1.22869,42.727605],[1.2287323,42.7276183],[1.2287875,42.7276471],[1.2288527,42.7276688],[1.2289,42.7276768],[1.22893,42.7276935],[1.228965,42.7277067],[1.2290219,42.727722],[1.2291265,42.7277696],[1.2291552,42.7277908],[1.2291948,42.7278103],[1.229242,42.7278237],[1.2292948,42.7278138],[1.2293378,42.727801],[1.2293851,42.727773],[1.2294594,42.7276933],[1.2295081,42.727659],[1.2295725,42.7276268],[1.2296247,42.7275953],[1.2297581,42.727539],[1.2298148,42.727522],[1.2298613,42.7275155],[1.229889,42.7275277],[1.2299229,42.7275363],[1.2300079,42.7275099],[1.2301403,42.7274869],[1.2301969,42.7274698],[1.2302972,42.7274607],[1.2303531,42.7274679],[1.2304798,42.7274745],[1.2306042,42.7274757],[1.2308448,42.7274661],[1.2308813,42.7274676],[1.2309931,42.727483],[1.2310294,42.7274935],[1.2310601,42.7274868],[1.231149,42.7274523],[1.2312152,42.7274399],[1.2312899,42.7274303],[1.2314631,42.7274296],[1.2315013,42.7274194],[1.2315412,42.7273904],[1.2315842,42.7273785],[1.2316258,42.7273747],[1.2317208,42.7273808],[1.2317643,42.727395],[1.2318079,42.7274038],[1.2319872,42.7274068],[1.2320415,42.7273861],[1.2321684,42.7274232],[1.2322525,42.7274264],[1.2323873,42.7274053],[1.232508,42.7274091],[1.2325565,42.727418],[1.2325955,42.7274204],[1.2326803,42.7273975],[1.2327232,42.7273928],[1.2328211,42.7273396],[1.2328889,42.727276],[1.2329226,42.7272513],[1.2330053,42.7272203],[1.2330438,42.7271589],[1.2330435,42.7271265],[1.2330502,42.7271059],[1.2331793,42.7269525],[1.2332168,42.7268839],[1.2332461,42.7268034],[1.2332666,42.7267291],[1.2332774,42.7266537],[1.2332345,42.726582],[1.2332186,42.7265421],[1.2332157,42.7265169],[1.2332247,42.7264235],[1.2332419,42.7263779],[1.2332635,42.7263486],[1.233302,42.7263277],[1.2333704,42.7263234],[1.2335309,42.7262622],[1.2335927,42.7262353],[1.2336287,42.7262143],[1.2337175,42.7261403],[1.2337971,42.7260094],[1.2338312,42.7259713],[1.233867,42.7259188],[1.2339107,42.7258844],[1.2339651,42.7258593],[1.234009,42.7258213],[1.2340504,42.7257437],[1.2340479,42.7257041],[1.2340358,42.7256599],[1.2340022,42.7256017],[1.2339749,42.7255365],[1.233963,42.7254887],[1.2339572,42.7254382],[1.2339731,42.7253962],[1.234005,42.7253491],[1.2340617,42.7252889],[1.2341337,42.7252496],[1.234318,42.7251645],[1.2344031,42.7251335],[1.2344577,42.7251038],[1.2344984,42.7250874],[1.2345649,42.7250678],[1.2345867,42.7250745],[1.2346286,42.7250994],[1.2346431,42.7251024],[1.2347004,42.7250629],[1.2347359,42.7250607],[1.2348488,42.7250365],[1.2348843,42.7250344],[1.2349807,42.7249937],[1.2350517,42.7249427],[1.2351039,42.724913],[1.2351669,42.7248862],[1.2351876,42.7248856],[1.2352459,42.7248947],[1.2352647,42.724877],[1.2352908,42.7248612],[1.2353741,42.7248518],[1.2354134,42.7248435],[1.2354779,42.7248463],[1.2355017,42.7248674],[1.2355101,42.7249503],[1.2355148,42.7249594],[1.2355292,42.7249641],[1.235591,42.7249381],[1.235624,42.7249369],[1.2357304,42.7248883],[1.2357728,42.724898],[1.2358155,42.7248969],[1.2358376,42.7248927],[1.2358547,42.7248516],[1.2358936,42.7248568],[1.2359366,42.7248863],[1.2359541,42.7249117],[1.2359798,42.7249104],[1.2359807,42.7249194],[1.2360427,42.7249249],[1.2360584,42.7249306],[1.2360682,42.7249289],[1.2360937,42.7249347],[1.2361986,42.724976],[1.2362472,42.7249822],[1.2362768,42.7250106],[1.2362978,42.725001],[1.2363229,42.7249772],[1.2364168,42.7249374],[1.2364714,42.724949],[1.2364986,42.7249369],[1.2365173,42.7249228],[1.2365314,42.7249015],[1.2366117,42.7248668],[1.2367028,42.7248413],[1.2367629,42.7248297],[1.2368315,42.7248192],[1.2369105,42.7248286],[1.2369569,42.7248257],[1.2369999,42.7248156],[1.2371211,42.7248024],[1.2371734,42.7248077],[1.2372083,42.7248227],[1.2372346,42.7248393],[1.2372565,42.7248442],[1.2372835,42.7248383],[1.237294,42.7248124],[1.237293,42.7247638],[1.2373255,42.7247401],[1.2374184,42.7246912],[1.2374651,42.7246812],[1.2375209,42.7246507],[1.2375541,42.7246422],[1.2375847,42.7246391],[1.2376439,42.7246176],[1.2376701,42.7245974],[1.237713,42.7245909],[1.2377496,42.7245906],[1.2377755,42.7245802],[1.237788,42.7245714],[1.2377937,42.7245454],[1.2378346,42.7245236],[1.2379538,42.7244932],[1.237989,42.7244992],[1.2380398,42.724473],[1.2380668,42.7244681],[1.2380934,42.7244775],[1.2381628,42.7245218],[1.2382609,42.7245423],[1.2382958,42.7245582],[1.2383314,42.7245534],[1.2383702,42.7245594],[1.2383858,42.7245687],[1.2383939,42.7245832],[1.2383944,42.7246066],[1.2384085,42.724623],[1.2384475,42.7246254],[1.2385037,42.7246219],[1.2385645,42.7246274],[1.2385976,42.7246216],[1.2387161,42.7246173],[1.2387774,42.7246084],[1.2388139,42.724609],[1.2388996,42.7245996],[1.2389581,42.7246006],[1.2390212,42.7246106],[1.239106,42.7246309],[1.2391324,42.7246475],[1.2391888,42.7246358],[1.2392202,42.7246462],[1.2393053,42.7246575],[1.2393285,42.724657],[1.2393407,42.7246554],[1.2393594,42.7246422],[1.2393791,42.7246372],[1.2395921,42.724691],[1.2396394,42.7246999],[1.2396938,42.7247179],[1.2397642,42.7247271],[1.2398466,42.7247456],[1.2399453,42.724749],[1.2400517,42.7247822],[1.240101,42.7248037],[1.2402305,42.7248787],[1.2402681,42.7248856],[1.2404957,42.7249037],[1.2405502,42.7249154],[1.2405867,42.7249178],[1.2406243,42.7249256],[1.2407041,42.7249503],[1.2407815,42.7249318],[1.2408199,42.7249109],[1.2408379,42.7248815],[1.240928,42.7248056],[1.2409826,42.7247355],[1.2410382,42.7247094],[1.2411106,42.7246953],[1.2411685,42.7246783],[1.2412273,42.7245875],[1.2412743,42.7245253],[1.2413775,42.724339],[1.2414139,42.7242668],[1.24151,42.7240327],[1.241546,42.7239722],[1.2416488,42.7238794],[1.2416835,42.7238602],[1.2418266,42.7238068],[1.2418627,42.723784],[1.2419016,42.7237469],[1.2419613,42.7236696],[1.2420619,42.7235705],[1.2421517,42.7235028],[1.2421976,42.7234774],[1.2422157,42.7234445],[1.2422305,42.7233979],[1.242261,42.7232779],[1.2423469,42.7232218],[1.2424072,42.7232021],[1.2424543,42.7231786],[1.2425268,42.7231204],[1.2425578,42.723102],[1.2426391,42.723035],[1.2427126,42.7229868],[1.2427557,42.7229722],[1.2427974,42.7229639],[1.2428615,42.7229415],[1.2429938,42.722923],[1.2430727,42.7228973],[1.2433404,42.7228361],[1.2434748,42.7227879],[1.2435313,42.7227754],[1.2435741,42.7227716],[1.2436358,42.7227879],[1.2436845,42.7227932],[1.2437569,42.7228186],[1.2439336,42.7228647],[1.2439707,42.7228878],[1.244008,42.7229037],[1.244039,42.7229285],[1.2441447,42.7229419],[1.2441621,42.7229305],[1.2442037,42.7229276],[1.2442593,42.7229447],[1.2443139,42.7229528],[1.2443753,42.7229385],[1.2446074,42.7229684],[1.2447214,42.7229891],[1.2447557,42.7229861],[1.2447975,42.7229751],[1.2449489,42.722929],[1.2450051,42.7229245],[1.2450579,42.7229155],[1.2451023,42.7228982],[1.2451514,42.7228882],[1.2453753,42.7228658],[1.2454159,42.722853],[1.2455076,42.7228473],[1.2455458,42.7228336],[1.2456279,42.7228196],[1.2456974,42.7228217],[1.2457715,42.722831],[1.2458086,42.7228154],[1.2458212,42.722803],[1.245841,42.7227925],[1.2458848,42.7227959],[1.2459427,42.7227771],[1.2459782,42.7227741],[1.2460827,42.722747],[1.2461654,42.7227538],[1.2462094,42.7227509],[1.2462671,42.7227384],[1.2463856,42.7227322],[1.2464579,42.7227208],[1.2465165,42.7227191],[1.246615,42.7227297],[1.2466937,42.7227489],[1.2467593,42.722759],[1.2468792,42.7227466],[1.247044,42.7227016],[1.2471627,42.7226487],[1.2472025,42.7226233],[1.24729,42.7225501],[1.2473129,42.7225199],[1.2473411,42.7224331],[1.2474108,42.7223866],[1.2474372,42.7223627],[1.2474765,42.7222725],[1.2474982,42.7222414],[1.2475271,42.7222122],[1.2475415,42.72218],[1.2476021,42.7221109],[1.2476365,42.7220224],[1.2476374,42.721991],[1.2476237,42.7219619],[1.2476355,42.7219334],[1.2476691,42.7219096],[1.247687,42.7218847],[1.2476893,42.7218074],[1.2477233,42.7217711],[1.2477337,42.7217506],[1.2477367,42.7217327],[1.2477313,42.7217092],[1.2477273,42.7216381],[1.2477356,42.7216067],[1.2477524,42.7215746],[1.2477829,42.7215356],[1.2479077,42.7214],[1.2479692,42.7212625],[1.247996,42.7211802],[1.2479923,42.7211406],[1.2479956,42.7211137],[1.2480062,42.7210869],[1.248029,42.7210584],[1.2480588,42.721041],[1.2481862,42.7210215],[1.2482281,42.7210059],[1.2483715,42.7209858],[1.2484823,42.7209516],[1.2485157,42.7209342],[1.2486352,42.7208957],[1.2487432,42.7208741],[1.2487823,42.720872],[1.2488199,42.7208376],[1.2488442,42.7208389],[1.2488533,42.7208624],[1.2488799,42.72087],[1.2489409,42.720871],[1.2489764,42.7208644],[1.2490024,42.7208513],[1.2490613,42.7208001],[1.2490891,42.7207673],[1.2491278,42.7207401],[1.2491757,42.7207274],[1.2492571,42.7206972],[1.2492884,42.7206707],[1.2493187,42.7206362],[1.2493342,42.7206085],[1.249358,42.7205864],[1.2494111,42.7205648],[1.2494886,42.7205418],[1.2495291,42.7205344],[1.2495554,42.7205123],[1.249585,42.720502],[1.2496499,42.7204941],[1.2496816,42.7204937],[1.2496955,42.7204768],[1.2496985,42.7204184],[1.2497813,42.720382],[1.2498269,42.7203666],[1.2499238,42.7202656],[1.2499711,42.720234],[1.2500487,42.7201706],[1.2501519,42.7201057],[1.2502923,42.7200594],[1.2503222,42.7200383],[1.2503397,42.7199846],[1.2503304,42.7199674],[1.2503008,42.719939],[1.2503049,42.7199256],[1.2503036,42.7198869],[1.2503079,42.7198654],[1.250333,42.7198406],[1.250334,42.7198083],[1.2503511,42.7197663],[1.2503665,42.7197423],[1.2504045,42.7197339],[1.2504384,42.719703],[1.2504568,42.7197006],[1.2505219,42.7196423],[1.2505566,42.7195862],[1.2505729,42.7195298],[1.2506108,42.7194845],[1.2506238,42.7194578],[1.2506338,42.7194103],[1.2506478,42.7193898],[1.2507387,42.7193293],[1.250814,42.7192567],[1.2508222,42.7192299],[1.2508463,42.7191979],[1.2508492,42.7191836],[1.2509084,42.7191216],[1.2509262,42.7190949],[1.2509535,42.7190809],[1.2509845,42.719023],[1.2510033,42.7189244],[1.2510255,42.7188771],[1.2510455,42.7188189],[1.2510731,42.7187942],[1.2510798,42.7187736],[1.2510707,42.718751],[1.2510542,42.7187327],[1.251051,42.7187174],[1.2510251,42.7186882],[1.2510186,42.7186602],[1.2510185,42.7185829],[1.2510267,42.7185515],[1.2510552,42.7185376],[1.2510719,42.7185091],[1.2510736,42.718492],[1.2510992,42.7184538],[1.2511413,42.7184329],[1.2511687,42.7184118],[1.2511748,42.7183741],[1.2511826,42.7183553],[1.2511832,42.7183356],[1.2511925,42.7183105],[1.2512468,42.7182916],[1.2512796,42.718294],[1.2512969,42.7182852],[1.2513149,42.7182577],[1.2513425,42.7182293],[1.2513559,42.7181495],[1.251365,42.7181308],[1.2513735,42.7180904],[1.2514163,42.718048],[1.2514394,42.7180079],[1.2514606,42.7179534],[1.2515053,42.7178875],[1.2515387,42.7178287],[1.2515443,42.7178063],[1.2515729,42.7177484],[1.2515994,42.7176768],[1.2516343,42.7176127],[1.2516913,42.7175812],[1.2517404,42.7175307],[1.2517994,42.7174337],[1.2518198,42.717363],[1.2518324,42.7173488],[1.2518534,42.717341],[1.2519382,42.717239],[1.2519562,42.7171682],[1.251973,42.717137],[1.2519831,42.7170841],[1.2520168,42.7170172],[1.2520216,42.7169787],[1.2520424,42.7169376],[1.2520553,42.7168722],[1.252067,42.7168481],[1.2521005,42.7168306],[1.2521132,42.7168138],[1.252127,42.71676],[1.2521631,42.716695],[1.252217,42.7166464],[1.2522262,42.7166232],[1.2522609,42.7165662],[1.2522718,42.7165268],[1.2523072,42.7164851],[1.2523272,42.7164701],[1.2523884,42.7163794],[1.2524426,42.7163218],[1.25251,42.7162294],[1.2525639,42.7161799],[1.2526321,42.716145],[1.2526511,42.7161193],[1.2526629,42.7160934],[1.2527219,42.7160386],[1.252739,42.7159948],[1.2527402,42.715957],[1.252754,42.7158628],[1.2527682,42.715837],[1.2527726,42.7158092],[1.2527685,42.7157857],[1.252772,42.715748],[1.2527942,42.7157016],[1.2528262,42.7156518],[1.252846,42.7156404],[1.252883,42.7156284],[1.2528756,42.7154682],[1.2529353,42.7153874],[1.2529502,42.7153399],[1.2529571,42.7153104],[1.252971,42.7151316],[1.2529658,42.7151019],[1.2529692,42.7150722],[1.2529593,42.7150361],[1.2529464,42.7150179],[1.2529319,42.7150132],[1.2529014,42.7150154],[1.2528394,42.7150063],[1.2528516,42.7149678],[1.2528424,42.714947],[1.2528708,42.7149357],[1.2528835,42.7149197],[1.2528959,42.7148309],[1.2528909,42.7147535],[1.2529026,42.7147312],[1.25291,42.7146855],[1.2529003,42.7146439],[1.2528625,42.7145642],[1.25283,42.7145484],[1.2529055,42.7145109],[1.2530037,42.71449],[1.2530501,42.7144872],[1.2531239,42.7144686],[1.2531849,42.7144669],[1.2532309,42.7144776],[1.253295,42.7144957],[1.2533643,42.7145454],[1.2535293,42.7145741],[1.2536649,42.7146042],[1.253755,42.7146111],[1.2538295,42.7146069],[1.2539983,42.7146313],[1.2540739,42.7146307],[1.2541529,42.714641],[1.254209,42.7146419],[1.2542685,42.7146501],[1.2544011,42.7146594],[1.2544448,42.7146691],[1.2545287,42.7146768],[1.2545908,42.7146805],[1.2546287,42.7146766],[1.2547053,42.7146824],[1.2547465,42.7146911],[1.2547874,42.7147107],[1.2548384,42.7147196],[1.2548437,42.7147458],[1.2549012,42.7147386],[1.2549845,42.7147679],[1.2550307,42.7147731],[1.2550673,42.7147728],[1.2551012,42.7147805],[1.2551544,42.7147958],[1.2551771,42.7148124],[1.2552315,42.7148294],[1.2553286,42.7148445],[1.2553889,42.7148248],[1.2555553,42.7148473],[1.2555965,42.714857],[1.2556673,42.7148545],[1.2557445,42.7148423],[1.2557869,42.7148511],[1.2558303,42.7148707],[1.2558641,42.7148802],[1.2559478,42.7148942],[1.2560148,42.714898],[1.2562372,42.715005],[1.2562597,42.7150296],[1.2562992,42.7150519],[1.2563871,42.715092],[1.2564434,42.7151262],[1.2565048,42.7151515],[1.2565791,42.7151958],[1.2566038,42.7152268],[1.2566141,42.7152486],[1.2566394,42.7152598],[1.2566734,42.7152657],[1.2568016,42.7153002],[1.2568904,42.7153088],[1.2569351,42.715323],[1.257002,42.7153286],[1.257321,42.7153869],[1.2573449,42.7154017],[1.2573578,42.7154217],[1.2573805,42.7154355],[1.2575695,42.7154782],[1.2575964,42.7154759],[1.2576754,42.7154835],[1.2577025,42.7154749],[1.2577261,42.7154618],[1.2577676,42.7154598],[1.2579563,42.7154728],[1.2580436,42.7154886],[1.2581598,42.7155192],[1.2582338,42.7155312],[1.2584833,42.7155488],[1.2585243,42.7155629],[1.2586656,42.7155706],[1.2587165,42.7155796],[1.2588095,42.7156107],[1.2588776,42.7156164],[1.2589323,42.7156253],[1.2589732,42.7156413],[1.259041,42.7156577],[1.2590837,42.7156584],[1.2591273,42.7156681],[1.2591753,42.7156554],[1.2592266,42.7156508],[1.2593336,42.7156642],[1.259392,42.7156661],[1.2594381,42.7156749],[1.259485,42.7156586],[1.2595124,42.7156384],[1.2595929,42.7155965],[1.2596352,42.7155702],[1.2596783,42.7155556],[1.2597764,42.7154952],[1.2598103,42.7154651],[1.259914,42.7154237],[1.2599496,42.7154152],[1.2599859,42.7153826],[1.2600043,42.7153811],[1.2600268,42.7153607],[1.2601023,42.7153233],[1.2601347,42.7153013],[1.2602035,42.7152431],[1.260267,42.715201],[1.2603427,42.7151554],[1.2604059,42.7151241],[1.2604564,42.7150646],[1.260571,42.7149847],[1.2606356,42.7149452],[1.2606665,42.7149323],[1.2606957,42.7149345],[1.2607187,42.7149412],[1.2607437,42.7149605],[1.2607613,42.7149851],[1.2608123,42.7150336],[1.2608651,42.7150596],[1.2609026,42.7150701],[1.2610085,42.715079],[1.261063,42.7150916],[1.2611067,42.7150959],[1.2611903,42.715117],[1.2612348,42.7151366],[1.261275,42.7151373],[1.2613414,42.71516],[1.2614677,42.71518],[1.2615355,42.7151964],[1.2618069,42.7152161],[1.2620097,42.7152437],[1.2621389,42.7152458],[1.2623716,42.7152558],[1.2624079,42.7152636],[1.2624548,42.715286],[1.2625094,42.7152967],[1.2626358,42.7153114],[1.2628002,42.7153185],[1.262854,42.715314],[1.2629356,42.7153189],[1.2629995,42.7153425],[1.2630979,42.7153548],[1.2631646,42.7153694],[1.2632105,42.7153837],[1.2632681,42.7153738],[1.2633668,42.7153781],[1.2636282,42.7153617],[1.2636882,42.7153536],[1.2637349,42.7153427],[1.2637708,42.7153244],[1.2637854,42.7153273],[1.2638175,42.7153557],[1.2639345,42.7153963],[1.2639875,42.7154187],[1.2640917,42.7154024],[1.2643408,42.7154326],[1.2644354,42.7154503],[1.2646082,42.7154639],[1.2649031,42.7154705],[1.264976,42.7154806],[1.2650272,42.7154815],[1.2651132,42.7154613],[1.2654902,42.7154953],[1.2656138,42.7155215],[1.2656942,42.7155264],[1.2658443,42.7155639],[1.2658744,42.7155761],[1.2659222,42.7155706],[1.266046,42.7156293],[1.2661348,42.715637],[1.2662009,42.7156695],[1.2662496,42.7156748],[1.2662944,42.7156846],[1.2664237,42.7157244],[1.2664502,42.7157365],[1.2664834,42.7157281],[1.2665147,42.7157412],[1.2665433,42.7157614],[1.2665831,42.7157783],[1.2666259,42.7158167],[1.2666904,42.7158609],[1.2667832,42.7158984],[1.266801,42.7159158],[1.2668346,42.7159325],[1.2668847,42.7159693],[1.2669428,42.7159864],[1.2669607,42.7159984],[1.2669372,42.7160925],[1.2669436,42.7161213],[1.2669552,42.7161422],[1.2669523,42.7162006],[1.2669748,42.7162226],[1.2669647,42.7162737],[1.2669699,42.7163061],[1.2669962,42.7163236],[1.2669981,42.7163821],[1.2670094,42.7164129],[1.2670108,42.7164462],[1.2670507,42.7165404],[1.2670734,42.7166388],[1.2670637,42.7166755],[1.2670452,42.7166851],[1.267057,42.7167392],[1.2670506,42.7168704],[1.2670725,42.7170794],[1.26709,42.7171867],[1.2670515,42.7172113],[1.2671047,42.7172652],[1.2671194,42.7173473],[1.2671412,42.7173908],[1.2671535,42.7174701],[1.2671534,42.7175151],[1.2671844,42.7176208],[1.2671634,42.7177131],[1.2671608,42.717758],[1.2671811,42.7178123],[1.2671851,42.7178448],[1.2672027,42.7178675],[1.2674189,42.7179799],[1.267641,42.718139],[1.2678164,42.7182264],[1.2679339,42.7182949],[1.2680163,42.7183547],[1.2680451,42.7183704],[1.2680779,42.7183745],[1.2681322,42.7183961],[1.2681644,42.71842],[1.2682426,42.7184563],[1.268287,42.7184391],[1.268397,42.7184301],[1.2684467,42.7184021],[1.2686112,42.7183643],[1.2686499,42.7183757],[1.2687221,42.7183265],[1.2687739,42.7183085],[1.26881,42.7182839],[1.2689059,42.7182584],[1.2689339,42.7182184],[1.2689734,42.7182029],[1.2690066,42.7181944],[1.2690453,42.718204],[1.2690795,42.7182028],[1.2691212,42.7181954],[1.2691661,42.7182015],[1.2691921,42.7181893],[1.2692208,42.7181682],[1.2693476,42.7181675],[1.2693831,42.7181645],[1.2694151,42.7181551],[1.2694382,42.7181555],[1.2694658,42.7181722],[1.2695157,42.7181757],[1.2695472,42.7181825],[1.2696211,42.7181594],[1.2696767,42.7181342],[1.2697007,42.718149],[1.2697586,42.7181697],[1.2697914,42.7181729],[1.2698359,42.7181943],[1.2698779,42.7181752],[1.2698985,42.7181818],[1.2699175,42.7182001],[1.2700275,42.7182325],[1.2700587,42.7182474],[1.270121,42.7182457],[1.2701949,42.7182622],[1.2703072,42.7182586],[1.2703582,42.7182675],[1.2703847,42.7182796],[1.2704333,42.718284],[1.2705016,42.7182851],[1.2705405,42.7182902],[1.2705615,42.7182789],[1.2705932,42.7182803],[1.2706281,42.7182953],[1.2706753,42.7183077],[1.2707117,42.7183164],[1.2707396,42.7183186],[1.2707691,42.7183128],[1.2708313,42.7182725],[1.2708791,42.7182642],[1.2708934,42.7182762],[1.270899,42.7182906],[1.2709121,42.7183016],[1.2709526,42.7182942],[1.2709793,42.7182964],[1.271006,42.7183032],[1.2710468,42.7183236],[1.2710786,42.7183205],[1.2711452,42.7183378],[1.2711821,42.7183285],[1.2712197,42.7183336],[1.2712578,42.7183261],[1.2712758,42.7183336],[1.2712956,42.7183249],[1.2713136,42.7183342],[1.2713385,42.7183589],[1.2713622,42.7183431],[1.2713737,42.7183253],[1.2713995,42.7183176],[1.2714999,42.7183471],[1.2715044,42.7183589],[1.2715334,42.7183683],[1.2715678,42.7183599],[1.2716295,42.7183744],[1.2716492,42.7183684],[1.2716746,42.7183769],[1.2717114,42.7183685],[1.2717265,42.7183553],[1.2717499,42.7183457],[1.2717948,42.7183555],[1.2718499,42.7183465],[1.2718723,42.7183333],[1.2719052,42.7183312],[1.2719338,42.7183145],[1.2719671,42.7183034],[1.2719876,42.7183082],[1.2720014,42.7183363],[1.272029,42.7183529],[1.2721292,42.7183887],[1.2721788,42.7184021],[1.2722907,42.718412],[1.2723299,42.7184055],[1.2723652,42.7184078],[1.2724594,42.7183995],[1.2725011,42.718392],[1.2725259,42.7183781],[1.2725555,42.7183677],[1.2725849,42.7183628],[1.2726576,42.7183766],[1.2726824,42.7183644],[1.2727116,42.7183667],[1.2727339,42.7183562],[1.272775,42.7183263],[1.2728342,42.7183444],[1.2728671,42.7183476],[1.2729334,42.7183729],[1.2730043,42.7183687],[1.2730297,42.7183736],[1.2730753,42.7183572],[1.2731044,42.7183631],[1.2731317,42.7183896],[1.2731538,42.7183846],[1.2731962,42.7183952],[1.2732109,42.7183909],[1.2732302,42.7184002],[1.2732547,42.7183943],[1.2732705,42.7183964],[1.2732982,42.7184112],[1.2733349,42.7184046],[1.273374,42.7184025],[1.2734409,42.7184108],[1.273503,42.7184118],[1.2735333,42.7184195],[1.2735925,42.7184384],[1.2736285,42.7184588],[1.2736804,42.7184758],[1.2737582,42.7185256],[1.2737907,42.7185414],[1.2738174,42.7185455],[1.2738279,42.7185609],[1.2738593,42.7185713],[1.2738965,42.7185512],[1.2739184,42.7185525],[1.2739302,42.718568],[1.273969,42.7185731],[1.2739641,42.7185766],[1.2739844,42.7185913],[1.2740173,42.7185919],[1.2740566,42.7185799],[1.2741189,42.7185782],[1.2740965,42.7185931],[1.2741035,42.7186049],[1.2741263,42.7186161],[1.274144,42.7186353],[1.2741923,42.7186531],[1.2742207,42.7186419],[1.2742512,42.7186397],[1.27429,42.7186484],[1.2743436,42.7186934],[1.274381,42.7186652],[1.2744092,42.7186584],[1.2744488,42.7186825],[1.274483,42.7186794],[1.274515,42.7186691],[1.2745393,42.7186749],[1.2745374,42.7186542],[1.2745549,42.718641],[1.2746028,42.7186283],[1.2746477,42.718638],[1.2747012,42.7186425],[1.2747383,42.7186655],[1.2747678,42.7187002],[1.2748038,42.7187619],[1.274857,42.7187349],[1.274949,42.7186779],[1.2749799,42.7186631],[1.2749984,42.7186571],[1.2750559,42.7186491],[1.2750777,42.7186135],[1.2750938,42.7186074],[1.2751243,42.7186043],[1.27518,42.7185782],[1.2752144,42.7185707],[1.2752282,42.7185556],[1.2752387,42.7185324],[1.2752649,42.7185121],[1.2753089,42.7184679],[1.2753299,42.7184574],[1.2753366,42.7184396],[1.2753491,42.7184281],[1.275381,42.7184232],[1.2754537,42.7183956],[1.2754843,42.7183529],[1.2755004,42.7183433],[1.2755286,42.7183401],[1.2755522,42.7183261],[1.2755724,42.7183013],[1.2756242,42.7182814],[1.2756524,42.7182783],[1.2757032,42.7182908],[1.275752,42.7182907],[1.2757852,42.7182813],[1.2758112,42.7182673],[1.2758371,42.7182588],[1.2758896,42.718256],[1.2760038,42.7181895],[1.2760342,42.7180686],[1.2760268,42.7180316],[1.2760104,42.7180088],[1.2760512,42.7179879],[1.2760275,42.717965],[1.2760479,42.7179348],[1.2760703,42.7179199],[1.2761255,42.7179109],[1.2761565,42.7178916],[1.2761779,42.7178721],[1.2761526,42.7178196],[1.2761352,42.7177491],[1.2761122,42.7177416],[1.2761029,42.7177279],[1.2761106,42.7177119],[1.2761766,42.7177075],[1.2761977,42.717698],[1.2762416,42.717696],[1.2762678,42.7176757],[1.2763118,42.7176737],[1.2763305,42.7176605],[1.2763761,42.7176424],[1.2763998,42.7176266],[1.2764628,42.7175593],[1.2764864,42.7175426],[1.2765135,42.7174935],[1.2765309,42.717483],[1.2765515,42.7174878],[1.2765566,42.7174807],[1.276551,42.7174618],[1.2765335,42.7174372],[1.2765259,42.7174038],[1.2765319,42.7173652],[1.2765154,42.7173479],[1.2764951,42.71729],[1.2765057,42.7172614],[1.2765198,42.71724],[1.2765621,42.7172119],[1.2765712,42.7171905],[1.2766265,42.7171374],[1.2766564,42.7171154],[1.2767255,42.7170473],[1.2767666,42.7169787],[1.2767788,42.7169357],[1.2767927,42.7169197],[1.2768351,42.7168062],[1.2768518,42.7167768],[1.2769701,42.7166123],[1.2769862,42.7165631],[1.2769855,42.716546],[1.2769922,42.7165237],[1.27705,42.7164275],[1.2771124,42.7163385],[1.277127,42.7162974],[1.2771271,42.7162533],[1.2771548,42.7161827],[1.2771624,42.7161325],[1.2771928,42.7160934],[1.2772143,42.7160272],[1.2772258,42.7160067],[1.2772433,42.7159926],[1.2772907,42.7158755],[1.2772979,42.7158388],[1.2772959,42.7157012],[1.2773154,42.7156196],[1.277339,42.7155634],[1.2773655,42.7154073],[1.2773927,42.7153124],[1.2774147,42.7152696],[1.277417,42.7152346],[1.277428,42.7151934],[1.2775321,42.7150538],[1.2775772,42.7149709],[1.2776115,42.7149247],[1.2776526,42.7148552],[1.2776641,42.714797],[1.2776767,42.7147828],[1.2777124,42.7147726],[1.2777473,42.7147048],[1.2777897,42.714674],[1.2778761,42.7145576],[1.2779085,42.7145347],[1.2779365,42.7144929],[1.2779774,42.7144288],[1.2780143,42.7143367],[1.2780402,42.7142445],[1.2780608,42.714208],[1.2781029,42.7141862],[1.2781318,42.7141597],[1.2781421,42.7141391],[1.2781552,42.7140665],[1.2782023,42.7140853],[1.2782496,42.7140932],[1.2783986,42.7140839],[1.2785045,42.7140919],[1.2785485,42.714089],[1.2787627,42.7141033],[1.2788631,42.714131],[1.2789316,42.7141644],[1.2789584,42.7141667],[1.2789855,42.7141581],[1.2790087,42.7141585],[1.2790555,42.7141817],[1.2791459,42.7142182],[1.2792613,42.7142327],[1.2793085,42.714246],[1.2793482,42.7142656],[1.2793965,42.7142825],[1.2794996,42.7143004],[1.2796558,42.714338],[1.2797057,42.7143406],[1.2797632,42.7143352],[1.2798068,42.7143449],[1.2798297,42.7143569],[1.27984,42.7143778],[1.2798743,42.7144134],[1.2798902,42.7144119],[1.2799323,42.7143919],[1.2799598,42.7143689],[1.2799855,42.7143639],[1.2800158,42.7143725],[1.2800454,42.7144009],[1.2800878,42.7144132],[1.2801256,42.7144103],[1.2801603,42.7143937],[1.2801905,42.7144014],[1.2802127,42.7144368],[1.2802617,42.71447],[1.2802885,42.7144722],[1.2803439,42.7144947],[1.2803725,42.7145158],[1.2804232,42.7145364],[1.2805006,42.7145566],[1.2805387,42.7145878],[1.280563,42.7145917],[1.2805814,42.7145866],[1.2806071,42.7145862],[1.280654,42.7146076],[1.2806758,42.7146106],[1.2807117,42.7146355],[1.280743,42.7146504],[1.2807829,42.7146627],[1.2808404,42.7146556],[1.2808756,42.7146597],[1.2809275,42.7146794],[1.280957,42.7147123],[1.2810124,42.7146934],[1.2810389,42.7147055],[1.2810693,42.7147078],[1.2811068,42.714721],[1.2811497,42.7147127],[1.2812247,42.7147337],[1.2812624,42.7147352],[1.2814078,42.7147699],[1.2814521,42.7147976],[1.2814912,42.7147946],[1.2815207,42.7147852],[1.2815536,42.7147857],[1.2816216,42.7147985],[1.28163,42.7148031],[1.2816405,42.7148195],[1.2816503,42.7148178],[1.2816607,42.7147955],[1.2816976,42.714824],[1.2818329,42.7149098],[1.2818708,42.7149482],[1.2819127,42.7149767],[1.2819172,42.7149894],[1.2819337,42.7150095],[1.2819859,42.7150166],[1.2820159,42.7150324],[1.2820563,42.715069],[1.2821153,42.715096],[1.2821523,42.7151209],[1.2821825,42.7151322],[1.2822015,42.7151487],[1.2822365,42.7151627],[1.2822877,42.715204],[1.2823224,42.7152261],[1.2823766,42.7152486],[1.2824314,42.7152944],[1.2825275,42.7153445],[1.2826017,42.7153898],[1.2826471,42.7154229],[1.2826761,42.7154333],[1.2827294,42.7154854],[1.2828173,42.7155255],[1.2828447,42.7155475],[1.2829252,42.7155874],[1.2831065,42.7156425],[1.2831671,42.7156543],[1.28323,42.7156724],[1.2834374,42.715753],[1.2834787,42.7157582],[1.2835267,42.7157455],[1.2835753,42.7157516],[1.2836055,42.7157611],[1.2836463,42.7157834],[1.2837587,42.7158193],[1.2838139,42.7158499],[1.2838592,42.715883],[1.2838905,42.7158979],[1.2839137,42.7158965],[1.2839657,42.7158703],[1.284015,42.7158522],[1.2840764,42.7158379],[1.2841552,42.7158545],[1.2841888,42.715873],[1.2842243,42.7159113],[1.2842714,42.715967],[1.2843697,42.716107],[1.2843969,42.7161371],[1.284422,42.7161528],[1.2845133,42.7161606],[1.2846392,42.7161923],[1.2846643,42.7162107],[1.284683,42.7162353],[1.2847128,42.71626],[1.2847514,42.7162759],[1.2848327,42.7162898],[1.2848811,42.7163032],[1.2849108,42.716327],[1.284948,42.7163897],[1.2849874,42.7164182],[1.2850427,42.7164479],[1.2850634,42.7164905],[1.285086,42.7165097],[1.2851173,42.7165219],[1.2851304,42.7165338],[1.2851358,42.7165564],[1.2851596,42.7165774],[1.285193,42.7166014],[1.2852422,42.7166291],[1.2853471,42.7166695],[1.2853992,42.7166838],[1.2854613,42.7166857],[1.2855816,42.7166606],[1.2856232,42.716655],[1.28565,42.7166563],[1.2856934,42.7166741],[1.2857183,42.716697],[1.2857531,42.7167164],[1.2858232,42.7167365],[1.2858391,42.7167376],[1.2858507,42.7167576],[1.285854,42.7168107],[1.2859348,42.7167598],[1.2859885,42.7167166],[1.2860431,42.7166824],[1.2860986,42.7166626],[1.28616,42.7166483],[1.2862284,42.716644],[1.286392,42.7166403],[1.2864322,42.7166428],[1.2864625,42.7166478],[1.2865614,42.7166862],[1.2866246,42.7166935],[1.2867311,42.7167204],[1.2867881,42.7167303],[1.2868284,42.7167301],[1.2868897,42.7167185],[1.2869807,42.7167334],[1.2870575,42.7167346],[1.2871004,42.7167281],[1.2871563,42.7167362],[1.2871954,42.7167323],[1.2872116,42.7167209],[1.2872345,42.7167294],[1.2872649,42.7167325],[1.2872758,42.7167372],[1.2872802,42.7167517],[1.2872737,42.7167651],[1.2872855,42.7167787],[1.287327,42.7167785],[1.287339,42.7167859],[1.2873433,42.7168048],[1.2873211,42.7168144],[1.2873278,42.7168352],[1.2873393,42.7168587],[1.2873765,42.7168791],[1.2875595,42.7169171],[1.287675,42.7169729],[1.2876943,42.7169786],[1.2877199,42.716979],[1.2878114,42.7170192],[1.2878854,42.7170339],[1.2879462,42.7170825],[1.2880323,42.7171405],[1.2880731,42.7171637],[1.2881116,42.7171796],[1.2881379,42.717198],[1.2882223,42.7172326],[1.2882455,42.7172321],[1.2883209,42.7172782],[1.2883639,42.7173104],[1.2884276,42.7173429],[1.2885748,42.7173965],[1.2887505,42.7174776],[1.2887928,42.7174908],[1.2888383,42.7175176],[1.2888873,42.7175535],[1.2890422,42.7176342],[1.2891572,42.7177071],[1.2891954,42.7177365],[1.2893177,42.7178059],[1.2894265,42.7178814],[1.2895303,42.7179172],[1.2895819,42.7179468],[1.2896124,42.7179878],[1.2896508,42.7180082],[1.2897195,42.7180362],[1.2897474,42.7180439],[1.2897778,42.7180453],[1.2898032,42.7180529],[1.2899036,42.7181228],[1.2899482,42.7181406],[1.2900081,42.7181766],[1.2900636,42.7181973],[1.2901018,42.7182258],[1.2901453,42.7182382],[1.290174,42.7182584],[1.2902055,42.7182661],[1.2902295,42.7182782],[1.2902441,42.7182802],[1.2902601,42.7182751],[1.2902845,42.7182773],[1.2903444,42.7183115],[1.2903796,42.7183184],[1.2904049,42.7183287],[1.2904179,42.7183442],[1.2904394,42.7183589],[1.2904624,42.7183629],[1.2905052,42.71836],[1.2905246,42.7183657],[1.2905302,42.7183801],[1.2905706,42.7184177],[1.2905984,42.7184271],[1.2906344,42.7184457],[1.2907639,42.7185206],[1.290862,42.7185464],[1.2909173,42.7185743],[1.2909936,42.7185926],[1.2910713,42.718646],[1.291162,42.7186708],[1.2914233,42.7187874],[1.291562,42.7188409],[1.2916224,42.7188607],[1.2916684,42.7188705],[1.2917417,42.7189085],[1.2917647,42.7189134],[1.2917819,42.7189109],[1.2918231,42.7189197],[1.291952,42.718973],[1.2919982,42.71898],[1.2920318,42.7189977],[1.2920753,42.7190109],[1.2922014,42.7190363],[1.2922699,42.7190311],[1.2924262,42.7190669],[1.2925263,42.7190613],[1.2925824,42.719064],[1.2927391,42.7190845],[1.2927964,42.7190836],[1.2929337,42.7191011],[1.2930372,42.7191099],[1.2930897,42.7191054],[1.2931715,42.7191049],[1.2932205,42.7191389],[1.2932568,42.7191494],[1.2933321,42.7191578],[1.293577,42.7191671],[1.2936456,42.7191574],[1.2936783,42.7191651],[1.2937205,42.719182],[1.2937913,42.7191813],[1.2938277,42.7191864],[1.2938644,42.7191834],[1.2938972,42.7191866],[1.2939195,42.7192157],[1.2939645,42.7192209],[1.2939934,42.719234],[1.2940261,42.7192408],[1.2941221,42.7192945],[1.2941462,42.7193039],[1.2941705,42.7193069],[1.2941953,42.719293],[1.2942168,42.7192681],[1.294251,42.7192651],[1.2942988,42.7193018],[1.2943176,42.7193237],[1.294355,42.7193396],[1.2944047,42.7193476],[1.2944276,42.7193578],[1.2944641,42.7193629],[1.2945166,42.7194006],[1.2945496,42.7194002],[1.2945839,42.7193945],[1.2946264,42.7193988],[1.2946734,42.7194211],[1.2946923,42.7194412],[1.2947727,42.7194856],[1.2948141,42.7194872],[1.2948552,42.7195013],[1.2948965,42.7195074],[1.2949463,42.7195127],[1.2949744,42.7195104],[1.2950072,42.7195154],[1.2950622,42.7195109],[1.2950967,42.7195016],[1.2951884,42.7194931],[1.2952609,42.7194727],[1.2953344,42.719464],[1.2953881,42.7194612],[1.2954112,42.7194652],[1.2954882,42.7194574],[1.2955247,42.7194625],[1.2955504,42.7194593],[1.2955777,42.7194436],[1.2956048,42.719435],[1.2956473,42.7194402],[1.2957296,42.7194199],[1.2958251,42.7194097],[1.2958774,42.7194124],[1.2959515,42.7194243],[1.295981,42.7194167],[1.2960102,42.7194172],[1.296049,42.7194241],[1.2961295,42.7194263],[1.2962724,42.7194205],[1.2963149,42.7194238],[1.2963985,42.719445],[1.2964387,42.7194447],[1.2965881,42.719466],[1.2966512,42.7194778],[1.2967117,42.7194958],[1.2967447,42.7194936],[1.2969465,42.7193889],[1.2971338,42.7193244],[1.2972467,42.7192606],[1.2973082,42.7192409],[1.297411,42.7191895],[1.2975307,42.7191401],[1.2975719,42.7191093],[1.2976387,42.7190744],[1.2976872,42.7190428],[1.2977542,42.7190061],[1.2978457,42.7189625],[1.2979086,42.7189375],[1.2979773,42.7189251],[1.2981019,42.7188767],[1.2981733,42.7188553],[1.2981835,42.7188393],[1.2982202,42.7188336],[1.2982536,42.718817],[1.2983373,42.7187914],[1.2983815,42.7187822],[1.2984541,42.71876],[1.2985068,42.7187509],[1.2985658,42.7187357],[1.2986373,42.7187116],[1.298805,42.7186882],[1.2988603,42.7186738],[1.2989197,42.7186469],[1.2989577,42.7186385],[1.2991783,42.7186024],[1.2992186,42.7186004],[1.2992744,42.7186111],[1.2993238,42.7185921],[1.2993808,42.718602],[1.2994249,42.7185955],[1.2996066,42.7185957],[1.2996382,42.7185998],[1.299666,42.7186093],[1.2997273,42.7185967],[1.2997871,42.718595],[1.2998121,42.7185738],[1.2998917,42.7185652],[1.3000752,42.7185888],[1.3001136,42.7186083],[1.3001562,42.7186125],[1.3001892,42.7186095],[1.3002327,42.7186227],[1.3002906,42.7186021],[1.3003187,42.7186016],[1.3003356,42.7186064],[1.3003589,42.7186032],[1.3003841,42.7185757],[1.3004028,42.7185634],[1.3004357,42.7185621],[1.3004989,42.7185712],[1.3005282,42.7185699],[1.3005747,42.7185643],[1.3006093,42.7185505],[1.3007314,42.7185443],[1.3008701,42.7185555],[1.300922,42.7185743],[1.3009483,42.7185918],[1.3010454,42.7186078],[1.3010963,42.7185771],[1.3011246,42.7185704],[1.3011585,42.7185772],[1.301231,42.7186008],[1.3012699,42.7186068],[1.3014077,42.7186072],[1.3015056,42.7185971],[1.3015425,42.7185851],[1.3015669,42.7185837],[1.3016301,42.7185496],[1.3016671,42.7185367],[1.3018439,42.7184954],[1.3019363,42.7184627],[1.30201,42.7184477],[1.3020457,42.7184339],[1.3020607,42.7184224],[1.3021983,42.7183868],[1.3023293,42.7183718],[1.302364,42.7183535],[1.3024033,42.7183442],[1.3024453,42.7183251],[1.302476,42.7183184],[1.3025335,42.718313],[1.3026311,42.7182678],[1.3026766,42.718255],[1.3027893,42.7182397],[1.3028609,42.7182112],[1.3030387,42.7181771],[1.3030899,42.718177],[1.3031324,42.7181831],[1.303213,42.718179],[1.3033284,42.7181952],[1.3033543,42.7181866],[1.3034058,42.7181784],[1.3034691,42.7181804],[1.3035713,42.7182332],[1.3036163,42.7182357],[1.3036533,42.7182219],[1.3036851,42.7182179],[1.3037226,42.7182284],[1.3037689,42.7182301],[1.3038454,42.7182421],[1.3038733,42.7182488],[1.3038973,42.7182627],[1.3039205,42.7182603],[1.3039403,42.7182499],[1.304016,42.7182493],[1.3040512,42.7182543],[1.3041065,42.7182795],[1.304175,42.7182752],[1.3043379,42.7182921],[1.3044022,42.718304],[1.3044306,42.7182936],[1.3044829,42.7182962],[1.3046875,42.7182671],[1.3047434,42.7182725],[1.3047983,42.7182725],[1.3048966,42.7182875],[1.3049892,42.7182908],[1.3050456,42.7182827],[1.3051517,42.7182816],[1.3052912,42.7182677],[1.3053337,42.7182719],[1.3053838,42.7182709],[1.3054369,42.7182889],[1.3054685,42.7182912],[1.3054999,42.7183042],[1.3055914,42.7183039],[1.3056591,42.7183229],[1.3057698,42.7183319],[1.3058459,42.7183574],[1.3059272,42.718374],[1.3060518,42.7184065],[1.3061113,42.7184155],[1.3061723,42.7184174],[1.306228,42.7184282],[1.3063049,42.718469],[1.3063436,42.7184804],[1.3063945,42.7184911],[1.3064237,42.7184933],[1.3064648,42.7185066],[1.3065255,42.7185165],[1.3066806,42.7185531],[1.3068881,42.7185879],[1.3071547,42.7186488],[1.3072028,42.718672],[1.3072451,42.7186826],[1.3072654,42.7186586],[1.3072928,42.7186393],[1.3073441,42.7186365],[1.3074232,42.7186413],[1.3074513,42.7186382],[1.3074897,42.7186208],[1.3075981,42.7185838],[1.3076491,42.7185478],[1.3076776,42.7185338],[1.3077133,42.7185209],[1.3077964,42.718515],[1.3078784,42.7184651],[1.307958,42.7184519],[1.3080767,42.718399],[1.3081161,42.7183852],[1.3081493,42.7183758],[1.3081835,42.7183737],[1.3082305,42.7183915],[1.3082674,42.7183831],[1.3082835,42.7183734],[1.3082964,42.7183512],[1.3082817,42.7183087],[1.3082996,42.7182811],[1.3083358,42.7182538],[1.3083679,42.7182399],[1.3083818,42.718223],[1.3083864,42.7181907],[1.3084159,42.7181813],[1.3084414,42.7181853],[1.308477,42.7181769],[1.3085115,42.7181657],[1.3085661,42.7181351],[1.3085827,42.7181093],[1.3086036,42.7180619],[1.3086347,42.7180408],[1.3086876,42.7180246],[1.3087117,42.7179926],[1.3088839,42.7180259],[1.3089144,42.7180246],[1.308977,42.7180139],[1.3090054,42.717999],[1.3090754,42.7179408],[1.3091263,42.7179101],[1.3091563,42.7178854],[1.3092025,42.7178052],[1.3092188,42.7177506],[1.3092043,42.7177018],[1.3091869,42.717671],[1.3092263,42.717659],[1.3092832,42.7176329],[1.3093409,42.7176185],[1.3095964,42.7176828],[1.3096735,42.7177164],[1.3097261,42.7177532],[1.3097902,42.7178127],[1.3098872,42.7178736],[1.3099992,42.717923],[1.3100796,42.7179261],[1.3101292,42.7179385],[1.3101799,42.7179591],[1.3102168,42.7179894],[1.3102791,42.7180281],[1.3103611,42.7180591],[1.3105379,42.7181024],[1.3105915,42.718105],[1.3106447,42.7181229],[1.3107674,42.7181393],[1.3108506,42.7181712],[1.3109661,42.7181838],[1.3110367,42.7181876],[1.3111154,42.7182095],[1.3111676,42.7182157],[1.3112675,42.7182209],[1.3114108,42.7182438],[1.3114582,42.7182473],[1.3115566,42.7182614],[1.311698,42.7183068],[1.311752,42.7183365],[1.3117827,42.7183711],[1.3118024,42.7184056],[1.3118445,42.7184287],[1.3119315,42.7184562],[1.3120054,42.7184745],[1.3121043,42.718512],[1.3121649,42.7185255],[1.3122843,42.7185283],[1.3126409,42.7185969],[1.3127364,42.7186245],[1.312853,42.7186416],[1.3129175,42.7186471],[1.313028,42.7186659],[1.3130809,42.7186902],[1.3131138,42.7186907],[1.3131643,42.7187166],[1.313214,42.7187264],[1.3132483,42.7187234],[1.3133298,42.7187309],[1.3133909,42.7187247],[1.3134648,42.7187439],[1.3136322,42.7187726],[1.313731,42.7187723],[1.3137739,42.7187658],[1.313814,42.7187701],[1.3138886,42.7188072],[1.3139433,42.7188548],[1.3139721,42.7188715],[1.3140789,42.7188893],[1.3142298,42.7189448],[1.3143563,42.7189549],[1.3144282,42.7189569],[1.3144958,42.71894],[1.3145717,42.7189313],[1.3146606,42.7189354],[1.3147383,42.7189456],[1.3149942,42.7189973],[1.3150579,42.7189884],[1.3151506,42.7189862],[1.3152444,42.7189904],[1.315313,42.7189807],[1.3153805,42.7189656],[1.3154175,42.7189518],[1.3154646,42.7189264],[1.3155045,42.7188956],[1.3155476,42.7188801],[1.315594,42.718879],[1.3156645,42.7188891],[1.3157552,42.7189148],[1.3158687,42.7189526],[1.316028,42.7189704],[1.3160756,42.7189702],[1.3161095,42.7189788],[1.3161637,42.7190004],[1.3162255,42.7190166],[1.3162645,42.7190164],[1.316305,42.7190062],[1.3163606,42.7189819],[1.3164197,42.7189621],[1.3164495,42.7189446],[1.3164733,42.7189243],[1.3165336,42.7189037],[1.3166435,42.7189009],[1.3167488,42.7189277],[1.3169418,42.7189614],[1.316973,42.7189798],[1.3169965,42.7190099],[1.3171101,42.7190881],[1.3171529,42.7191266],[1.317212,42.7191913],[1.3172481,42.7192072],[1.3173027,42.7192188],[1.3173231,42.7192299],[1.3173635,42.7192648],[1.3174055,42.7192906],[1.3175173,42.7193472],[1.3175664,42.7193768],[1.3177012,42.7194391],[1.3177298,42.7194648],[1.3177702,42.7194591],[1.3177967,42.7194712],[1.3178229,42.7194932],[1.3178476,42.7195215],[1.3178557,42.7195387],[1.3178536,42.7195701],[1.317863,42.7196224],[1.3178744,42.7196523],[1.3178992,42.7196797],[1.3179207,42.7196962],[1.3180106,42.719748],[1.3181117,42.7198377],[1.3181977,42.7199011],[1.3182651,42.7199327],[1.3182842,42.7199456],[1.3183363,42.7200004],[1.3184408,42.7200569],[1.3184561,42.720076],[1.3184542,42.7200994],[1.3183668,42.7202113],[1.3183735,42.7202312],[1.3183998,42.7202523],[1.3184879,42.7202834],[1.3185599,42.7202827],[1.3186155,42.7202998],[1.3187288,42.720306],[1.3187566,42.7203119],[1.3188094,42.7203442],[1.3188331,42.7203679],[1.3188653,42.7203918],[1.3188691,42.7204305],[1.318835,42.7204687],[1.3188381,42.7204894],[1.3188655,42.7205114],[1.3189208,42.7205411],[1.3189873,42.7205619],[1.3191148,42.7205783],[1.3191242,42.7205928],[1.3191013,42.720624],[1.3191124,42.7207042],[1.3191506,42.7207353],[1.3191797,42.7207412],[1.3191955,42.7207405],[1.31921,42.7207462],[1.3192373,42.7207718],[1.3193527,42.7208302],[1.319392,42.7209073],[1.3194253,42.7209357],[1.3195033,42.7209792],[1.3195782,42.7210038],[1.3196044,42.7210267],[1.3196395,42.721038],[1.3196731,42.7210565],[1.3197746,42.7210878],[1.3198352,42.7211004],[1.3201555,42.7212889],[1.320192,42.7213335],[1.3202386,42.7213676],[1.3202905,42.7213846],[1.3203233,42.7213896],[1.3204319,42.7214308],[1.3205271,42.7215133],[1.3205708,42.7215625],[1.3206043,42.7215837],[1.3206598,42.7216053],[1.3207238,42.7216279],[1.3208231,42.7216528],[1.3209582,42.7217494],[1.321015,42.7218087],[1.3211193,42.7218724],[1.321168,42.7219163],[1.3213794,42.7220312],[1.3215745,42.7221179],[1.3217317,42.7221653],[1.321777,42.7222002],[1.3218326,42.7222181],[1.3218647,42.7222465],[1.3219553,42.7222776],[1.322025,42.722312],[1.3220954,42.7223248],[1.322135,42.7223461],[1.3221682,42.7223385],[1.3222176,42.7223186],[1.3222739,42.7223114],[1.3223149,42.7223255],[1.3223938,42.7223816],[1.3225182,42.7224267],[1.3225972,42.7224756],[1.3226601,42.7224946],[1.3227216,42.7225207],[1.3229043,42.7226117],[1.3229342,42.7226356],[1.3230263,42.7226559],[1.323077,42.7226747],[1.3231423,42.7227342],[1.3231746,42.7227572],[1.3232206,42.7227705],[1.3233281,42.722765],[1.3234588,42.7227976],[1.3235998,42.7228582],[1.3236957,42.7229164],[1.3237391,42.7229342],[1.3237846,42.7229655],[1.3238322,42.7230058],[1.3239101,42.7230529],[1.3241419,42.7232202],[1.324482,42.7235681],[1.3246059,42.723714],[1.3246549,42.723748],[1.3247251,42.7238085],[1.3247849,42.723849],[1.324813,42.7238908],[1.3248692,42.7239294],[1.3249128,42.7239823],[1.3250285,42.7240731],[1.3251161,42.7241662],[1.3252041,42.724244],[1.3252581,42.7242745],[1.3253571,42.7243103],[1.3254241,42.7243158],[1.3255295,42.7242986],[1.325564,42.7242865],[1.3255993,42.724288],[1.3256477,42.7242995],[1.3257256,42.7243079],[1.3257346,42.7242919],[1.325753,42.7242868],[1.325765,42.7242924],[1.3257935,42.7243216],[1.3258239,42.7243239],[1.3258596,42.7243136],[1.3258808,42.7242978],[1.3259309,42.7242941],[1.3259599,42.7243026],[1.3260077,42.7243384],[1.3260297,42.7243361],[1.3260543,42.7243275],[1.3260845,42.7243396],[1.3261129,42.7243257],[1.3261375,42.7243198],[1.3261533,42.7243209],[1.3262219,42.7243121],[1.3262903,42.7243096],[1.3263783,42.7243011],[1.3264183,42.7243107],[1.3265465,42.7243073],[1.3265821,42.7242979],[1.3266321,42.7243005],[1.3266708,42.7243119],[1.3267341,42.7243138],[1.3267654,42.7243728],[1.3267918,42.7243885],[1.3268408,42.7243811],[1.3269502,42.7243918],[1.3270563,42.7243926],[1.3271041,42.7243843],[1.3271431,42.724385],[1.3271933,42.7243785],[1.3272184,42.7243565],[1.3272456,42.7243425],[1.3273084,42.724321],[1.3274173,42.7243101],[1.3274623,42.7243162],[1.327494,42.724314],[1.3275249,42.724301],[1.3275445,42.7242986],[1.3275895,42.7243011],[1.3276693,42.7242835],[1.3276961,42.7242866],[1.3277269,42.7243194],[1.3278085,42.7243207],[1.3278457,42.7243438],[1.3278919,42.7243481],[1.3279413,42.7243713],[1.3280046,42.7243741],[1.3280787,42.7243861],[1.3281311,42.7243878],[1.3282034,42.7243763],[1.3282654,42.7243836],[1.3283022,42.7243752],[1.3284146,42.7243679],[1.3284682,42.7243697],[1.328513,42.7243812],[1.3285551,42.7244043],[1.3286122,42.7244124],[1.3286524,42.7244121],[1.328709,42.7244373],[1.3287394,42.7244423],[1.3288177,42.7244327],[1.3288634,42.7244127],[1.3289222,42.7244055],[1.328988,42.7244066],[1.32904,42.7244218],[1.3290948,42.7244244],[1.3291502,42.7244082],[1.3293313,42.7243894],[1.3293852,42.7243786],[1.3294378,42.7243758],[1.3295011,42.7243777],[1.3295599,42.7243714],[1.3295989,42.724372],[1.3296369,42.7243663],[1.329679,42.7243418],[1.3297052,42.7243647],[1.3297355,42.7243715],[1.3297636,42.7243692],[1.3297871,42.7243597],[1.3298124,42.7243268],[1.3298988,42.7243353],[1.329964,42.7243579],[1.3299617,42.7243939],[1.3299872,42.7243979],[1.3300286,42.7244435],[1.3300748,42.7244496],[1.3301106,42.7244358],[1.3301233,42.7244171],[1.3301264,42.7243946],[1.3301829,42.724382],[1.3302652,42.7244022],[1.3302708,42.7244203],[1.3302971,42.7244396],[1.3303784,42.7244543],[1.3304186,42.724455],[1.3304633,42.7244709],[1.3305206,42.72447],[1.3305978,42.7244595],[1.3306453,42.724463],[1.330684,42.7244717],[1.3307685,42.7245054],[1.3308284,42.7245],[1.3308442,42.7245021],[1.3308649,42.7245456],[1.3308938,42.7245595],[1.3309262,42.724533],[1.330968,42.7245238],[1.3309997,42.7245225],[1.3310519,42.7245323],[1.3311627,42.7245394],[1.3311821,42.7245433],[1.331235,42.7245684],[1.3312849,42.7245728],[1.3313069,42.7245722],[1.3313303,42.7245654],[1.3313729,42.7245661],[1.3314685,42.7245936],[1.3315059,42.7246086],[1.3315473,42.7246128],[1.3315986,42.7246082],[1.3316546,42.7246109],[1.3317067,42.7246234],[1.3317542,42.7246269],[1.3318339,42.7246551],[1.3318863,42.7246577],[1.3319327,42.7246548],[1.3320202,42.7246652],[1.3320601,42.7246775],[1.3320762,42.7247137],[1.3321282,42.724728],[1.3321617,42.7247519],[1.3322398,42.7247513],[1.3322832,42.7247691],[1.3323949,42.724743],[1.3324339,42.7247445],[1.3324918,42.7247687],[1.3325248,42.7247657],[1.3325739,42.7247547],[1.3325994,42.7247596],[1.3326427,42.7247801],[1.3326718,42.7247868],[1.3327001,42.7247774],[1.3327392,42.7247735],[1.3327915,42.7247815],[1.3328257,42.7247793],[1.332881,42.7247631],[1.3329017,42.7247643],[1.3329319,42.7247756],[1.3329829,42.7247845],[1.3330679,42.7247543],[1.3330893,42.7247295],[1.3332394,42.7247273],[1.3332823,42.7247217],[1.3333611,42.7246968],[1.3334391,42.7246963],[1.333525,42.7246805],[1.3337635,42.7246159],[1.3338666,42.7245932],[1.3339085,42.7245786],[1.3339359,42.7245583],[1.3339753,42.7245463],[1.334012,42.7245406],[1.3340645,42.7245387],[1.33413,42.724511],[1.3342268,42.7244954],[1.3342707,42.7244934],[1.3343138,42.7244805],[1.3343566,42.7244776],[1.3343995,42.7244693],[1.3344929,42.7244456],[1.3345491,42.724441],[1.3346869,42.7243991],[1.3349016,42.7243548],[1.3350274,42.7243522],[1.3351266,42.7243349],[1.3351805,42.7243294],[1.335258,42.7243055],[1.3352885,42.7243068],[1.3352777,42.7241277],[1.3352506,42.7240526],[1.3352403,42.7239868],[1.335242,42.7239257],[1.3352266,42.7238256],[1.3352259,42.7237663],[1.3352424,42.7236982],[1.3352441,42.7236407],[1.3352545,42.7235752],[1.335279,42.7234865],[1.3352908,42.7234588],[1.335331,42.7234172],[1.3353647,42.7233458],[1.3354243,42.7232684],[1.3354231,42.723183],[1.3354289,42.7231057],[1.335421,42.7229132],[1.3354679,42.7228096],[1.3355059,42.7227598],[1.3355712,42.722652],[1.3355925,42.7225462],[1.335611,42.7223702],[1.3356505,42.7222674],[1.3356961,42.7222097],[1.3357262,42.7221373],[1.3357399,42.7220826],[1.3358225,42.7218384],[1.3358754,42.7217817],[1.3359525,42.7217307],[1.3360218,42.721694],[1.3360748,42.7216769],[1.3361359,42.7216715],[1.3361944,42.7216715],[1.336228,42.7216505],[1.3362609,42.7216078],[1.3363259,42.721554],[1.3364138,42.7215059],[1.3365546,42.7214451],[1.3366156,42.7214029],[1.3366707,42.7213507],[1.3368081,42.7212827],[1.3368315,42.7212318],[1.3369028,42.7211699],[1.3369393,42.72113],[1.337004,42.7210852],[1.3370666,42.7210277],[1.337096,42.7209805],[1.3371184,42.7209224],[1.3372287,42.7207325],[1.3374037,42.7205428],[1.3374268,42.7204181],[1.3373417,42.7203197],[1.3372184,42.7202404],[1.3371523,42.720207],[1.3371195,42.7201597],[1.3371103,42.7200967],[1.3371149,42.7200634],[1.3371045,42.7199572],[1.3371096,42.719906],[1.337123,42.7198639],[1.3371243,42.7198181],[1.3371119,42.7197855],[1.3370505,42.7197117],[1.337044,42.7196828],[1.3370507,42.7196623],[1.3370698,42.7196365],[1.3370642,42.7195752],[1.3370544,42.7195337],[1.3370786,42.7194981],[1.3370784,42.7194639],[1.337126,42.7193334],[1.3371024,42.7192638],[1.3371131,42.7191875],[1.3371219,42.7191777],[1.337128,42.7191338],[1.3371507,42.7191071],[1.3372255,42.7190516],[1.3372868,42.7189977],[1.3373561,42.7189619],[1.3373791,42.7189281],[1.3373871,42.7189013],[1.3373416,42.7188736],[1.3373443,42.7188628],[1.3373744,42.7188345],[1.3374061,42.7187936],[1.3374293,42.7187472],[1.3375945,42.7186877],[1.3376345,42.7186533],[1.3376687,42.7186511],[1.3377277,42.7186368],[1.3377634,42.7186238],[1.3378132,42.7185877],[1.3379157,42.7185434],[1.337968,42.7185479],[1.3380292,42.7184975],[1.3380715,42.7185108],[1.3381086,42.7185374],[1.3381993,42.71852],[1.3382527,42.7185289],[1.3383119,42.7185514],[1.3383389,42.7185851],[1.3383665,42.7186035],[1.3384386,42.7185983],[1.3384896,42.7186054],[1.3385499,42.7186297],[1.3385581,42.7186407],[1.3386138,42.7186541],[1.3386342,42.7186661],[1.3387595,42.7186788],[1.3388406,42.7186981],[1.338934,42.7186753],[1.3389767,42.718675],[1.3390573,42.7187122],[1.3390758,42.7187053],[1.339153,42.7187371],[1.339307,42.7187683],[1.3393251,42.7187749],[1.3393462,42.7188031],[1.3394214,42.7188177],[1.3394466,42.7188352],[1.3394448,42.7188541],[1.3394549,42.7188848],[1.3394688,42.7189111],[1.339489,42.7189285],[1.3395526,42.7189214],[1.3396158,42.7189727],[1.3396934,42.7189469],[1.3397571,42.7189812],[1.3397899,42.7190267],[1.339807,42.7190251],[1.3398723,42.7190441],[1.3399268,42.7191007],[1.339959,42.7191273],[1.3399845,42.7191322],[1.339988,42.7191368],[1.3399977,42.7191387],[1.3400059,42.7191928],[1.3400524,42.7192322],[1.3402149,42.7193049],[1.3402555,42.719381],[1.3402763,42.719376],[1.3403035,42.7193629],[1.3403667,42.7193738],[1.3404051,42.7193959],[1.3404486,42.7194083],[1.3405339,42.7194123],[1.3406157,42.71941],[1.3406472,42.719415],[1.3406803,42.7194083],[1.340719,42.7193783],[1.3407602,42.719388],[1.3408678,42.7193788],[1.3409041,42.7193902],[1.3409314,42.7193735],[1.3409455,42.7193495],[1.3409754,42.7193274],[1.3410351,42.7193275],[1.3410731,42.7193649],[1.3411592,42.7193824],[1.3412286,42.7193844],[1.3412661,42.7193553],[1.3413439,42.7193206],[1.3413527,42.7193117],[1.3414158,42.7193235],[1.3414553,42.7193484],[1.3414952,42.7193607],[1.3415138,42.7193484],[1.3415322,42.7193478],[1.3415758,42.7193574],[1.3416222,42.7193545],[1.3416443,42.7193504],[1.3417022,42.7193297],[1.3417209,42.7193156],[1.3417427,42.7193222],[1.3417771,42.7193138],[1.3418382,42.7193066],[1.3418729,42.7192883],[1.3419123,42.7192754],[1.3419562,42.7192752],[1.3419841,42.7192801],[1.3420171,42.7192806],[1.3420722,42.7192698],[1.342108,42.7192551],[1.3421529,42.7192216],[1.3421921,42.7192141],[1.3422212,42.7192199],[1.3422472,42.7192086],[1.3423045,42.7191673],[1.3423575,42.7191456],[1.3424274,42.7191314],[1.3424599,42.7191058],[1.342527,42.7191033],[1.3425792,42.719069],[1.3426625,42.7190559],[1.3429779,42.7189879],[1.3431054,42.7189656],[1.3431561,42.718943],[1.3432381,42.7189317],[1.3432635,42.7189375],[1.3433019,42.7189192],[1.3433644,42.7189076],[1.3434209,42.7189354],[1.3434512,42.718944],[1.3434924,42.7189518],[1.3435061,42.7189439],[1.343545,42.7189454],[1.3436263,42.7189611],[1.3437023,42.7189901],[1.3437375,42.7189961],[1.3438052,42.7190196],[1.3438555,42.7190078],[1.3439177,42.7190088],[1.3439415,42.7190271],[1.3439983,42.719046],[1.3440936,42.7191284],[1.3441524,42.7192039],[1.3441966,42.7192379],[1.344278,42.7192491],[1.3443196,42.7192416],[1.3444315,42.7192532],[1.3445514,42.7192389],[1.3446326,42.7192581],[1.344695,42.7192528],[1.3447447,42.7192626],[1.3448327,42.7192999],[1.3449577,42.7193216],[1.3452203,42.7193509],[1.3454166,42.7193953],[1.3455271,42.7194123],[1.3455388,42.7194304],[1.34559,42.7194753],[1.3456633,42.7194701],[1.3457397,42.7194848],[1.3457958,42.7194866],[1.3458587,42.7195037],[1.3458955,42.7194971],[1.3459345,42.7194986],[1.3460036,42.7195122],[1.3460359,42.7195334],[1.346094,42.7195514],[1.3461391,42.7195503],[1.3461578,42.719538],[1.3462446,42.7195304],[1.3462895,42.7195356],[1.3463804,42.7195585],[1.3465156,42.7196056],[1.3466035,42.7196465],[1.3466654,42.7196996],[1.3467524,42.719728],[1.3467732,42.7197256],[1.3467933,42.7197052],[1.3468473,42.7196926],[1.3469103,42.7197097],[1.3469444,42.719712],[1.3469542,42.7197104],[1.3469568,42.7197041],[1.3469789,42.7196982],[1.3470891,42.7197278],[1.3472069,42.7197431],[1.3472265,42.7197416],[1.3473038,42.7197679],[1.3473069,42.719786],[1.3473678,42.7197896],[1.3473773,42.7197979],[1.3474094,42.719784],[1.3474254,42.7197815],[1.3474643,42.7197839],[1.3475528,42.7198051],[1.3476239,42.7197927],[1.3476338,42.7197847],[1.3476855,42.7197702],[1.3477001,42.7197714],[1.3477448,42.7197864],[1.3477994,42.7197954],[1.347887,42.7198039],[1.347926,42.7198036],[1.3479865,42.7198207],[1.3480292,42.7198223],[1.3480545,42.7198326],[1.3481298,42.7198418],[1.3482085,42.7198628],[1.348241,42.7198777],[1.3482457,42.7198868],[1.3483382,42.7199359],[1.348356,42.7199542],[1.3483824,42.7199663],[1.3484193,42.7199569],[1.348496,42.7199626],[1.3485403,42.7199471],[1.3485828,42.7199532],[1.3486022,42.7199597],[1.3486648,42.7199436],[1.3487816,42.7199544],[1.3488635,42.7199494],[1.3489193,42.7199583],[1.3489918,42.7199819],[1.3490645,42.7199984],[1.3491168,42.7200037],[1.3491609,42.7199971],[1.349268,42.7200051],[1.349451,42.7200052],[1.3495331,42.7199912],[1.3496783,42.7199898],[1.3497419,42.7199827],[1.3499125,42.7199889],[1.349994,42.7199965],[1.350006,42.720003],[1.3500521,42.7200109],[1.3501216,42.720012],[1.3501863,42.7200085],[1.3503131,42.7200113],[1.3503383,42.7199811],[1.3503846,42.7199432],[1.3504168,42.7199257],[1.3504648,42.7199093],[1.3504806,42.7199123],[1.3505354,42.7199572],[1.3506347,42.7199812],[1.3506353,42.7200459],[1.3507015,42.7200353],[1.3507405,42.720035],[1.3507628,42.7200245],[1.3508524,42.7200025],[1.3509384,42.7200254],[1.3509942,42.7200344],[1.3510405,42.7200387],[1.351126,42.7200337],[1.3511588,42.720036],[1.3511981,42.7200267],[1.3512747,42.720036],[1.3513292,42.7200512],[1.3513743,42.7200492],[1.3514038,42.7200443],[1.3514199,42.7200355],[1.3515093,42.7200216],[1.351601,42.7200141],[1.3516248,42.7200333],[1.3516406,42.7200362],[1.3516517,42.720031],[1.3517298,42.7200295],[1.3518413,42.7200555],[1.3519088,42.7200395],[1.3519729,42.720018],[1.3519966,42.7199995],[1.3520703,42.719979],[1.3521031,42.719984],[1.3521776,42.7199816],[1.3522009,42.7199774],[1.3522429,42.7199592],[1.3523053,42.719952],[1.3524662,42.7199545],[1.352508,42.7199408],[1.3525372,42.7199457],[1.3526239,42.7199408],[1.3526545,42.7199385],[1.3526718,42.7199298],[1.3526925,42.7199319],[1.3528404,42.7199207],[1.3528592,42.719903],[1.3529675,42.7199092],[1.3530878,42.7198831],[1.3531343,42.7198767],[1.3531345,42.7198686],[1.3531592,42.7198582],[1.3532006,42.7198606],[1.3532263,42.7198583],[1.3532695,42.7198392],[1.3533111,42.7198371],[1.3533634,42.7198415],[1.3533839,42.7198481],[1.3534248,42.7198263],[1.3534617,42.719817],[1.3535165,42.7198187],[1.3535622,42.7197996],[1.3535987,42.7198011],[1.3536552,42.7197876],[1.3537039,42.7197919],[1.3537676,42.7197821],[1.3537968,42.7197825],[1.3538264,42.7197722],[1.353844,42.7197527],[1.3538739,42.7197307],[1.3539374,42.7197289],[1.3539941,42.7197064],[1.354013,42.7196869],[1.3540278,42.7196809],[1.3540937,42.7196792],[1.3541233,42.7196679],[1.3541804,42.7196311],[1.3541857,42.7196167],[1.3542735,42.7195749],[1.354293,42.7195734],[1.3543437,42.7195922],[1.3543705,42.7195944],[1.3544481,42.7195686],[1.3545165,42.7195625],[1.354632,42.7195337],[1.3546761,42.7195263],[1.3547208,42.7195413],[1.35475,42.7195427],[1.3548124,42.7195382],[1.3548439,42.719545],[1.3548545,42.7195569],[1.3548923,42.7195584],[1.3549335,42.719568],[1.3549766,42.7195543],[1.3551092,42.7195653],[1.3551309,42.7195755],[1.3552248,42.7195743],[1.3552613,42.7195793],[1.355354,42.7195789],[1.3553732,42.7195873],[1.3554234,42.7195818],[1.3554444,42.7195722],[1.3554858,42.7195747],[1.3555488,42.71959],[1.35561,42.7195829],[1.3556797,42.7195309],[1.3556973,42.7196004],[1.3557374,42.7195623],[1.3557693,42.7195547],[1.3557851,42.7195586],[1.3558206,42.7195546],[1.3558705,42.7195554],[1.3558983,42.7195648],[1.3559214,42.7195679],[1.3559935,42.7195618],[1.3560526,42.7195447],[1.3561033,42.7195194],[1.3561387,42.7195172],[1.3561548,42.7195103],[1.3561829,42.7195089],[1.3561961,42.7195163],[1.356208,42.7194823],[1.3562748,42.7194915],[1.3563019,42.7194388],[1.3563278,42.7194302],[1.3563449,42.7194296],[1.3563957,42.719443],[1.3564079,42.7194431],[1.3564158,42.7194666],[1.3564278,42.7194713],[1.3564651,42.7194485],[1.3565216,42.7194341],[1.3565488,42.719421],[1.3566057,42.7194345],[1.3566733,42.7194607],[1.3567279,42.7194283],[1.3567475,42.7194232],[1.3568259,42.7194136],[1.3568488,42.7194202],[1.3568992,42.7194093],[1.3569414,42.7194261],[1.3569755,42.7194276],[1.3570167,42.7194372],[1.3570338,42.7194357],[1.3570749,42.719448],[1.3571665,42.7194458],[1.3572005,42.7194481],[1.3572153,42.719442],[1.3572673,42.7194581],[1.3573184,42.7194625],[1.3573494,42.71949],[1.3573529,42.7196663],[1.3573776,42.719699],[1.3573742,42.71969],[1.3573947,42.719657],[1.357403,42.719578],[1.3574108,42.7195593],[1.35741,42.7195466],[1.3574162,42.7195431],[1.3574072,42.7195169],[1.3574169,42.7194757],[1.357422,42.7194677],[1.3574243,42.7194704],[1.3574246,42.7194174],[1.3574188,42.7194074],[1.3574344,42.7193726],[1.3574306,42.7193329],[1.3574611,42.7192489],[1.3574571,42.7192164],[1.3575234,42.7191158],[1.3575233,42.7191185],[1.3575485,42.719047],[1.35759,42.7190035],[1.3575928,42.7189883],[1.3576521,42.7188759],[1.3576541,42.718804],[1.3576499,42.7187391],[1.3576866,42.7186462],[1.3576876,42.7186111],[1.357697,42.7185807],[1.3576781,42.7185579],[1.3576761,42.7185453],[1.3576899,42.7184871],[1.3576794,42.7184698],[1.3576702,42.7184085],[1.3576503,42.7183354],[1.3576397,42.7183217],[1.3576199,42.718245],[1.3576388,42.7181796],[1.3576531,42.7181061],[1.3576745,42.7180812],[1.3577184,42.7179515],[1.3577208,42.717912],[1.3577164,42.7178948],[1.3577306,42.7178663],[1.3577477,42.7177775],[1.3577824,42.7176719],[1.3577997,42.7176632],[1.3578149,42.7176436],[1.3578179,42.7176248],[1.3578126,42.7175968],[1.3578217,42.7175331],[1.3578019,42.7175004],[1.3578077,42.7174241],[1.3578221,42.7173892],[1.3578193,42.7173568],[1.3578507,42.7173276],[1.3578661,42.7172982],[1.3578806,42.7173038],[1.3579213,42.7172442],[1.3579148,42.7172144],[1.3579186,42.7172091],[1.3579031,42.7171971],[1.3578964,42.7171754],[1.3579023,42.7171396],[1.3579149,42.7171245],[1.3579165,42.7171137],[1.3579079,42.7170713],[1.3579142,42.7170633],[1.3579147,42.7170462],[1.3578997,42.7170163],[1.3579,42.7170055],[1.3579163,42.7169896],[1.3579228,42.7169744],[1.3579431,42.7169486],[1.3579243,42.7169205],[1.3579512,42.7168777],[1.3579454,42.7168659],[1.3579309,42.7168603],[1.3579364,42.7168406],[1.3579478,42.7168237],[1.3579507,42.7168067],[1.3579645,42.7167925],[1.3579698,42.7167791],[1.3579726,42.7167656],[1.3579669,42.7167511],[1.3579668,42.7167107],[1.3580401,42.7164906],[1.3580409,42.7164636],[1.3580232,42.7164426],[1.3579648,42.7163941],[1.3579547,42.7163625],[1.3579605,42.7163302],[1.3579555,42.7162905],[1.357929,42.7161939],[1.357888,42.7161753],[1.3578887,42.7161087],[1.3578727,42.7160689],[1.357836,42.7160297],[1.3578332,42.716],[1.3577944,42.7159499],[1.3578227,42.7158964],[1.3578395,42.7158211],[1.3578566,42.7157764],[1.3578339,42.7157158],[1.3578416,42.7156611],[1.3578181,42.7155834],[1.3578109,42.7155365],[1.357824,42.715462],[1.3578236,42.7154324],[1.3578111,42.7154025],[1.3578182,42.7153666],[1.357818,42.7153279],[1.3578087,42.7152711],[1.3578125,42.7151777],[1.3577986,42.7151505],[1.35775,42.715103],[1.3575329,42.7149719],[1.3575464,42.714929],[1.3575195,42.7148863],[1.3574773,42.7148677],[1.3574169,42.7148506],[1.3573422,42.7148152],[1.3572848,42.7148189],[1.3571641,42.7147325],[1.3571168,42.7147218],[1.357056,42.7147146],[1.3569984,42.7146841],[1.3568947,42.7145988],[1.3568454,42.7145729],[1.3567939,42.7145388],[1.3567588,42.7145311],[1.3567231,42.7144973],[1.3566037,42.7144514],[1.3565676,42.7144337],[1.3565235,42.7143989],[1.356435,42.7143795],[1.35631,42.7143138],[1.3562477,42.714275],[1.3562101,42.7142673],[1.3561583,42.7142467],[1.3561387,42.7142041],[1.3560527,42.7141407],[1.3560232,42.7141052],[1.3559074,42.7140594],[1.3558759,42.7140544],[1.355811,42.714021],[1.3557878,42.7140216],[1.3557381,42.71401],[1.3556615,42.7139594],[1.3556069,42.7139486],[1.3555652,42.7139129],[1.3555045,42.713903],[1.3554325,42.7138623],[1.355318,42.7138138],[1.3552942,42.7137928],[1.3552224,42.7137467],[1.3550127,42.713658],[1.3549691,42.7136475],[1.3549299,42.7136109],[1.3548676,42.7135686],[1.3548072,42.7135488],[1.3547678,42.7135212],[1.3547232,42.7135016],[1.3546796,42.7134901],[1.3545899,42.7134285],[1.3545459,42.7133892],[1.354505,42.7133678],[1.3544301,42.7132992],[1.354415,42.7132729],[1.354313,42.7131715],[1.3542759,42.7131485],[1.3542238,42.7131351],[1.3541259,42.7131462],[1.3541008,42.7131287],[1.3540702,42.7130455],[1.3540391,42.712983],[1.3539939,42.7129418],[1.353917,42.7128588],[1.3538841,42.7128124],[1.3538194,42.712771],[1.353778,42.7127281],[1.3537727,42.7126974],[1.3537224,42.7126678],[1.3535596,42.7125574],[1.3534959,42.7125241],[1.353458,42.7124875],[1.3534168,42.7124761],[1.3533854,42.7124234],[1.3533027,42.7124141],[1.3532786,42.7123616],[1.3532022,42.7123046],[1.3531631,42.7121763],[1.3531313,42.7121381],[1.3531044,42.7120954],[1.3530886,42.7120502],[1.3530576,42.7120254],[1.353024,42.712006],[1.3530029,42.7119751],[1.3529943,42.7119372],[1.3529541,42.7118898],[1.3529075,42.7118567],[1.3528879,42.7118169],[1.3528525,42.7117758],[1.3528364,42.7117423],[1.3528349,42.7117063],[1.3528126,42.7116781],[1.3527851,42.7116579],[1.3527724,42.7116334],[1.3527342,42.7116023],[1.3526832,42.711552],[1.3525878,42.7113905],[1.352569,42.7113659],[1.3525239,42.711322],[1.3524626,42.7112905],[1.3524486,42.7112229],[1.352445,42.7111796],[1.3524241,42.7111424],[1.3524422,42.7110204],[1.3524315,42.7109654],[1.3524622,42.710786],[1.3524887,42.7107118],[1.3525322,42.7105119],[1.352569,42.7102858],[1.3526518,42.7101612],[1.3526674,42.7101291],[1.3527108,42.7101019],[1.3527894,42.709996],[1.3527682,42.7099283],[1.3527899,42.7098944],[1.3528627,42.7098209],[1.3528468,42.7097361],[1.352788,42.7096597],[1.3527856,42.7096138],[1.35275,42.7095809],[1.3526947,42.7095503],[1.352664,42.7095175],[1.3526418,42.7094812],[1.352553,42.7094321],[1.3525117,42.7094252],[1.352472,42.7094066],[1.3524347,42.709344],[1.3523784,42.709308],[1.3523405,42.7092688],[1.3523284,42.7092236],[1.3522807,42.7091842],[1.3522037,42.7091498],[1.3521939,42.7091083],[1.3521653,42.7090826],[1.3521747,42.7090531],[1.3519464,42.7088455],[1.3519051,42.7087963],[1.3518642,42.7087354],[1.3518592,42.7086948],[1.3518842,42.7086745],[1.3518386,42.7086055],[1.3518364,42.7085119],[1.3518181,42.7084685],[1.3517831,42.7084562],[1.3517874,42.7084311],[1.3518067,42.7083972],[1.3518529,42.7083575],[1.3518896,42.7083104],[1.3518875,42.7082582],[1.3519026,42.7081523],[1.3520184,42.7080255],[1.3520884,42.7079654],[1.3520964,42.7078972],[1.3521605,42.7077876],[1.3521896,42.707708],[1.3522051,42.7076354],[1.3522037,42.7075958],[1.3521817,42.7074264],[1.3522171,42.7072974],[1.352211,42.707211],[1.3522155,42.7071382],[1.3522092,42.7071021],[1.3522135,42.7070366],[1.3522308,42.7069829],[1.3522428,42.7069039],[1.3522403,42.7068202],[1.3522491,42.70677],[1.3523054,42.7066315],[1.3523913,42.7065699],[1.3523817,42.7065203],[1.3523774,42.7064563],[1.3524683,42.7064344],[1.3524837,42.7063644],[1.3524835,42.7062844],[1.3524296,42.7062494],[1.3524128,42.7061961],[1.3523362,42.7061041],[1.3522942,42.70608],[1.3522775,42.706024],[1.3521649,42.7059522],[1.3521281,42.7059156],[1.3520105,42.7058491],[1.3519361,42.7057652],[1.3519047,42.7057116],[1.3518572,42.7056668],[1.351832,42.7056521],[1.3517907,42.7056442],[1.3516519,42.7055513],[1.3516329,42.7055339],[1.3515809,42.7055187],[1.3515607,42.7054995],[1.3515086,42.7054897],[1.3514052,42.7054368],[1.3513319,42.7053557],[1.3512981,42.7052985],[1.3512735,42.7052658],[1.3512565,42.7052205],[1.3512189,42.7051678],[1.351229,42.7051149],[1.3512291,42.7050681],[1.3512212,42.7050428],[1.3511156,42.7050277],[1.3510879,42.7049706],[1.3511012,42.7048917],[1.3510495,42.7048216],[1.3510175,42.7047897],[1.3510292,42.704762],[1.3510826,42.7046846],[1.351086,42.7046504],[1.3510814,42.7046],[1.351088,42.7045794],[1.3511497,42.7045111],[1.3511185,42.7044531],[1.3511051,42.7042802],[1.351073,42.7042051],[1.3510932,42.7040957],[1.3510852,42.7040344],[1.3510885,42.7039607],[1.351082,42.7038878],[1.3510551,42.7038046],[1.3510509,42.7037389],[1.3510583,42.7036509],[1.3510964,42.7035526],[1.351138,42.7034615],[1.3511271,42.7034145],[1.3510668,42.7033498],[1.3510385,42.7032729],[1.351034,42.7032153],[1.3509918,42.703157],[1.3509337,42.7030977],[1.3509258,42.7030751],[1.3509294,42.7030347],[1.3509995,42.702926],[1.3510304,42.702869],[1.3510289,42.7028366],[1.35106,42.7027714],[1.3511052,42.7027235],[1.3511528,42.7026379],[1.351208,42.7025821],[1.3512476,42.7025189],[1.3512861,42.7024952],[1.3514518,42.7024555],[1.3516091,42.7023248],[1.3516558,42.7022689],[1.3517078,42.70224],[1.3517656,42.7021815],[1.3517931,42.7021145],[1.3519053,42.701984],[1.3519214,42.701933],[1.3519657,42.7018744],[1.3520163,42.7017681],[1.3520959,42.7016695],[1.3521687,42.7016392],[1.3522867,42.7015618],[1.3523016,42.7013813],[1.3523203,42.7013231],[1.3523963,42.7011364],[1.3525066,42.7010274],[1.3525188,42.7009872],[1.3524995,42.7008924],[1.352833,42.7007411],[1.3529038,42.7006514],[1.3530405,42.7006022],[1.3531096,42.7004864],[1.3532899,42.7003219],[1.3536035,42.6999679],[1.3537628,42.6998516],[1.3539219,42.6997434],[1.3540606,42.6997132],[1.3542252,42.6996672],[1.3543927,42.6996077],[1.3546354,42.699562],[1.3546951,42.6995197],[1.3548893,42.6994229],[1.3550177,42.6994096],[1.3551831,42.6993797],[1.3552257,42.6993417],[1.3552765,42.6993101],[1.3553904,42.6992507],[1.3555197,42.6992041],[1.3556118,42.699139],[1.3561419,42.6990186],[1.3564109,42.6989489],[1.3565335,42.6989247],[1.3566069,42.6989151],[1.3567247,42.6988881],[1.3567605,42.6988707],[1.3568069,42.6988687],[1.3568346,42.6988376],[1.3568799,42.6988311],[1.3569308,42.6988436],[1.3569966,42.6988428],[1.3570798,42.6988333],[1.3572121,42.698812],[1.3573905,42.6987958],[1.3574618,42.6987771],[1.3575192,42.6987726],[1.3576021,42.6987748],[1.3576992,42.6987457],[1.3577703,42.6987738],[1.3578829,42.6988034],[1.3580914,42.6987607],[1.3581898,42.6986849],[1.3582317,42.6986711],[1.3582726,42.6986448],[1.3583478,42.6986154],[1.3584519,42.6985576],[1.3585309,42.698521],[1.3585696,42.6984911],[1.3586262,42.6984703],[1.3587119,42.6984159],[1.3589044,42.6983766],[1.3589662,42.6983919],[1.3591568,42.6983319],[1.3593978,42.6982169],[1.3595704,42.698108],[1.3596257,42.6981331],[1.3596833,42.6981223],[1.359727,42.6981311],[1.3597808,42.6981256],[1.3598918,42.6981219],[1.3599198,42.6981242],[1.3599535,42.6981391],[1.3599937,42.6981424],[1.3600694,42.698139],[1.3601385,42.6981095],[1.3602215,42.6981054],[1.3602506,42.698069],[1.3602924,42.6980561],[1.3603558,42.6980535],[1.3605002,42.6980809],[1.3605664,42.6980666],[1.3606432,42.698066],[1.3606989,42.6980363],[1.3607419,42.6980252],[1.360836,42.6980177],[1.3608797,42.6979824],[1.3609322,42.6979769],[1.3610205,42.6979594],[1.3610546,42.6979194],[1.3611565,42.6978931],[1.3612033,42.6978749],[1.3616013,42.6978118],[1.361659,42.6976679],[1.3617534,42.6974778],[1.3617364,42.6974325],[1.3617323,42.6974037],[1.3616913,42.6973437],[1.3617297,42.6973218],[1.3618087,42.6973329],[1.3618563,42.6972851],[1.3619535,42.6972551],[1.3620675,42.697148],[1.3622248,42.6970578],[1.3623222,42.6969784],[1.3623466,42.6969329],[1.3623459,42.6968708],[1.3623919,42.696796],[1.3624612,42.6967143],[1.3625617,42.6966088],[1.3626025,42.6965906],[1.362702,42.6965642],[1.3627899,42.696517],[1.3629199,42.6965307],[1.3629823,42.6964804],[1.363013,42.6964287],[1.3631764,42.6962972],[1.3631979,42.6962696],[1.3632014,42.6962337],[1.3632224,42.6961783],[1.3632503,42.6961409],[1.363267,42.6961097],[1.3633059,42.6960725],[1.3633571,42.6959861],[1.3633267,42.6958939],[1.3634322,42.6958299],[1.3634517,42.6957852],[1.3635766,42.6957646],[1.3637577,42.6957431],[1.3637757,42.695711],[1.3637844,42.6956617],[1.3637709,42.6956201],[1.3639086,42.695535],[1.3639579,42.6955169],[1.3640058,42.6955041],[1.3640222,42.6954837],[1.3640265,42.6954603],[1.3641211,42.6953485],[1.3641446,42.6953371],[1.3643184,42.6952256],[1.3644178,42.6951147],[1.3645198,42.6950875],[1.3646252,42.6950225],[1.3646668,42.6949764],[1.3646716,42.6949342],[1.3647708,42.6948755],[1.3648851,42.6947981],[1.3649424,42.6947108],[1.3650387,42.6947537],[1.3650788,42.6947606],[1.3651301,42.6947569],[1.3651663,42.6947709],[1.3651953,42.6947777],[1.365255,42.6947804],[1.3653114,42.6947695],[1.365348,42.6947674],[1.3653714,42.6948037],[1.3654118,42.6948403],[1.3655376,42.6948746],[1.3656214,42.6948885],[1.365672,42.694909],[1.365793,42.6949397],[1.3658467,42.6949396],[1.3658961,42.694961],[1.3659952,42.6949922],[1.3661182,42.6950813],[1.3661651,42.6951054],[1.3662364,42.695129],[1.366335,42.6951332],[1.3663526,42.6951559],[1.3663971,42.6951809],[1.366502,42.6952194],[1.3665798,42.6952305],[1.3666092,42.6952228],[1.3666965,42.695109],[1.3667164,42.6950958],[1.3667581,42.6950857],[1.3667924,42.6950826],[1.3668691,42.6950865],[1.3669325,42.6950839],[1.3669812,42.6950882],[1.3670174,42.6951022],[1.3670448,42.6951224],[1.3671137,42.6951451],[1.3671822,42.695138],[1.3672138,42.6951385],[1.3672489,42.6951498],[1.3672878,42.6951522],[1.3673447,42.6951243],[1.3674872,42.6951274],[1.3675481,42.6951319],[1.3675931,42.6951767],[1.3676186,42.6951834],[1.3676587,42.6951858],[1.3677005,42.695217],[1.367754,42.6952664],[1.3678215,42.6952935],[1.3679147,42.6953192],[1.3679496,42.6953341],[1.3679772,42.6953507],[1.3679984,42.6953762],[1.3680688,42.6953881],[1.3681037,42.6954048],[1.3681372,42.695426],[1.36817,42.6954723],[1.3682022,42.695498],[1.3682351,42.6955426],[1.3682686,42.6955674],[1.3683143,42.6955879],[1.3683483,42.6955947],[1.3683855,42.6956132],[1.3685142,42.6956332],[1.3686403,42.6956576],[1.3687061,42.6956595],[1.3688893,42.6956919],[1.3689368,42.6956918],[1.368992,42.69568],[1.3690365,42.69566],[1.3690918,42.6956438],[1.3691599,42.6956484],[1.3692443,42.6956398],[1.3692832,42.6956431],[1.3693155,42.6956652],[1.3694182,42.6956982],[1.3694346,42.6957227],[1.3694311,42.6958045],[1.3694502,42.6958174],[1.3694909,42.6958018],[1.369531,42.695762],[1.3696821,42.6956366],[1.369745,42.6956079],[1.3698454,42.6955941],[1.3699631,42.6956139],[1.3700324,42.6956203],[1.3701122,42.6956],[1.3701753,42.6955667],[1.3702376,42.69552],[1.3703226,42.6954449],[1.3704902,42.6953359],[1.370533,42.695288],[1.37057,42.6952283],[1.3706112,42.6951966],[1.3706779,42.6951634],[1.3706823,42.6951383],[1.3706806,42.6951104],[1.370693,42.6951052],[1.3707259,42.695103],[1.3708207,42.6951152],[1.3708759,42.6951035],[1.3709147,42.6951113],[1.3709464,42.6951118],[1.3709673,42.6951049],[1.3710033,42.6950793],[1.371023,42.6950293],[1.3710495,42.6949991],[1.3710927,42.6949809],[1.3712156,42.6949432],[1.3712536,42.6949357],[1.3712926,42.6949354],[1.371313,42.6949483],[1.3713613,42.6949652],[1.3713947,42.6949909],[1.3714477,42.6950151],[1.3715117,42.6950367],[1.3715759,42.6950521],[1.3716283,42.695052],[1.3717911,42.6949861],[1.3718847,42.6949525],[1.3719756,42.6949251],[1.3720833,42.6949105],[1.3722054,42.6949052],[1.3722764,42.6948955],[1.3724057,42.6948471],[1.3724915,42.694789],[1.3725285,42.6947725],[1.372564,42.6947677],[1.3725968,42.6947709],[1.3726269,42.6947857],[1.3726597,42.694788],[1.3727419,42.6947722],[1.372798,42.6947712],[1.3728502,42.6947774],[1.3728949,42.6947934],[1.3729281,42.694784],[1.3730622,42.6947833],[1.3731722,42.6947742],[1.3733522,42.6947868],[1.3734185,42.6947699],[1.3734375,42.6947468],[1.3734573,42.6947363],[1.3734719,42.6947347],[1.3736311,42.6947542],[1.3738398,42.6947457],[1.3738745,42.6947696],[1.3739083,42.6947818],[1.3739437,42.6947787],[1.3739769,42.6947693],[1.3740341,42.694772],[1.3740813,42.6947844],[1.3741175,42.6947985],[1.3741468,42.6947971],[1.3741716,42.6947813],[1.374216,42.6947658],[1.3742732,42.6947684],[1.3744147,42.6947634],[1.3744707,42.694767],[1.3745336,42.6947859],[1.3745683,42.6947657],[1.3746099,42.6947601],[1.3746915,42.6947613],[1.3747263,42.6947834],[1.3747148,42.6948021],[1.3747532,42.6948252],[1.3748451,42.6948518],[1.3751166,42.694864],[1.3751812,42.6948632],[1.3752859,42.6948702],[1.3753899,42.6948564],[1.3754286,42.6948687],[1.3754671,42.6948864],[1.3755035,42.6948492],[1.3755919,42.6948262],[1.3756425,42.6948045],[1.3756975,42.6947982],[1.375736,42.6948185],[1.3757704,42.6948505],[1.3758008,42.694896],[1.3757653,42.6949449],[1.3757733,42.6949648],[1.3761635,42.6951811],[1.3763098,42.6952688],[1.3763772,42.6952986],[1.3764623,42.6953511],[1.3764969,42.6953373],[1.3765332,42.6953468],[1.3765939,42.6953981],[1.3766323,42.6954194],[1.3766914,42.6954436],[1.3767246,42.6954334],[1.3769248,42.6954229],[1.3769776,42.6954111],[1.3770159,42.6953919],[1.37704,42.6953599],[1.377119,42.695148],[1.3771506,42.6951089],[1.3771767,42.6950454],[1.3771969,42.6949774],[1.3772147,42.6949516],[1.3772161,42.6949012],[1.3772263,42.6948843],[1.3772236,42.6948492],[1.3772363,42.6948314],[1.3772432,42.6948054],[1.3772537,42.6947345],[1.377237,42.6946767],[1.3772353,42.6946057],[1.377197,42.6945817],[1.3771888,42.6945699],[1.3771892,42.6945555],[1.3772045,42.6945288],[1.3772403,42.6945149],[1.3772775,42.694493],[1.3773021,42.6944835],[1.3773228,42.6944829],[1.3773748,42.694499],[1.3773968,42.6944975],[1.3774128,42.6944923],[1.3774613,42.694458],[1.3775068,42.6944434],[1.3775659,42.6943778],[1.3775991,42.6943684],[1.3776637,42.6943693],[1.377687,42.6943643],[1.3777469,42.6943158],[1.3777668,42.6942576],[1.377789,42.6942471],[1.3778041,42.6942321],[1.3778449,42.694168],[1.3779032,42.6941302],[1.3779223,42.6941017],[1.3779398,42.6940867],[1.3780376,42.6940324],[1.3780708,42.6940212],[1.3780919,42.694008],[1.3781149,42.6939715],[1.3781506,42.6939586],[1.3781701,42.6939589],[1.3782222,42.6939695],[1.3782612,42.6939692],[1.37827,42.6939613],[1.378274,42.6939496],[1.3782876,42.6939435],[1.3783572,42.6939383],[1.3783827,42.6939405],[1.3783911,42.693946],[1.3784022,42.6939426],[1.3784072,42.6939364],[1.3783945,42.6939101],[1.378396,42.6939011],[1.3784073,42.6938887],[1.3784407,42.6938739],[1.3784566,42.6938706],[1.3784841,42.6938458],[1.3785186,42.6938337],[1.3785496,42.6938153],[1.3785596,42.6938047],[1.3785746,42.6937501],[1.3785822,42.6937385],[1.3786082,42.6937254],[1.3786157,42.6937165],[1.3786222,42.6937031],[1.3786254,42.6936735],[1.3786354,42.6936664],[1.3786871,42.6936474],[1.3787171,42.6936227],[1.3787305,42.6935771],[1.3787466,42.6935683],[1.3787833,42.6935653],[1.3787968,42.693561],[1.3788099,42.6935279],[1.3788423,42.693505],[1.3788595,42.6934999],[1.3788818,42.6934849],[1.3789434,42.6934184],[1.3789552,42.6933907],[1.3789665,42.6933765],[1.3789928,42.6933526],[1.3790022,42.6933204],[1.3790485,42.6932779],[1.3790751,42.6932432],[1.379135,42.6931938],[1.3793199,42.693077],[1.3793855,42.693042],[1.3794265,42.6930112],[1.3794441,42.6929925],[1.3794908,42.6929798],[1.3795432,42.6929797],[1.3795616,42.6929754],[1.3795802,42.692964],[1.3796026,42.6929482],[1.3796427,42.6929083],[1.3796542,42.6928896],[1.3796649,42.6928565],[1.3796864,42.6928307],[1.3797737,42.6928006],[1.3797972,42.6927902],[1.3798419,42.6927603],[1.3798702,42.6927517],[1.3798864,42.6927393],[1.3799019,42.6927081],[1.3799132,42.6926966],[1.3799576,42.6926775],[1.3800929,42.6926355],[1.3801335,42.692619],[1.3801706,42.6926007],[1.3802017,42.6925786],[1.3802212,42.6925798],[1.3802396,42.6925747],[1.3802707,42.6925536],[1.380287,42.692535],[1.3803056,42.6925254],[1.3803596,42.6925127],[1.3803904,42.6924997],[1.3804079,42.6924855],[1.3804244,42.6924615],[1.3804492,42.6924034],[1.3804641,42.6923938],[1.3804998,42.6923817],[1.3805137,42.6923639],[1.3805541,42.6923574],[1.3805825,42.6923434],[1.3806034,42.6923392],[1.3806307,42.692319],[1.3806435,42.6922985],[1.3806312,42.6922569],[1.3806041,42.692225],[1.3805836,42.6922148],[1.3805742,42.6922048],[1.3805744,42.6921976],[1.3805833,42.6921851],[1.3806056,42.692172],[1.3806834,42.6921354],[1.380719,42.692126],[1.3807489,42.692104],[1.3807536,42.6920636],[1.3807636,42.6920548],[1.3807797,42.6920487],[1.3808134,42.6920178],[1.3808202,42.6919945],[1.3808198,42.6919657],[1.3808268,42.6919316],[1.3808437,42.6918923],[1.3808702,42.691863],[1.3809075,42.6918357],[1.380958,42.6918158],[1.3810022,42.6918048],[1.3811468,42.6917782],[1.3812618,42.6917646],[1.3812849,42.6917659],[1.381309,42.6917753],[1.3813248,42.6917773],[1.3813678,42.6917663],[1.3814069,42.6917623],[1.3815031,42.6917665],[1.3815944,42.6917283],[1.3816373,42.6917191],[1.3817667,42.691712],[1.3818463,42.6917006],[1.3818944,42.6916807],[1.381939,42.6916517],[1.3819624,42.6916457],[1.3821101,42.691639],[1.3821468,42.6916341],[1.382186,42.6916248],[1.3822872,42.6915805],[1.3823363,42.6915687],[1.3823913,42.6915641],[1.3824839,42.6915214],[1.3826275,42.6914858],[1.3826648,42.6914612],[1.3827179,42.6914368],[1.3829011,42.6913794],[1.3829514,42.6913702],[1.3830728,42.6913856],[1.3831637,42.6913617],[1.3832211,42.6913572],[1.3832634,42.6913731],[1.383301,42.69138],[1.3833758,42.691364],[1.3834917,42.6913154],[1.3835449,42.6912866],[1.3835964,42.6912748],[1.383658,42.6912532],[1.3837276,42.6912066],[1.383775,42.6911668],[1.3838566,42.6911258],[1.3839524,42.6911003],[1.3840004,42.6910821],[1.3840303,42.691061],[1.3840818,42.6910042],[1.3841115,42.6909903],[1.3841859,42.690986],[1.3842933,42.6909409],[1.3844,42.6909146],[1.3845994,42.6908897],[1.3846718,42.6908719],[1.3847188,42.6908493],[1.3847454,42.6908128],[1.3847852,42.6907828],[1.3848804,42.6907366],[1.3849176,42.690712],[1.3849813,42.6906599],[1.3849905,42.6906339],[1.3849852,42.6905169],[1.3849955,42.690455],[1.3850158,42.6904266],[1.3850566,42.6904047],[1.3851252,42.6903491],[1.3852802,42.6902984],[1.3853457,42.6902643],[1.3853876,42.6902505],[1.3854416,42.6902352],[1.3855604,42.6902172],[1.385605,42.6901918],[1.3856277,42.6901651],[1.3856658,42.6901531],[1.3857512,42.6901499],[1.3858154,42.6901203],[1.3858842,42.6900575],[1.3859499,42.690018],[1.3860507,42.6899881],[1.3861372,42.6899444],[1.3862229,42.6898872],[1.386299,42.6898245],[1.3863671,42.6897869],[1.3863948,42.6897567],[1.3864177,42.6897202],[1.3864648,42.689693],[1.3864906,42.6896853],[1.3865688,42.6896335],[1.3866065,42.6895945],[1.3866758,42.6895568],[1.3867416,42.6895129],[1.3868058,42.6894833],[1.3869705,42.6893922],[1.3870996,42.6893087],[1.3872229,42.6892126],[1.3872742,42.6891648],[1.3872901,42.68912],[1.3873062,42.6890223],[1.3873943,42.6888356],[1.3874384,42.6887806],[1.3874742,42.6887235],[1.3875117,42.6886881],[1.3876097,42.6886267],[1.3876878,42.6885352],[1.3877769,42.6884448],[1.3878455,42.6883442],[1.3879466,42.6882136],[1.3880026,42.6881739],[1.3881078,42.6881162],[1.3882144,42.6879622],[1.3882703,42.6879271],[1.3883068,42.6878854],[1.3883524,42.6878213],[1.3884218,42.687781],[1.388509,42.6876708],[1.388614,42.6875734],[1.3886473,42.6875182],[1.3887964,42.6873253],[1.3888611,42.6872804],[1.3889399,42.687251],[1.389034,42.6871976],[1.3891149,42.6871358],[1.3891788,42.6870766],[1.3892336,42.6869892],[1.3892965,42.6869192],[1.3893185,42.6868709],[1.389331,42.6868154],[1.3893556,42.6867636],[1.389395,42.6867066],[1.3894498,42.6865752],[1.3894918,42.6865129],[1.3895267,42.6864829],[1.3895797,42.6864639],[1.3896261,42.686416],[1.389651,42.6863534],[1.3897006,42.6860565],[1.3897226,42.6858797],[1.3897736,42.6856673],[1.3898565,42.6854887],[1.3898721,42.685408],[1.389873,42.6853316],[1.3898667,42.6852524],[1.3899165,42.6852145],[1.3899077,42.6851793],[1.3898769,42.6851473],[1.3897738,42.6850846],[1.3897177,42.6850406],[1.3896546,42.6849884],[1.3896027,42.6849265],[1.3895966,42.6848382],[1.3896012,42.6847151],[1.3895829,42.6845817],[1.3895365,42.6844551],[1.3895389,42.684412],[1.3895482,42.6843825],[1.3895357,42.6843508],[1.3894544,42.684248],[1.3894362,42.6842018],[1.3894014,42.6841375],[1.3894,42.6841015],[1.3893796,42.6840436],[1.3893217,42.6839807],[1.3893032,42.6839444],[1.389303,42.6839049],[1.389315,42.6838691],[1.3893042,42.6838177],[1.3892492,42.6837359],[1.3891499,42.6835348],[1.3890829,42.6833584],[1.3890201,42.6832504],[1.3889746,42.6832192],[1.3887961,42.6831499],[1.3886122,42.6831031],[1.3885736,42.6830863],[1.3884911,42.6830302],[1.3884651,42.6829993],[1.3883858,42.6829567],[1.3883061,42.6829303],[1.3881371,42.6829161],[1.3880548,42.6828933],[1.3880225,42.6828739],[1.3880083,42.6828566],[1.3879816,42.6827663],[1.3879765,42.6827284],[1.3879873,42.6826917],[1.3880061,42.6826722],[1.3880459,42.6826449],[1.388089,42.6826294],[1.3881379,42.6826221],[1.388169,42.6826009],[1.388197,42.6825591],[1.3882142,42.6825099],[1.3882218,42.6824552],[1.3882194,42.6824084],[1.388204,42.6823497],[1.388181,42.6822981],[1.3881587,42.682269],[1.3881124,42.6822233],[1.3880033,42.6821587],[1.3876972,42.6819428],[1.3876122,42.6818435],[1.3875831,42.6817945],[1.3875615,42.6817366],[1.3875544,42.6816861],[1.3875543,42.6816438],[1.3875631,42.6815927],[1.3875831,42.6815301],[1.3876014,42.6814854],[1.3877353,42.6812698],[1.3878092,42.6811117],[1.3878331,42.6810842],[1.3878689,42.6810695],[1.3879216,42.6810586],[1.3879861,42.6810595],[1.3880539,42.6810776],[1.3880608,42.6810481],[1.388075,42.6810186],[1.3880851,42.6809648],[1.3880792,42.6809135],[1.3880933,42.6807113],[1.3881009,42.6806566],[1.3881131,42.6806118],[1.388131,42.6805824],[1.3882806,42.6804183],[1.3883358,42.6803148],[1.3883622,42.6802415],[1.3883968,42.6801817],[1.3884423,42.6801222],[1.3885847,42.6799975],[1.388659,42.6799132],[1.3886934,42.679858],[1.3887232,42.6797937],[1.3887301,42.6797659],[1.3887295,42.6797425],[1.3887111,42.6797027],[1.3886876,42.679669],[1.3886128,42.6795978],[1.388574,42.6795459],[1.3885465,42.6794835],[1.3885204,42.6794579],[1.388481,42.6794285],[1.3884455,42.6793911],[1.3884223,42.6793467],[1.3884055,42.6792961],[1.388356,42.6792324],[1.3883177,42.6792084],[1.3881753,42.6791559],[1.3881528,42.6791331],[1.3880699,42.6789565],[1.3880161,42.6788748],[1.3879756,42.6787968],[1.3879473,42.6787199],[1.3879195,42.6786665],[1.3878857,42.678567],[1.3878489,42.6784873],[1.3878044,42.6784219],[1.3877817,42.6784054],[1.3877432,42.6783868],[1.3877044,42.6783818],[1.3875934,42.6783405],[1.387507,42.6782906],[1.3874667,42.6782514],[1.3874138,42.6781804],[1.387384,42.6781566],[1.3872537,42.678151],[1.3872272,42.6781416],[1.3872131,42.6781217],[1.3871632,42.6780732],[1.3871342,42.6780638],[1.3870832,42.6780594],[1.3870373,42.6780444],[1.3870146,42.678026],[1.3869918,42.6780158],[1.3869577,42.6780144],[1.3869196,42.6780264],[1.3868218,42.6780357],[1.3867684,42.6780277],[1.3867904,42.6779813],[1.3868012,42.6779446],[1.3868356,42.6778902],[1.386868,42.6778188],[1.386919,42.6777386],[1.3869336,42.6776525],[1.3869563,42.6776223],[1.3870198,42.6775756],[1.3870956,42.6775237],[1.3871735,42.6774826],[1.3871885,42.6774684],[1.3872253,42.6774168],[1.3872346,42.6773891],[1.3872734,42.6773519],[1.387269,42.6772916],[1.387275,42.6772494],[1.3872917,42.6772182],[1.3873417,42.6771731],[1.3873715,42.6771546],[1.3873887,42.6771486],[1.3874012,42.6771362],[1.3874347,42.6770297],[1.3874377,42.6768751],[1.3874444,42.6768104],[1.3874589,42.6767711],[1.3874624,42.6767315],[1.3874511,42.6766981],[1.3874494,42.676672],[1.3874588,42.6765534],[1.3874713,42.6765419],[1.3874848,42.6765394],[1.3875026,42.6765109],[1.3875252,42.676487],[1.3875305,42.6764295],[1.3875273,42.6764124],[1.3875326,42.6763972],[1.3875601,42.6763715],[1.3875892,42.6763333],[1.3875938,42.6762983],[1.3875857,42.6762406],[1.387591,42.6762236],[1.3876238,42.6761845],[1.3876317,42.676164],[1.387678,42.6761197],[1.387681,42.6760981],[1.3877124,42.6760653],[1.387731,42.6760099],[1.3877227,42.6760008],[1.3877078,42.6759673],[1.3877174,42.6759305],[1.3877624,42.6758871],[1.3877684,42.6758468],[1.3878224,42.6757028],[1.3878346,42.6756149],[1.3878534,42.6755513],[1.3879181,42.6755037],[1.3879476,42.6754934],[1.3879749,42.6754767],[1.3879999,42.6754537],[1.3880139,42.6754314],[1.3880406,42.6754363],[1.3881329,42.6753172],[1.3881802,42.6752783],[1.3882216,42.6752358],[1.3882724,42.6752069],[1.3883069,42.6751939],[1.3883755,42.6751806],[1.3883955,42.6751638],[1.3884474,42.6750935],[1.3885214,42.6750164],[1.3885408,42.6750194],[1.388568,42.6750063],[1.3885734,42.6749857],[1.3885678,42.6749703],[1.3885693,42.6749605],[1.3886205,42.6749154],[1.3886463,42.6749068],[1.3886682,42.674908],[1.3887013,42.6749013],[1.3887174,42.6748935],[1.3887449,42.6748678],[1.3887677,42.6748376],[1.3887783,42.6747622],[1.3887913,42.6747336],[1.388804,42.6746681],[1.3888002,42.6746312],[1.3888047,42.6745998],[1.3888127,42.6745748],[1.3888341,42.6745517],[1.3888584,42.6745098],[1.3888703,42.6744749],[1.3888642,42.6744307],[1.3888686,42.6744038],[1.3889305,42.6743247],[1.3889437,42.6742872],[1.3889801,42.6742517],[1.3890016,42.6742206],[1.3890014,42.6741846],[1.3890083,42.6741577],[1.3890235,42.6741355],[1.3890579,42.6741252],[1.3890646,42.6741028],[1.3890702,42.6740346],[1.3890825,42.6739862],[1.3891019,42.673946],[1.3891575,42.673874],[1.3891981,42.6738602],[1.3892391,42.6738303],[1.3892605,42.6738072],[1.3892788,42.6737598],[1.3892837,42.673715],[1.3892769,42.6736978],[1.3892913,42.6736611],[1.3892857,42.673643],[1.3893139,42.673639],[1.3893373,42.6736294],[1.3893734,42.6736021],[1.3893941,42.6736006],[1.3894123,42.6736045],[1.38942,42.673592],[1.3894084,42.6735684],[1.3894138,42.6735523],[1.3894821,42.6735066],[1.3895113,42.6735061],[1.389528,42.6734767],[1.3895689,42.6733613],[1.3895693,42.673347],[1.389552,42.6733134],[1.3895443,42.6732827],[1.3895441,42.6732468],[1.3895289,42.6732222],[1.3895132,42.6731743],[1.3894873,42.6731398],[1.3894375,42.6730887],[1.389428,42.6730822],[1.3893734,42.6730715],[1.3893308,42.6730718],[1.3892767,42.6730872],[1.3892341,42.6730847],[1.3891808,42.6730758],[1.3891071,42.6730531],[1.3890473,42.67301],[1.3890064,42.6729905],[1.3889669,42.6729647],[1.3889373,42.6729355],[1.3888963,42.6728755],[1.3888265,42.6727557],[1.3887947,42.6726707],[1.3887535,42.672618],[1.3886766,42.6725763],[1.3886089,42.672516],[1.3885735,42.6724723],[1.38853,42.6723277],[1.388505,42.6723067],[1.3884736,42.6722936],[1.3884434,42.672286],[1.3883846,42.6720315],[1.3883371,42.6718977],[1.3882583,42.6717976],[1.3881915,42.6717435],[1.3880981,42.6716414],[1.3880725,42.671596],[1.388058,42.6714168],[1.3880396,42.6713761],[1.3879736,42.6713373],[1.3878772,42.671255],[1.3878218,42.6711885],[1.3877887,42.671107],[1.387754,42.6709069],[1.3877221,42.6708704],[1.3876792,42.6708365],[1.3876633,42.6707958],[1.3876717,42.6707546],[1.3876671,42.6707023],[1.3876546,42.6706698],[1.3876005,42.670642],[1.3875661,42.6706082],[1.3875462,42.670491],[1.3874572,42.6703584],[1.3874426,42.670225],[1.3874487,42.6700947],[1.3874425,42.670011],[1.3874656,42.6698783],[1.3875396,42.6697157],[1.3875259,42.6696813],[1.3875502,42.6693787],[1.3875454,42.6693318],[1.3875311,42.669275],[1.3874819,42.66916],[1.387451,42.6690417],[1.3874381,42.6689354],[1.3874408,42.6688824],[1.3874522,42.6688214],[1.3874553,42.6687558],[1.3874398,42.6686981],[1.3874458,42.6686577],[1.38747,42.6686185],[1.3875265,42.6685591],[1.3875595,42.6685137],[1.3877178,42.6684298],[1.3878662,42.6683951],[1.3879434,42.6683792],[1.3881204,42.6683666],[1.3881938,42.6683569],[1.3883181,42.6683579],[1.3885151,42.6683725],[1.3885932,42.6683692],[1.3887937,42.6683426],[1.388871,42.668323],[1.3890198,42.6682758],[1.3891704,42.6682511],[1.3892507,42.6682532],[1.3893161,42.6682677],[1.3893904,42.6682697],[1.3895301,42.6682853],[1.3895569,42.6682848],[1.3895926,42.6682737],[1.3896913,42.6682284],[1.3897578,42.6682033],[1.3898019,42.6681968],[1.3898335,42.668199],[1.389866,42.6682121],[1.3899036,42.668219],[1.3899366,42.6682159],[1.3899747,42.6682057],[1.3899957,42.6681925],[1.3900237,42.6681515],[1.3900545,42.6681376],[1.3900813,42.6681398],[1.3900957,42.6681454],[1.3901074,42.6681636],[1.3901067,42.6681888],[1.3901173,42.6682024],[1.3901776,42.6682258],[1.3902072,42.6682559],[1.3902241,42.6682643],[1.390268,42.6682604],[1.3903312,42.6682677],[1.3904014,42.6682849],[1.3905317,42.6683309],[1.3906563,42.6683652],[1.3907164,42.6683967],[1.3907826,42.6684246],[1.3908539,42.6684473],[1.39094,42.6684603],[1.3909771,42.668486],[1.3910458,42.6685572],[1.3910832,42.6685704],[1.3912381,42.6685646],[1.3913342,42.6685705],[1.3913992,42.6685994],[1.3914296,42.6686016],[1.3914815,42.6686213],[1.3915326,42.6686239],[1.3915446,42.6686294],[1.3915897,42.6686319],[1.3916798,42.6686782],[1.3917341,42.6686979],[1.3917712,42.6687201],[1.3917768,42.668739],[1.3917759,42.6687723],[1.3917896,42.6688058],[1.3918203,42.6688422],[1.3918559,42.6688742],[1.3918837,42.6688854],[1.3919313,42.6688817],[1.3919591,42.6688902],[1.3919793,42.6689076],[1.3920312,42.6689254],[1.3921053,42.6689346],[1.3921657,42.6689544],[1.392196,42.6689603],[1.3922386,42.6689627],[1.392304,42.6689745],[1.3923518,42.6690112],[1.3923687,42.6690168],[1.3924052,42.6690183],[1.3924469,42.6690099],[1.3924851,42.6689943],[1.3925242,42.6689877],[1.3926195,42.6689801],[1.3926778,42.6689423],[1.392763,42.6689472],[1.3928223,42.6689598],[1.3928808,42.6689598],[1.3929299,42.6689911],[1.3929422,42.6689895],[1.3929878,42.6689686],[1.3930271,42.6689602],[1.3931135,42.6689624],[1.3931668,42.6689749],[1.3931984,42.6689762],[1.3934062,42.6689551],[1.3934515,42.6689468],[1.3934842,42.6689535],[1.3935197,42.6689478],[1.3937628,42.6689272],[1.3943189,42.6688672],[1.3946583,42.6688435],[1.3946716,42.6688482],[1.3946972,42.6688477],[1.3947492,42.6688161],[1.3947811,42.6688093],[1.3949235,42.6688142],[1.3949565,42.6688111],[1.3949651,42.6688076],[1.3949716,42.6687924],[1.3949698,42.6687708],[1.3949851,42.6687009],[1.395014,42.6686699],[1.3950524,42.668648],[1.3950956,42.6686279],[1.3951495,42.668617],[1.3952131,42.668609],[1.3952876,42.6686047],[1.3953545,42.6686084],[1.3954242,42.6685996],[1.395491,42.6685619],[1.395566,42.6684929],[1.3955953,42.6684475],[1.395645,42.6684122],[1.3957226,42.668381],[1.395832,42.6683467],[1.3959139,42.6683389],[1.3959991,42.6683429],[1.3960729,42.6683629],[1.3961546,42.6683596],[1.3962995,42.6683213],[1.3963549,42.6683006],[1.3964042,42.6682779],[1.3964353,42.6682559],[1.3964358,42.6682371],[1.3964532,42.6682265],[1.3965357,42.6681954],[1.3966081,42.668174],[1.3966513,42.6681558],[1.39668,42.6681301],[1.3967194,42.6681172],[1.3968134,42.6680674],[1.3968521,42.6680329],[1.397026,42.6679141],[1.3971499,42.6678386],[1.3972307,42.6677805],[1.3973545,42.6677086],[1.3973795,42.6676847],[1.3973911,42.6676633],[1.3974256,42.6676494],[1.3974672,42.6676437],[1.3974845,42.6676341],[1.3974939,42.6676027],[1.3975126,42.6675868],[1.3975409,42.6675765],[1.3975674,42.6675463],[1.3975456,42.6674956],[1.3975162,42.6674556],[1.3975239,42.6674431],[1.3975882,42.6674099],[1.3976194,42.6673834],[1.397631,42.6673593],[1.3976411,42.667256],[1.3976518,42.6672247],[1.3976722,42.6671918],[1.3977085,42.6671563],[1.397778,42.6671106],[1.3978341,42.6670638],[1.3978867,42.6670124],[1.3979298,42.6669501],[1.3980523,42.6667047],[1.3980789,42.6666691],[1.3981102,42.6666381],[1.3982298,42.6665868],[1.3982928,42.6665545],[1.3983562,42.6665096],[1.3984025,42.6664662],[1.3984417,42.6664146],[1.3984377,42.6663813],[1.3984491,42.666368],[1.3985197,42.6663268],[1.3986579,42.6662614],[1.3987896,42.6661707],[1.3988283,42.6661381],[1.3988698,42.6660892],[1.3989707,42.6660107],[1.3990202,42.6659827],[1.3991078,42.6659426],[1.3991537,42.6659127],[1.39919,42.6658764],[1.3992745,42.6658192],[1.3992924,42.665788],[1.399316,42.6657263],[1.3994111,42.6656801],[1.3995113,42.6656681],[1.3996112,42.6656273],[1.399641,42.6656062],[1.3996538,42.6655848],[1.3997291,42.665549],[1.3998091,42.6655196],[1.399845,42.6654995],[1.3998699,42.6654792],[1.3998702,42.6654666],[1.3999044,42.6654671],[1.399961,42.6654455],[1.4000089,42.6654327],[1.4000479,42.6654297],[1.4001461,42.6654491],[1.4001652,42.6654629],[1.4001965,42.6654778],[1.4002112,42.6654735],[1.4004131,42.6653551],[1.400517,42.6653],[1.4006712,42.6652313],[1.4006911,42.6652154],[1.4007216,42.6651709],[1.4007526,42.6651507],[1.4008074,42.6651056],[1.4008254,42.6650717],[1.4009051,42.66501],[1.4009754,42.6649778],[1.4010155,42.6649379],[1.401133,42.6648749],[1.40125,42.6648281],[1.4012897,42.6648035],[1.4013185,42.664776],[1.4013482,42.6647135],[1.4013464,42.664647],[1.4013768,42.6645593],[1.4013419,42.6644572],[1.4013785,42.6644092],[1.4014172,42.6643756],[1.4014414,42.664339],[1.4014585,42.6642934],[1.4014708,42.6639339],[1.4014619,42.6638574],[1.4014998,42.6638085],[1.4015166,42.6637745],[1.4014869,42.6636572],[1.4014809,42.6636085],[1.4014168,42.6635464],[1.4013898,42.663511],[1.4013578,42.6634322],[1.4013302,42.6634165],[1.4012905,42.6633539],[1.401291,42.6633341],[1.4013049,42.6633182],[1.4013458,42.6632927],[1.4013598,42.6632704],[1.4014101,42.6632145],[1.4014021,42.6631955],[1.4013781,42.6631799],[1.4013058,42.66315],[1.4012881,42.6631309],[1.4012899,42.6631084],[1.4013061,42.6630979],[1.4013225,42.6630756],[1.40135,42.6630517],[1.4014285,42.6630313],[1.4014825,42.6629746],[1.4015158,42.6629148],[1.401575,42.6628887],[1.4016096,42.6628272],[1.4016365,42.6627323],[1.4016862,42.6626107],[1.4017708,42.6624582],[1.4018354,42.6623243],[1.40193,42.6622484],[1.4020183,42.6621859],[1.4020972,42.662107],[1.4021815,42.6620111],[1.4022333,42.6619427],[1.402298,42.6618474],[1.4023506,42.661752],[1.4024084,42.6616],[1.4024129,42.6615686],[1.4023469,42.6613985],[1.4023221,42.6612795],[1.4023176,42.6612236],[1.4023389,42.6611124],[1.4023536,42.6610659],[1.4023756,42.6610177],[1.4024034,42.6609803],[1.4024447,42.6609414],[1.402508,42.6608992],[1.4025648,42.6608712],[1.402768,42.6607924],[1.4028295,42.6607727],[1.4029912,42.6606941],[1.4030725,42.6606639],[1.4031265,42.6606494],[1.4032048,42.660638],[1.4033901,42.6605886],[1.4034701,42.660561],[1.4035564,42.6605236],[1.4037027,42.6604755],[1.4038284,42.6604234],[1.4038408,42.6604137],[1.4038623,42.6603852],[1.4039197,42.6603375],[1.40392,42.6603276],[1.4039341,42.6603009],[1.403975,42.6602736],[1.4040112,42.6602427],[1.4039529,42.6601932],[1.4039062,42.6601611],[1.4038397,42.660143],[1.4037596,42.6601328],[1.4037199,42.6601142],[1.4036722,42.6600748],[1.403645,42.6600474],[1.4036002,42.6599901],[1.4034606,42.6597938],[1.4034245,42.6597357],[1.4034052,42.6596815],[1.4033694,42.6594759],[1.4033535,42.6594343],[1.4033055,42.6593634],[1.4032457,42.6592331],[1.4032301,42.6591825],[1.4032288,42.6591411],[1.4032375,42.6590873],[1.403203,42.6590148],[1.4031951,42.6589481],[1.4032183,42.6589017],[1.4033064,42.6588419],[1.4033289,42.6588206],[1.4033696,42.6588024],[1.4034344,42.6587485],[1.4034836,42.6586881],[1.4035778,42.6585402],[1.4036625,42.6584749],[1.4036813,42.6584527],[1.4036929,42.6584313],[1.4037185,42.65834],[1.4037349,42.6583204],[1.4037926,42.6583069],[1.4038536,42.6582566],[1.4039559,42.6582158],[1.4039882,42.658192],[1.4040315,42.6581693],[1.404065,42.6581446],[1.4041564,42.6580578],[1.4042407,42.6580033],[1.4042877,42.6579762],[1.4044259,42.6579144],[1.4044471,42.657894],[1.4045076,42.6578679],[1.4045942,42.6578198],[1.4046465,42.6577783],[1.4046882,42.6577663],[1.4047117,42.657755],[1.4047182,42.6577398],[1.404709,42.6577181],[1.4047169,42.6576984],[1.4047367,42.6576852],[1.4047675,42.6576749],[1.4048187,42.6576721],[1.4048671,42.6576404],[1.4048902,42.6575967],[1.4049621,42.6575546],[1.4049928,42.6575443],[1.4050266,42.6575097],[1.4051115,42.6574786],[1.4051641,42.6574299],[1.4051899,42.6574186],[1.4052634,42.6573594],[1.4052845,42.6573454],[1.405324,42.6573289],[1.4053677,42.65729],[1.4053724,42.6572514],[1.405399,42.657214],[1.4054157,42.657181],[1.4055089,42.6571158],[1.4055451,42.6570849],[1.4055408,42.6570623],[1.4055824,42.6570117],[1.405606,42.6569941],[1.4056276,42.6569647],[1.4056635,42.6569428],[1.4057523,42.6569045],[1.405831,42.6568302],[1.4059089,42.6567027],[1.4059702,42.6566884],[1.406022,42.656708],[1.4060524,42.6567112],[1.406075,42.6567304],[1.4061088,42.6567426],[1.4061379,42.6567484],[1.4061782,42.6567427],[1.4062164,42.656728],[1.4062642,42.656717],[1.4064263,42.656714],[1.4064989,42.6567322],[1.4065294,42.6567318],[1.4065558,42.6567007],[1.4066095,42.6566979],[1.4066426,42.6566912],[1.4067082,42.6566517],[1.4067401,42.6566018],[1.406755,42.6565894],[1.4067709,42.656587],[1.4067878,42.6565935],[1.4067935,42.6566089],[1.4068174,42.6566263],[1.406918,42.6566899],[1.4069296,42.6567107],[1.406937,42.6567522],[1.4069537,42.6567642],[1.4069857,42.6567529],[1.4070198,42.6567543],[1.4070513,42.6567611],[1.4071391,42.6568461],[1.4072013,42.6568892],[1.4072463,42.656934],[1.407274,42.6569452],[1.4073036,42.656933],[1.4073648,42.6569223],[1.4075477,42.6569178],[1.407597,42.6569428],[1.4076494,42.6569418],[1.4077814,42.6569249],[1.4078361,42.6569302],[1.4079174,42.656944],[1.4079606,42.6569653],[1.4079876,42.6570026],[1.4080225,42.6570633],[1.4080647,42.657081],[1.4081604,42.6570996],[1.4082376,42.6571286],[1.4082976,42.6571609],[1.4083322,42.6571893],[1.4084187,42.6572788],[1.4084381,42.6572835],[1.4085664,42.6572675],[1.4088962,42.6571905],[1.4091313,42.6571491],[1.4093976,42.6571243],[1.4094972,42.6571329],[1.4095412,42.6571282],[1.4096002,42.6571084],[1.409673,42.6570762],[1.4097588,42.6570109],[1.4098792,42.6569327],[1.4099147,42.6569251],[1.4099555,42.6569032],[1.4099741,42.6568469],[1.4100072,42.6567943],[1.4100866,42.6566984],[1.4101195,42.6566521],[1.4101883,42.6565857],[1.4102717,42.6565204],[1.4103442,42.6564558],[1.4103811,42.6563952],[1.4104234,42.6563653],[1.4105336,42.6563012],[1.4105587,42.656271],[1.4106056,42.6562502],[1.4107257,42.6561809],[1.4107662,42.6561249],[1.4108169,42.6561427],[1.4108644,42.6561416],[1.410981,42.6561101],[1.4110433,42.6561038],[1.4111004,42.6561091],[1.411136,42.6560989],[1.4111578,42.6561037],[1.4112115,42.6561027],[1.4112676,42.6560532],[1.4112961,42.6560365],[1.4113479,42.6560139],[1.4113969,42.6560038],[1.4114835,42.6560006],[1.4115557,42.65599],[1.4116423,42.6559859],[1.4117404,42.6559622],[1.4118244,42.6559652],[1.4118549,42.655963],[1.411923,42.6559235],[1.4121519,42.6558846],[1.4122494,42.6558384],[1.412466,42.6556672],[1.4124844,42.655663],[1.4125153,42.6556904],[1.4125423,42.6557304],[1.4125676,42.6557388],[1.4127065,42.65574],[1.412738,42.6557432],[1.4127637,42.6557391],[1.4127788,42.6557231],[1.4128035,42.6557091],[1.4128415,42.6557015],[1.4129389,42.6557057],[1.4130431,42.6557261],[1.4130663,42.6557238],[1.413118,42.6557056],[1.4131472,42.655707],[1.4131962,42.655696],[1.4132218,42.6556964],[1.4132871,42.6557118],[1.4133064,42.6557219],[1.4133309,42.6557151],[1.4133532,42.6557019],[1.4133831,42.6556763],[1.4134116,42.6556605],[1.4134473,42.6556476],[1.4136188,42.6556115],[1.4137001,42.6555785],[1.4136932,42.6555622],[1.4136874,42.6555073],[1.4136956,42.6554768],[1.4137199,42.655434],[1.4137581,42.6552367],[1.4137866,42.6552192],[1.4138055,42.655197],[1.4138007,42.6551043],[1.4138073,42.6550405],[1.4137998,42.6550063],[1.41376,42.6549454],[1.4137572,42.6549139],[1.4137611,42.6549041],[1.4137937,42.6548713],[1.4138066,42.6548427],[1.4138058,42.6548292],[1.4138168,42.6547844],[1.4138479,42.6547579],[1.4138558,42.6547373],[1.4138631,42.6546916],[1.4138781,42.6546774],[1.4138861,42.6546523],[1.4138844,42.6546271],[1.4138897,42.6546119],[1.4139662,42.6546194],[1.4139872,42.654608],[1.4140048,42.6545902],[1.4140445,42.6545621],[1.4140966,42.6545296],[1.414124,42.6545057],[1.4141419,42.6544745],[1.4141451,42.6544493],[1.414158,42.6544217],[1.4141817,42.6544013],[1.4142064,42.6543891],[1.4142276,42.6543723],[1.4142617,42.6543261],[1.4142636,42.6543018],[1.4142558,42.6542756],[1.4142611,42.6542586],[1.4142749,42.6542444],[1.4143006,42.6542412],[1.4143326,42.65423],[1.4143428,42.6542122],[1.4143398,42.6541879],[1.4143463,42.6541709],[1.4143599,42.6541666],[1.4143822,42.6541516],[1.4144109,42.6541251],[1.4144212,42.6541063],[1.4144243,42.6540803],[1.4144166,42.6540514],[1.414381,42.6539718],[1.4143495,42.6539209],[1.4143408,42.6538812],[1.4143299,42.6537453],[1.4142557,42.6535607],[1.4142124,42.653498],[1.4141332,42.6534078],[1.4141098,42.6533724],[1.4140999,42.6533327],[1.4140766,42.6532946],[1.414053,42.6532664],[1.4139942,42.6532322],[1.4139269,42.6531998],[1.4139141,42.6531771],[1.4138842,42.6530211],[1.4139102,42.652919],[1.4139211,42.6528301],[1.4139291,42.652805],[1.4139274,42.652778],[1.4138958,42.652729],[1.4138532,42.6526852],[1.4138143,42.6526361],[1.4137459,42.6525083],[1.4137599,42.6524878],[1.4137834,42.6524728],[1.4137987,42.6524488],[1.413815,42.6523888],[1.4137839,42.6523218],[1.4136472,42.6522406],[1.4136312,42.6522008],[1.4136192,42.6521503],[1.4136415,42.6521389],[1.4137755,42.6520915],[1.41384,42.6520492],[1.413873,42.652003],[1.4138792,42.6519536],[1.4138644,42.6519165],[1.4138172,42.6519023],[1.4137323,42.6518912],[1.4137395,42.6518481],[1.4136842,42.6517754],[1.4136301,42.6517521],[1.4135965,42.6517309],[1.4135996,42.6516626],[1.413626,42.6516315],[1.4136317,42.651601],[1.4135877,42.6515626],[1.4135992,42.6515439],[1.4136433,42.6515329],[1.41366,42.6515034],[1.4137416,42.6514579],[1.4137425,42.6513815],[1.4137564,42.6513619],[1.4137813,42.6513443],[1.4138338,42.651337],[1.4138524,42.6513273],[1.4138625,42.6513149],[1.4138579,42.651304],[1.4138776,42.6512944],[1.4139251,42.6512942],[1.4139721,42.6512707],[1.4139724,42.6512572],[1.4139635,42.6512292],[1.4139401,42.651192],[1.4139335,42.6511667],[1.4139721,42.6511349],[1.4139712,42.6511241],[1.4139608,42.651105],[1.4139391,42.6510939],[1.4139262,42.6510757],[1.4139319,42.6510021],[1.4139295,42.6509553],[1.413934,42.6509239],[1.4139531,42.6508936],[1.4139483,42.6508459],[1.4139618,42.6507966],[1.4140146,42.6507362],[1.4140253,42.6507022],[1.4140215,42.6506203],[1.4140316,42.6506052],[1.4140995,42.6505711],[1.4142028,42.6504926],[1.4142207,42.6504596],[1.4142767,42.6504191],[1.4142952,42.6503654],[1.4143168,42.6503334],[1.4143219,42.6502786],[1.4143384,42.6502105],[1.414395,42.6501421],[1.4144764,42.6500633],[1.4145507,42.6500176],[1.414577,42.6499919],[1.4145855,42.6499471],[1.4145821,42.6498922],[1.4145708,42.6498605],[1.4145543,42.6498396],[1.4145512,42.6498198],[1.4146182,42.6496841],[1.4146241,42.6496464],[1.4145674,42.6495817],[1.414563,42.6495655],[1.4145685,42.6495422],[1.4145991,42.6494941],[1.4146008,42.6494734],[1.4145929,42.6494508],[1.4145777,42.649429],[1.4145504,42.6494034],[1.4145555,42.6493477],[1.4145389,42.649289],[1.4144734,42.6492764],[1.4143748,42.649274],[1.4143008,42.649263],[1.4142847,42.6492295],[1.4142816,42.6491629],[1.4142602,42.6490547],[1.4142322,42.6490075],[1.4141852,42.6489448],[1.4141232,42.6488944],[1.414104,42.6488851],[1.4140816,42.6488587],[1.4140753,42.6488209],[1.414082,42.6487967],[1.4141047,42.6487709],[1.41416,42.6487502],[1.4141824,42.6487352],[1.4141964,42.6487121],[1.4141913,42.6486769],[1.4141991,42.648659],[1.4141815,42.6486345],[1.4141737,42.6485633],[1.414142,42.648472],[1.4141379,42.6484468],[1.4141215,42.6484214],[1.414107,42.6484149],[1.4140964,42.6484039],[1.414077,42.6483991],[1.4140676,42.6483882],[1.4140614,42.6483],[1.4140447,42.6482458],[1.4140257,42.6482275],[1.4140284,42.6482159],[1.4140239,42.6482041],[1.414003,42.648166],[1.4139792,42.6481459],[1.4139745,42.6481386],[1.4139748,42.6481252],[1.4139666,42.648116],[1.4139194,42.6481028],[1.4139075,42.6480945],[1.4138977,42.6480521],[1.4138192,42.6480248],[1.4137494,42.647995],[1.4137434,42.6479895],[1.4137513,42.647969],[1.413752,42.6479429],[1.4137475,42.6479285],[1.4137565,42.6479133],[1.4137556,42.6479007],[1.4137486,42.6478889],[1.4137343,42.6478788],[1.4136682,42.6478454],[1.4136554,42.6478219],[1.41364,42.6478055],[1.4136334,42.6477811],[1.4136159,42.6477529],[1.4136163,42.6477395],[1.4136369,42.6476984],[1.413636,42.6476858],[1.4136242,42.6476721],[1.413621,42.6476532],[1.4136471,42.6475924],[1.4136367,42.6475716],[1.4136358,42.6475599],[1.4136446,42.6475483],[1.413645,42.647534],[1.413638,42.6475231],[1.4136407,42.6475132],[1.4136807,42.647476],[1.4136884,42.64746],[1.4136901,42.6474411],[1.4136794,42.6473888],[1.4136807,42.6472971],[1.4136653,42.6472816],[1.4136685,42.647252],[1.4136556,42.6472347],[1.4136374,42.6472299],[1.4136339,42.6472236],[1.4136379,42.6471679],[1.4136499,42.6471285],[1.4136701,42.6471054],[1.413711,42.6470763],[1.4137582,42.6469997],[1.4137923,42.6469534],[1.4137989,42.6469374],[1.4137968,42.6468789],[1.4137761,42.6467904],[1.4137619,42.6466841],[1.4137661,42.6466644],[1.4137979,42.6466154],[1.4138004,42.6465228],[1.4138416,42.6463517],[1.413842,42.6462914],[1.4138512,42.6462673],[1.4138923,42.6462346],[1.4139287,42.6461965],[1.4139381,42.6461625],[1.4139302,42.646139],[1.4139834,42.6460642],[1.4140004,42.6460204],[1.4140167,42.6460045],[1.4140414,42.6459932],[1.4140527,42.6459807],[1.4140605,42.6459629],[1.414067,42.6459036],[1.4140819,42.6458481],[1.414097,42.6458303],[1.4141099,42.6458026],[1.4141212,42.6457902],[1.4141608,42.6457683],[1.4142384,42.6457353],[1.4142595,42.6457221],[1.4143483,42.6456362],[1.4143904,42.6456099],[1.4144423,42.6455855],[1.4145692,42.6454884],[1.4146042,42.6454539],[1.4146159,42.6454262],[1.4146018,42.6454062],[1.4145042,42.6453247],[1.4144961,42.6453075],[1.4145028,42.6452842],[1.4144876,42.6452624],[1.414472,42.645255],[1.4144465,42.6452519],[1.4143865,42.6452636],[1.4143613,42.6452479],[1.4143468,42.6452459],[1.4143199,42.6452491],[1.4143084,42.6452238],[1.4142857,42.6452055],[1.4142803,42.6451829],[1.4142647,42.6451728],[1.4142262,42.6451542],[1.4141948,42.6451457],[1.4141097,42.645139],[1.4140868,42.6451315],[1.4140923,42.6451082],[1.4140871,42.6450748],[1.4140755,42.6450522],[1.414076,42.6450333],[1.4140596,42.6450106],[1.4140611,42.6450016],[1.4140747,42.6449928],[1.4140654,42.6449783],[1.4140647,42.6449567],[1.4140762,42.644938],[1.4141227,42.6448865],[1.4141587,42.6448601],[1.4142181,42.6448277],[1.4143222,42.6448049],[1.4143493,42.6447928],[1.4143794,42.6447626],[1.4143992,42.6447521],[1.4144442,42.6447519],[1.4145142,42.6447322],[1.4145546,42.6447248],[1.4145713,42.6446926],[1.4145766,42.6446765],[1.4145783,42.6446145],[1.4145822,42.6446047],[1.4146175,42.6445629],[1.4146304,42.644537],[1.4146334,42.6445137],[1.414618,42.6444541],[1.4146245,42.644438],[1.4146272,42.6443832],[1.4146383,42.644378],[1.4146647,42.6443496],[1.41467,42.6443344],[1.4146581,42.6442776],[1.414672,42.6442589],[1.4146735,42.644249],[1.4146579,42.6441966],[1.4145989,42.6440825],[1.4145847,42.6440679],[1.4145558,42.6440521],[1.4145001,42.6440423],[1.4144931,42.6440287],[1.4144887,42.6440143],[1.4144994,42.6439776],[1.4145425,42.6439162],[1.4145586,42.6439065],[1.4146603,42.6438855],[1.4147193,42.6438657],[1.414732,42.6438443],[1.414742,42.6438364],[1.4147517,42.6438356],[1.4147617,42.6438268],[1.41478,42.6437821],[1.4147858,42.6437498],[1.4147907,42.6437463],[1.4148246,42.6437549],[1.4148214,42.6437369],[1.4148265,42.6437306],[1.4149226,42.6437348],[1.4149362,42.6437269],[1.4149979,42.6436513],[1.4150287,42.6435934],[1.4151197,42.6435201],[1.4151364,42.6434861],[1.4151477,42.6434755],[1.415206,42.643435],[1.4152254,42.6433939],[1.4152971,42.6433087],[1.4153193,42.6432991],[1.4154036,42.6432896],[1.415427,42.6432827],[1.4155077,42.6432237],[1.4155631,42.6432038],[1.4156451,42.6431888],[1.4157208,42.643181],[1.415761,42.6431816],[1.4158029,42.6431642],[1.4158483,42.6431064],[1.4158918,42.6430738],[1.4159431,42.6430242],[1.4159617,42.6430128],[1.4159788,42.6430103],[1.4160391,42.642942],[1.4160674,42.6429325],[1.4160913,42.6429059],[1.4161136,42.6428909],[1.4161274,42.6428768],[1.416138,42.6428454],[1.4162199,42.6427882],[1.4162941,42.6427021],[1.4163164,42.6426889],[1.4163397,42.6426848],[1.416364,42.6426869],[1.4163738,42.6426835],[1.4163718,42.6426691],[1.4163768,42.6426619],[1.4164603,42.6426389],[1.4165062,42.6426081],[1.4165574,42.6425612],[1.4165791,42.6425264],[1.4165865,42.6424762],[1.4166197,42.6423769],[1.4166189,42.6423598],[1.4165999,42.6423415],[1.4166028,42.6423245],[1.4166244,42.6422475],[1.4166586,42.6421535],[1.4166701,42.6421339],[1.4167283,42.6420979],[1.4167837,42.6420331],[1.4168154,42.6419868],[1.4169366,42.6419643],[1.4170386,42.6419766],[1.4170776,42.6419736],[1.4171046,42.6419668],[1.417117,42.641958],[1.4171248,42.6419392],[1.4171173,42.6418582],[1.41712,42.6418043],[1.417065,42.6417675],[1.4170507,42.6417097],[1.4170047,42.6416974],[1.4170001,42.6416874],[1.4170165,42.6416688],[1.4170221,42.641641],[1.4170228,42.641525],[1.4170281,42.6415107],[1.4170457,42.6414884],[1.4170644,42.6414734],[1.4170859,42.6414459],[1.417103,42.6413985],[1.4171024,42.6413751],[1.417091,42.641347],[1.4170805,42.6413289],[1.417058,42.641307],[1.4170572,42.6412917],[1.4170671,42.6412846],[1.4170799,42.6412623],[1.4170519,42.6412179],[1.4170479,42.6411836],[1.4170534,42.641163],[1.4170796,42.6411391],[1.4171632,42.6411098],[1.4171332,42.6409574],[1.4171499,42.640928],[1.4171487,42.6408794],[1.417142,42.6408577],[1.4171268,42.640835],[1.4170936,42.640803],[1.4170918,42.6407796],[1.4171022,42.6407555],[1.4171172,42.6407387],[1.4171758,42.6406901],[1.4171599,42.6406485],[1.4171611,42.6406026],[1.4171644,42.6405739],[1.4172004,42.6404566],[1.4172214,42.6404003],[1.4172524,42.6403378],[1.4173552,42.6401838],[1.4173656,42.6401614],[1.4173996,42.6401197],[1.417413,42.6400731],[1.4174204,42.6400247],[1.4174281,42.6400104],[1.417425,42.6399923],[1.4173968,42.6399542],[1.4173327,42.6398471],[1.4172677,42.6397742],[1.4171995,42.6396833],[1.4171647,42.639618],[1.4171436,42.6395898],[1.4171056,42.6395542],[1.4170466,42.6394823],[1.4169753,42.6394165],[1.4169034,42.639375],[1.416771,42.6393154],[1.4166108,42.6392043],[1.4165724,42.6391857],[1.4165299,42.6391788],[1.4164593,42.6391786],[1.4163653,42.6391853],[1.4163193,42.6391748],[1.4162674,42.6391569],[1.4162084,42.6391327],[1.4161556,42.6391049],[1.4161179,42.6391034],[1.4160261,42.6391183],[1.4159398,42.6391125],[1.4158829,42.6391],[1.4158455,42.6390886],[1.4158335,42.6390812],[1.4157958,42.639033],[1.4157844,42.6390032],[1.4157815,42.6389762],[1.4157895,42.6389511],[1.4158059,42.6389316],[1.4158245,42.6389192],[1.4158333,42.6389068],[1.4158363,42.6388879],[1.4158511,42.638881],[1.4158563,42.6388703],[1.4158518,42.6388558],[1.4158256,42.6388329],[1.4157915,42.6388342],[1.415781,42.6388179],[1.4157925,42.6387956],[1.4157763,42.6387657],[1.4157769,42.6387432],[1.4157958,42.6387201],[1.4158087,42.6386951],[1.4158134,42.6386106],[1.4158203,42.6385811],[1.4158405,42.6385535],[1.4158691,42.6385305],[1.4159831,42.6384612],[1.4160033,42.6384327],[1.4160039,42.638412],[1.4159973,42.638385],[1.4159683,42.6383342],[1.4159772,42.638319],[1.4159958,42.6383067],[1.4160213,42.6383098],[1.4160506,42.6383066],[1.4161601,42.638266],[1.4161967,42.6382647],[1.4162234,42.6382687],[1.4162493,42.6382565],[1.4162472,42.6381998],[1.4162311,42.6381618],[1.4161767,42.6380576],[1.4161344,42.6380012],[1.4161115,42.6379928],[1.4160848,42.6379915],[1.4160125,42.6380057],[1.4159643,42.6380311],[1.4159484,42.6380326],[1.4159401,42.6380253],[1.4159455,42.6380056],[1.4159857,42.6379631],[1.416008,42.6379481],[1.4160108,42.6379355],[1.4159873,42.637901],[1.4159574,42.6378808],[1.415964,42.6378638],[1.4160098,42.6378348],[1.4161084,42.6377931],[1.4161969,42.637763],[1.4162766,42.6377444],[1.4163435,42.637704],[1.4164034,42.6376941],[1.416433,42.637681],[1.4164628,42.6376608],[1.4164931,42.6376217],[1.4164999,42.6375957],[1.4164982,42.6375228],[1.4165049,42.6375004],[1.4165389,42.6374578],[1.416543,42.6373967],[1.416552,42.637378],[1.4165538,42.6373591],[1.4165217,42.6372849],[1.4165184,42.6372264],[1.4165096,42.6371921],[1.4165219,42.6371869],[1.4165246,42.6371761],[1.416512,42.6371472],[1.4165092,42.6371174],[1.4165277,42.6370638],[1.4165115,42.6369889],[1.416557,42.6369257],[1.4165262,42.6368039],[1.4165088,42.6367748],[1.4164907,42.6367656],[1.4164255,42.6367475],[1.4163966,42.6367336],[1.4163799,42.6367208],[1.416358,42.6366773],[1.4163143,42.6366694],[1.4162927,42.6366583],[1.4162696,42.6366562],[1.4162093,42.6366337],[1.4161977,42.6366147],[1.4161946,42.6365939],[1.4161977,42.6365706],[1.4161858,42.6365147],[1.4161897,42.6365057],[1.4162009,42.6364969],[1.416194,42.6364797],[1.4161694,42.6364452],[1.4161688,42.6364218],[1.4161791,42.6364031],[1.4162088,42.6363828],[1.4163468,42.6363696],[1.4163894,42.636372],[1.4164053,42.6363686],[1.4164141,42.636358],[1.4164,42.6363398],[1.4163834,42.6362775],[1.4163515,42.636242],[1.4163459,42.6362257],[1.4163433,42.6361861],[1.4163514,42.6361565],[1.4163164,42.6361434],[1.4163143,42.6361326],[1.4163417,42.6361096],[1.4163457,42.6360962],[1.4163319,42.6360672],[1.4163186,42.6360194],[1.4163163,42.6359681],[1.4163251,42.6359151],[1.4163556,42.635867],[1.4163764,42.6358188],[1.4164172,42.635752],[1.416431,42.6357378],[1.4164902,42.6357099],[1.4165246,42.6356987],[1.4166188,42.635638],[1.4166507,42.6356286],[1.4166838,42.6356228],[1.4167178,42.6356242],[1.4167623,42.6356456],[1.4167891,42.6356442],[1.4168149,42.6356355],[1.4168409,42.6356233],[1.416886,42.6355746],[1.4168942,42.6355441],[1.4168966,42.6354542],[1.4169032,42.6354363],[1.4169674,42.6353581],[1.4170344,42.6352216],[1.4170714,42.6351619],[1.4171371,42.6350756],[1.4171614,42.635031],[1.4171973,42.6349209],[1.4172199,42.6348044],[1.4172312,42.6347038],[1.4172389,42.6346886],[1.4173267,42.6346378],[1.417357,42.6345987],[1.4174574,42.6345786],[1.4175104,42.6345587],[1.417543,42.6345673],[1.4175601,42.6345639],[1.4175875,42.6345436],[1.4176001,42.6345258],[1.4176028,42.6344719],[1.417628,42.6344435],[1.4176613,42.6344269],[1.4176801,42.6344074],[1.4176817,42.6343913],[1.4176956,42.6343735],[1.4177281,42.6343452],[1.4177558,42.6342638],[1.4177784,42.6342398],[1.4177762,42.6342299],[1.41779,42.6342157],[1.4177921,42.6341852],[1.4177761,42.6341445],[1.4177801,42.634131],[1.4178025,42.6341134],[1.4178912,42.6340769],[1.4179469,42.6340463],[1.4179949,42.6340263],[1.4180234,42.634007],[1.4181232,42.6339221],[1.4181628,42.6338975],[1.4181879,42.63387],[1.4181984,42.6338405],[1.4181993,42.6338072],[1.418159,42.6337221],[1.4181298,42.6336776],[1.4180298,42.6335934],[1.4180303,42.6335754],[1.4180685,42.6335139],[1.418079,42.6334835],[1.418184,42.6334311],[1.418208,42.6334],[1.418254,42.6333171],[1.418295,42.6332898],[1.4183918,42.6332678],[1.4184128,42.6332556],[1.4184245,42.6332306],[1.4184395,42.6332146],[1.4185066,42.633167],[1.4185531,42.633156],[1.4185827,42.6331421],[1.4186004,42.6331208],[1.4186182,42.6330464],[1.4186323,42.6330223],[1.4186585,42.6329984],[1.4186863,42.6329611],[1.4188762,42.6327409],[1.41893,42.6327318],[1.4190347,42.6327324],[1.4190436,42.63272],[1.4190921,42.6326829],[1.4192395,42.6326356],[1.4192857,42.6326372],[1.4193128,42.6326268],[1.4194397,42.632528],[1.4195226,42.6324807],[1.4196056,42.6324261],[1.4197173,42.6323496],[1.4197684,42.6323072],[1.4197086,42.6322667],[1.4196819,42.6322627],[1.4196687,42.6322544],[1.4196358,42.6322099],[1.4196049,42.6321824],[1.4195497,42.6321528],[1.4194868,42.6321375],[1.41947,42.6321301],[1.4194383,42.6321287],[1.4194165,42.6321239],[1.4194058,42.6321157],[1.4193839,42.6320686],[1.419373,42.6320234],[1.4193696,42.6319703],[1.4193525,42.6319269],[1.4193189,42.6319066],[1.4192501,42.6318849],[1.4192158,42.6318467],[1.4192031,42.6318204],[1.4191467,42.6317908],[1.4191117,42.6317777],[1.4190704,42.6317744],[1.4189304,42.631775],[1.4188943,42.6317583],[1.418885,42.6317402],[1.4188984,42.6316064],[1.4188973,42.6315569],[1.4188896,42.631528],[1.418868,42.631516],[1.4188257,42.6315037],[1.4188042,42.6314872],[1.4188084,42.6314234],[1.418797,42.6313954],[1.4187776,42.6313888],[1.4187702,42.6313032],[1.4187377,42.6312461],[1.4187177,42.6311757],[1.4187072,42.6311117],[1.4186954,42.6309649],[1.4186907,42.6307796],[1.4186823,42.6306833],[1.4187104,42.630547],[1.418743,42.6304657],[1.4188164,42.6303202],[1.4188696,42.6302427],[1.4190848,42.6299869],[1.4191232,42.6299165],[1.4191392,42.6298655],[1.4191769,42.6297779],[1.4193131,42.6296064],[1.4194962,42.6293636],[1.4195955,42.6292508],[1.419698,42.6291085],[1.4198403,42.6287986],[1.419898,42.6286492],[1.4199616,42.6282779],[1.4200094,42.628088],[1.420007,42.6277714],[1.4199715,42.6275092],[1.4199732,42.6274004],[1.4199653,42.6272879],[1.4199666,42.6272403],[1.4199774,42.6271568],[1.4199881,42.6271219],[1.420016,42.6270809],[1.4201168,42.6270006],[1.4202237,42.6268286],[1.4202859,42.6267801],[1.4203161,42.6267446],[1.4203847,42.6266844],[1.4203928,42.6266558],[1.4203757,42.6265665],[1.4203427,42.6264815],[1.4203435,42.6264509],[1.4203519,42.6264142],[1.4203466,42.6263835],[1.4203722,42.6263363],[1.4203718,42.6263075],[1.420363,42.6262714],[1.420367,42.626213],[1.4203497,42.6261336],[1.42026,42.6259848],[1.4202585,42.6259479],[1.4202928,42.6258081],[1.4203609,42.6253613],[1.4203885,42.6252844],[1.4204187,42.6250708],[1.4204196,42.6249477],[1.4204287,42.6249244],[1.4204725,42.6248837],[1.4205877,42.6248117],[1.420632,42.6247925],[1.4206687,42.6247859],[1.4207437,42.6247591],[1.4207723,42.6247362],[1.4208342,42.6246562],[1.4208628,42.624635],[1.4209048,42.6246122],[1.4209994,42.6245795],[1.4210366,42.6245566],[1.4210623,42.6245489],[1.4211528,42.6245368],[1.4211958,42.6245212],[1.4212698,42.6244863],[1.4213298,42.6244746],[1.4213691,42.6244617],[1.4214546,42.6244522],[1.4214922,42.6244564],[1.4215373,42.6244561],[1.4215911,42.624447],[1.4217289,42.624396],[1.421814,42.6243568],[1.4219319,42.6243172],[1.4219997,42.6242858],[1.422091,42.6241963],[1.422113,42.6241958],[1.4221293,42.6241771],[1.4221387,42.624144],[1.4221325,42.6241034],[1.4221763,42.6240618],[1.4221968,42.6240225],[1.4222348,42.6239691],[1.4222442,42.623936],[1.4222732,42.6238987],[1.4223583,42.6238604],[1.4223823,42.6238292],[1.4223917,42.6237934],[1.4224032,42.6237756],[1.4224207,42.6237597],[1.4224217,42.6237201],[1.4224647,42.6236641],[1.4224707,42.6236219],[1.4224686,42.6235626],[1.4224742,42.6235375],[1.4224904,42.6235215],[1.4225032,42.6234983],[1.4225197,42.6234293],[1.4225574,42.6233876],[1.4225652,42.6233689],[1.4225754,42.6233043],[1.4225577,42.6232851],[1.4225313,42.6232721],[1.4225183,42.6232558],[1.422587,42.623148],[1.4226127,42.623098],[1.4226295,42.6230614],[1.4226432,42.6230067],[1.4226573,42.6229791],[1.4226873,42.6229507],[1.422733,42.6229262],[1.4228162,42.6229131],[1.4228685,42.6229138],[1.4229028,42.6229062],[1.4229216,42.6228858],[1.4229292,42.6228311],[1.4229417,42.6228169],[1.4230047,42.6227837],[1.4230211,42.6227632],[1.4230447,42.6227474],[1.4230852,42.6227336],[1.4231235,42.6227126],[1.4231666,42.6226979],[1.4232443,42.6226595],[1.4233218,42.6226292],[1.4233682,42.6225804],[1.4234199,42.6225605],[1.4234375,42.6225383],[1.423462,42.6224874],[1.4234843,42.6224733],[1.4235034,42.622443],[1.4235133,42.6223946],[1.4235259,42.6223777],[1.4235653,42.6223594],[1.4236174,42.6223269],[1.4236447,42.6222608],[1.4236561,42.6222447],[1.4236883,42.6222263],[1.423696,42.6222094],[1.4236991,42.6221851],[1.4237184,42.6221476],[1.4237421,42.6221264],[1.4237853,42.6221064],[1.4238241,42.6220656],[1.4239053,42.6220803],[1.4240149,42.6220792],[1.4240781,42.6220846],[1.4241556,42.622101],[1.4242341,42.6221229],[1.424261,42.6221197],[1.4243048,42.6221212],[1.4243557,42.6221274],[1.4244708,42.6221506],[1.4245036,42.6221529],[1.4245651,42.6221296],[1.424675,42.6220718],[1.4247267,42.6220519],[1.4248163,42.6220253],[1.4248758,42.6220325],[1.4249442,42.6220236],[1.4250131,42.6219986],[1.4250476,42.621982],[1.4250869,42.6219709],[1.4251947,42.6219923],[1.4252228,42.6219873],[1.4252529,42.6219985],[1.4252748,42.6219988],[1.4253524,42.6219685],[1.4253945,42.6219403],[1.4254605,42.6218883],[1.4254956,42.6218501],[1.4255354,42.6218192],[1.4255588,42.621807],[1.4255679,42.6217873],[1.4256142,42.6217404],[1.4256609,42.6217267],[1.4256991,42.6217092],[1.4257229,42.6216826],[1.4257199,42.6216583],[1.4257266,42.6216368],[1.4257468,42.621611],[1.4257792,42.6215818],[1.4258394,42.621562],[1.4259124,42.62152],[1.4259868,42.621468],[1.4260555,42.6214492],[1.4260848,42.621447],[1.4261228,42.6214376],[1.4261622,42.6214202],[1.4261922,42.6213937],[1.4262076,42.6213624],[1.4262496,42.6213433],[1.4263442,42.6213114],[1.4265196,42.6212636],[1.4265996,42.6212315],[1.4267593,42.621179],[1.4269805,42.6211472],[1.4271144,42.6211051],[1.4271778,42.6211007],[1.4272271,42.6210789],[1.4273315,42.6210445],[1.4273988,42.6210329],[1.4274406,42.6210191],[1.4275481,42.6210027],[1.427618,42.6209857],[1.4276757,42.6209668],[1.4276944,42.6209518],[1.427751,42.620931],[1.4277733,42.620917],[1.4277966,42.6209092],[1.4278439,42.6209162],[1.4279193,42.6208751],[1.4279258,42.6208608],[1.4280126,42.6208468],[1.4282587,42.6208405],[1.4283236,42.6208289],[1.4282383,42.6207395],[1.4281833,42.6207009],[1.4281572,42.6206754],[1.4280485,42.6205542],[1.4280124,42.6205365],[1.4279184,42.6205019],[1.4278933,42.6204826],[1.427871,42.6204526],[1.427854,42.6204074],[1.4278513,42.6203696],[1.4278564,42.6202708],[1.4278684,42.6202332],[1.427892,42.6202165],[1.4279084,42.6201942],[1.4279152,42.62017],[1.4279115,42.6201241],[1.4279299,42.620074],[1.4279402,42.6200103],[1.4279545,42.6199746],[1.4279785,42.6199453],[1.4279958,42.6199329],[1.427995,42.6199194],[1.4279619,42.6198812],[1.4279491,42.6198153],[1.4279548,42.6197822],[1.427956,42.61965],[1.4280028,42.6194942],[1.4280388,42.6194237],[1.4280705,42.6193325],[1.4280955,42.6191728],[1.4280989,42.619046],[1.4281558,42.6189201],[1.4285652,42.6184594],[1.4288842,42.6181862],[1.4291738,42.6179675],[1.4292732,42.6179375],[1.4293814,42.6178977],[1.4294984,42.6178491],[1.429729,42.617741],[1.4298626,42.6176629],[1.4299354,42.6176271],[1.4300203,42.6175924],[1.4300508,42.6175892],[1.4300853,42.6175762],[1.4301077,42.6175586],[1.4302408,42.6174967],[1.4303302,42.6174773],[1.4306243,42.617452],[1.4306649,42.6174364],[1.4306483,42.617375],[1.4306457,42.6173354],[1.4306108,42.6172297],[1.4306094,42.6171919],[1.4306299,42.6170168],[1.4306249,42.6169763],[1.4306281,42.6169494],[1.4306518,42.6168364],[1.4306368,42.6168065],[1.4306131,42.6167819],[1.430576,42.6167589],[1.4304905,42.6167225],[1.4304132,42.6167016],[1.4303831,42.6166868],[1.430368,42.6166623],[1.4303712,42.6165859],[1.4303659,42.616513],[1.43032,42.6164539],[1.4302703,42.6164028],[1.4301953,42.6163369],[1.4301706,42.6163051],[1.4301666,42.6162745],[1.4301687,42.6162403],[1.430199,42.6162003],[1.430289,42.6161153],[1.4303008,42.6160813],[1.4303017,42.616049],[1.4302917,42.6160128],[1.4302606,42.6159458],[1.4301559,42.6158103],[1.4301263,42.6157802],[1.4300665,42.6157425],[1.4300368,42.6157133],[1.4299779,42.6156387],[1.429902,42.6155638],[1.429767,42.6154683],[1.4297447,42.6154383],[1.4297277,42.6153904],[1.4296974,42.6153405],[1.4296935,42.6153063],[1.4297084,42.6152489],[1.4297402,42.6152],[1.4297698,42.6151392],[1.4297836,42.615081],[1.4297788,42.6150324],[1.4297603,42.6149934],[1.4297117,42.6149469],[1.4296521,42.6148983],[1.4295505,42.6148285],[1.4294366,42.6147639],[1.4293864,42.6147281],[1.4291588,42.6144999],[1.4291103,42.6144048],[1.4290944,42.6143173],[1.4290916,42.6141923],[1.4290811,42.6140402],[1.4290839,42.6139818],[1.4290959,42.6139442],[1.4291495,42.6138982],[1.4292424,42.6138384],[1.4293409,42.6137527],[1.4293767,42.6136426],[1.4293736,42.6136228],[1.4293606,42.6136073],[1.4292806,42.6135486],[1.4292677,42.6135304],[1.4292588,42.6134556],[1.4292635,42.6133271],[1.4292545,42.6133],[1.4292309,42.6132718],[1.4292321,42.6131801],[1.4292021,42.6131194],[1.4291955,42.6130941],[1.4291919,42.6130455],[1.4291982,42.6129916],[1.4291929,42.6129646],[1.4291849,42.6129447],[1.4291624,42.6129219],[1.4291591,42.6129065],[1.4291795,42.6128304],[1.4292359,42.6127674],[1.429265,42.6126815],[1.4292991,42.6126379],[1.4292904,42.6126],[1.4292935,42.6125273],[1.4293001,42.6125103],[1.4293265,42.6124783],[1.4293427,42.6124659],[1.4293598,42.6124608],[1.4294036,42.612465],[1.4294244,42.612459],[1.4294406,42.6124467],[1.429457,42.6124227],[1.4294675,42.6123949],[1.429472,42.6123662],[1.4294628,42.6122995],[1.42944,42.6122408],[1.4294484,42.6122031],[1.4294589,42.6121727],[1.4295236,42.6121215],[1.4295752,42.6120593],[1.4295867,42.6120397],[1.4295931,42.6119813],[1.4296067,42.6119294],[1.4296129,42.6118791],[1.4296311,42.611838],[1.4296732,42.611809],[1.4297064,42.6117978],[1.4298154,42.6117751],[1.4298719,42.6117561],[1.4300002,42.6116924],[1.4300512,42.6116527],[1.4301645,42.6116031],[1.4304488,42.6115335],[1.430521,42.6115202],[1.4308766,42.6114688],[1.4309499,42.6113709],[1.4309629,42.6113405],[1.4309683,42.6111842],[1.4309874,42.6111503],[1.430983,42.6111331],[1.4309906,42.6110766],[1.431012,42.6110508],[1.4310757,42.6109924],[1.431116,42.6109426],[1.4311339,42.6109096],[1.4311458,42.6108289],[1.4311621,42.610812],[1.4311905,42.6107963],[1.4312643,42.6107686],[1.4313116,42.6107288],[1.4315237,42.6106303],[1.4315633,42.6106057],[1.4315795,42.6105898],[1.4316282,42.6105896],[1.4316529,42.6105774],[1.4317008,42.6105187],[1.4317518,42.6104322],[1.4317635,42.6104027],[1.4318003,42.6103484],[1.4318242,42.6103209],[1.4318592,42.6102845],[1.4319185,42.6102521],[1.4319483,42.6102301],[1.4320585,42.6101157],[1.4321058,42.6100768],[1.4321393,42.6100558],[1.4321768,42.6100185],[1.4321934,42.6099882],[1.4322144,42.6099337],[1.4322196,42.6098312],[1.4322545,42.6097553],[1.4322967,42.6096795],[1.4323751,42.6096168],[1.4323964,42.6095919],[1.432408,42.6095678],[1.4323936,42.6095173],[1.432382,42.6094946],[1.4323904,42.6094534],[1.4323897,42.6094363],[1.4323816,42.6094173],[1.4323887,42.6093796],[1.4324298,42.6093452],[1.4324607,42.6093276],[1.4325209,42.6093105],[1.4325394,42.6093],[1.432552,42.6092822],[1.4325564,42.6092112],[1.4325776,42.6091918],[1.4325905,42.6091659],[1.4325862,42.6091451],[1.43256,42.6091232],[1.432551,42.6090952],[1.4325516,42.6090709],[1.432573,42.609002],[1.4325856,42.6089842],[1.4326444,42.6089275],[1.4327129,42.6088691],[1.4327474,42.6088526],[1.4327691,42.6088169],[1.4328411,42.6087649],[1.4328998,42.6087091],[1.4329051,42.608693],[1.4328851,42.6086666],[1.4328951,42.6086569],[1.4329284,42.6086394],[1.4329264,42.608625],[1.4329479,42.6085929],[1.4330207,42.6085131],[1.4330449,42.6084712],[1.4330432,42.608446],[1.433026,42.6084061],[1.4330187,42.608362],[1.4330279,42.6083369],[1.4330173,42.6083224],[1.4330119,42.6082971],[1.4330237,42.6082631],[1.4330182,42.6082433],[1.4329842,42.608196],[1.4329839,42.6081618],[1.4330243,42.6080599],[1.4330829,42.6079646],[1.4331365,42.6079159],[1.433253,42.6077935],[1.4332835,42.6077463],[1.4332818,42.6077193],[1.4332389,42.6076414],[1.4332346,42.6076188],[1.4331951,42.6073233],[1.4331998,42.6071939],[1.4332106,42.6071536],[1.4332261,42.6071214],[1.4332623,42.6070878],[1.4332837,42.6070602],[1.4333492,42.6069326],[1.4333892,42.6068927],[1.4334583,42.6068128],[1.4334844,42.6067934],[1.4335211,42.6067868],[1.4336209,42.6067882],[1.4336479,42.6067787],[1.4336635,42.606743],[1.4336921,42.6067218],[1.4337312,42.6067152],[1.4337822,42.6067204],[1.4338272,42.6067193],[1.4338531,42.6067062],[1.4338644,42.6066947],[1.4338697,42.6066777],[1.4338606,42.6066568],[1.4338345,42.6066295],[1.4338302,42.6066078],[1.4338356,42.6065899],[1.4338724,42.606577],[1.4339764,42.6065605],[1.4340013,42.6065375],[1.434026,42.6065262],[1.4341541,42.6065128],[1.4341764,42.6065005],[1.4342683,42.6064758],[1.4343066,42.6064575],[1.4343512,42.6064258],[1.4345579,42.6063011],[1.434691,42.6062824],[1.4347271,42.606255],[1.4347609,42.6062204],[1.4347954,42.6062048],[1.4348641,42.6061851],[1.4349664,42.6061803],[1.4349802,42.606167],[1.4349777,42.6061256],[1.4350272,42.6060931],[1.4350267,42.6060679],[1.4350461,42.606025],[1.43506,42.6060063],[1.4350761,42.6059967],[1.4350895,42.6059951],[1.4351117,42.6059837],[1.435134,42.6059678],[1.4351457,42.605941],[1.4351347,42.6058986],[1.4351411,42.6058852],[1.4351585,42.6058711],[1.4352116,42.6058431],[1.4352473,42.6058301],[1.4353327,42.6058215],[1.4353544,42.6058308],[1.4353823,42.6058348],[1.4354102,42.6058361],[1.4354493,42.6058322],[1.4355293,42.6057992],[1.4355834,42.6056894],[1.4356226,42.6056333],[1.4356779,42.6055703],[1.4356999,42.6055184],[1.4356866,42.6054724],[1.4356485,42.6053936],[1.4355766,42.605308],[1.4355408,42.6052805],[1.4355218,42.6052604],[1.4355176,42.605237],[1.4355258,42.6052039],[1.4355451,42.6051655],[1.4355814,42.6051264],[1.435613,42.6050837],[1.4356554,42.6050457],[1.435688,42.6050093],[1.4357614,42.6049079],[1.4360364,42.6045918],[1.4361417,42.6044333],[1.4361943,42.6043783],[1.4362404,42.6043385],[1.4362937,42.6043015],[1.4363605,42.6042629],[1.4364294,42.6042361],[1.4365114,42.6042166],[1.4366165,42.604201],[1.4366388,42.6041861],[1.4366455,42.6041655],[1.4366454,42.6041223],[1.4366397,42.6041087],[1.4366384,42.6040647],[1.436652,42.6040136],[1.4366901,42.6039099],[1.436717,42.6038599],[1.4368135,42.6037552],[1.4368388,42.6037187],[1.4368593,42.6036803],[1.4368976,42.6035676],[1.4369292,42.6035267],[1.4369916,42.6034692],[1.4370449,42.6034322],[1.437089,42.6034229],[1.4371283,42.6034091],[1.4371886,42.603383],[1.4372604,42.6033409],[1.4373084,42.6033182],[1.4374643,42.6032711],[1.4375038,42.6032483],[1.4375789,42.6031289],[1.4376107,42.6030304],[1.4376596,42.6030222],[1.4376821,42.6030009],[1.4377985,42.6029253],[1.4378222,42.6029049],[1.4378753,42.6028778],[1.4379093,42.6028792],[1.4379254,42.6028678],[1.4379345,42.602849],[1.4379427,42.6028608],[1.4379691,42.6028738],[1.4379888,42.6028642],[1.4380112,42.6028466],[1.438054,42.6028391],[1.4380843,42.6028458],[1.4381177,42.6028715],[1.4381612,42.6028811],[1.4382303,42.6028929],[1.4383069,42.6028967],[1.4383833,42.6029077],[1.4385925,42.6029558],[1.4386376,42.6029546],[1.4386655,42.6029577],[1.4386644,42.603],[1.4386761,42.6030154],[1.4386853,42.6030389],[1.438709,42.6030627],[1.4387558,42.6030849],[1.4387803,42.6030799],[1.4388083,42.6030803],[1.4388397,42.6030889],[1.4388725,42.6030929],[1.43896,42.6030987],[1.4389951,42.6031055],[1.4390378,42.6031025],[1.4390814,42.6031086],[1.4392322,42.6031575],[1.4392719,42.6031752],[1.4393089,42.6032054],[1.4393713,42.6032369],[1.4394038,42.6032518],[1.4394365,42.6032585],[1.4394669,42.6032599],[1.4395153,42.6032687],[1.4395862,42.603258],[1.4396251,42.6032604],[1.4397596,42.6032821],[1.4398224,42.6032992],[1.4398601,42.6033034],[1.4399593,42.6033255],[1.4399979,42.6033378],[1.4401057,42.6033573],[1.4402045,42.6033965],[1.4402928,42.6034158],[1.4403111,42.6034152],[1.440348,42.6034004],[1.4403748,42.6034008],[1.4404001,42.6034084],[1.4404623,42.6034506],[1.44049,42.60346],[1.4405725,42.6034702],[1.4406798,42.6035096],[1.440729,42.6035346],[1.4408117,42.6035376],[1.4408795,42.6035511],[1.4409051,42.6035515],[1.4409702,42.6035758],[1.4410428,42.6035922],[1.4410805,42.6035918],[1.4412043,42.6036053],[1.4412651,42.6036062],[1.4413695,42.6036176],[1.4413912,42.603626],[1.441468,42.6036218],[1.4415577,42.6036339],[1.441749,42.6036744],[1.4417985,42.6036886],[1.4418901,42.6037232],[1.4419554,42.6037368],[1.4420076,42.603742],[1.4420284,42.6037396],[1.442091,42.6037208],[1.4421202,42.6037221],[1.4421856,42.6037338],[1.4422504,42.6037204],[1.4422822,42.6037173],[1.4431142,42.6034837],[1.4454317,42.6035469],[1.4468479,42.603768],[1.4483928,42.6035785],[1.4506673,42.6023465],[1.4540147,42.6026624],[1.4561176,42.601999],[1.4588213,42.6033258],[1.4595079,42.6046209],[1.461482,42.6056317],[1.463263,42.6055843],[1.4639067,42.6067688],[1.4645934,42.6069425],[1.4658808,42.6068003],[1.4672112,42.6065003],[1.4690137,42.6064845],[1.4704728,42.6089324],[1.4728117,42.6100221],[1.474936,42.6116329],[1.4748716,42.6121856],[1.4755797,42.6128331],[1.4765024,42.6130699],[1.4775109,42.6145543],[1.475966,42.6164019],[1.4750004,42.6180283],[1.47367,42.6218968],[1.4727687,42.6224968],[1.4722538,42.6236336],[1.471095,42.624802],[1.4705801,42.6261914],[1.471138,42.6282754],[1.4709663,42.6292859],[1.468048,42.631054],[1.4692496,42.6335168],[1.4700221,42.6358531],[1.4717387,42.636674],[1.4769744,42.6403993],[1.4778327,42.643493],[1.4772319,42.6441243],[1.4769744,42.644882],[1.478691,42.6483542],[1.4785194,42.6506269],[1.4787768,42.6515107],[1.480236,42.6511951],[1.4856433,42.6517001],[1.4941405,42.653152],[1.4972304,42.6491749],[1.4992904,42.6460815],[1.5008353,42.6456396],[1.5065002,42.645387],[1.51165,42.6461446],[1.5158557,42.6459552],[1.5183448,42.6452608],[1.5206622,42.6465866],[1.5216922,42.6482911],[1.5247821,42.6503744],[1.5284728,42.6518263],[1.5316486,42.6509425],[1.5331077,42.6498694],[1.5359401,42.6506269],[1.5382575,42.6525839],[1.5417766,42.6534676],[1.5452098,42.6545407],[1.5494155,42.6559926],[1.5501021,42.655172],[1.5543079,42.653657],[1.5580844,42.6522051],[1.5597152,42.6532782],[1.5615176,42.6535307],[1.5649509,42.6525839],[1.56641,42.6508794],[1.5682983,42.6483542],[1.5703582,42.6481017],[1.5724181,42.6469654],[1.5743922,42.6471547],[1.5757655,42.6461446],[1.5760231,42.6425144],[1.5783405,42.6416936],[1.5802288,42.6368949],[1.5847778,42.6337693],[1.5858507,42.6333904],[1.5866231,42.6337377],[1.5893697,42.6335167],[1.5937471,42.6328537],[1.5968585,42.6301857],[1.6003132,42.6258914],[1.6022444,42.6254967],[1.6037464,42.6257335],[1.6047764,42.6267282],[1.6064501,42.6273913],[1.6080379,42.6284333],[1.6085529,42.6284175],[1.6095399,42.6286543],[1.6106128,42.6275176],[1.6112995,42.6267598],[1.6125011,42.6267598],[1.6162347,42.6267914],[1.6168356,42.6267914],[1.6173935,42.626223],[1.618638,42.6258125],[1.619625,42.6258756],[1.6222858,42.6275176],[1.6237878,42.627044],[1.625719,42.6267282],[1.6285944,42.6266966],[1.6297102,42.6270755],[1.6305685,42.6278965],[1.6370916,42.6302646],[1.6383361,42.6285596],[1.6393232,42.6282123],[1.6418981,42.6284649],[1.6483783,42.6273281],[1.6528844,42.6264756],[1.6551589,42.6244231],[1.6554164,42.6226548],[1.6579055,42.621139],[1.6597938,42.6206969],[1.661682,42.6196232],[1.6639995,42.619181],[1.6649436,42.6203179],[1.6662311,42.6213916],[1.6683768,42.6215811],[1.6704368,42.6216442],[1.6726684,42.6210758],[1.674385,42.6221495],[1.6782474,42.6224653],[1.680479,42.624802],[1.6834402,42.6249599],[1.6861867,42.624202],[1.6888904,42.6238231],[1.6906499,42.6233179],[1.6920661,42.62196],[1.6944694,42.6225916],[1.6964864,42.6224653],[1.6983747,42.6228442],[1.7009925,42.6222126],[1.7043399,42.6198126],[1.7077732,42.6183283],[1.7130518,42.6150439],[1.7153692,42.6145701],[1.7189741,42.6150755],[1.7209482,42.6156755],[1.723051,42.6167493],[1.7302608,42.6146333],[1.7320633,42.614728],[1.7330932,42.615486],[1.7349386,42.6174757],[1.7360115,42.617823],[1.736226,42.6157703],[1.7384147,42.6119172],[1.734209,42.608127],[1.7333507,42.603389],[1.7301749,42.6006723],[1.7276,42.600925],[1.7272567,42.592269],[1.7263984,42.5918266],[1.7269134,42.5892359],[1.7276,42.5884144],[1.7308616,42.5878457],[1.7339515,42.5884776],[1.7364406,42.5880352],[1.7418479,42.5877825],[1.7487144,42.5851915],[1.7502593,42.5848124],[1.7536067,42.5829797],[1.755495,42.5829165],[1.7602157,42.5810206],[1.7681121,42.5801358],[1.7809867,42.5824741],[1.7831325,42.5800093],[1.784892,42.575364],[1.7867374,42.5744791],[1.7857074,42.573373],[1.7850208,42.5732782],[1.7850637,42.5724565],[1.7841625,42.5720772],[1.7824029,42.5716032],[1.781845,42.5706234],[1.7809867,42.570339],[1.7800855,42.5698333],[1.7787122,42.5688851],[1.7775964,42.5687903],[1.7772531,42.5682846],[1.776309,42.5678105],[1.7749786,42.567937],[1.7749786,42.5672416],[1.7740774,42.5666411],[1.7727899,42.566167],[1.7715025,42.5661354],[1.7710304,42.5664515],[1.7708587,42.5657561],[1.7701292,42.5654084],[1.7691421,42.5648079],[1.7678976,42.5643654],[1.7674255,42.5649027],[1.7657518,42.5650923],[1.765666,42.5655032],[1.7650222,42.5653768],[1.7642927,42.5655981],[1.7633915,42.5653452],[1.7622327,42.5650923],[1.7616319,42.5653136],[1.7606449,42.5652504],[1.7594862,42.5653452],[1.758542,42.5649975],[1.757512,42.5649659],[1.7563104,42.5648079],[1.7556667,42.565124],[1.7540788,42.5648079],[1.7527484,42.5643654],[1.7513322,42.5640809],[1.7502594,42.5641441],[1.7495727,42.5631326],[1.7484569,42.5631326],[1.746869,42.5624373],[1.746869,42.5619631],[1.7449593,42.5610069],[1.7451632,42.5606513],[1.7451203,42.5604695],[1.7448842,42.5601772],[1.7445409,42.5601297],[1.7442083,42.5598294],[1.7438006,42.5595687],[1.7436826,42.5593237],[1.7432964,42.559055],[1.7432856,42.5586915],[1.743232,42.5585571],[1.7429101,42.5584465],[1.7428994,42.558241],[1.7421591,42.5582489],[1.7419338,42.5574744],[1.7414617,42.5574745],[1.7408609,42.5570319],[1.739788,42.5567474],[1.7400026,42.5561784],[1.7395305,42.5558939],[1.7388868,42.5556093],[1.7388654,42.5551194],[1.7383289,42.5545345],[1.738007,42.5542184],[1.7382002,42.5539655],[1.7385006,42.5535703],[1.7379641,42.5528274],[1.7374921,42.5521161],[1.7369127,42.5517683],[1.7369985,42.5511202],[1.7368269,42.5509147],[1.736269,42.550646],[1.7360329,42.5503457],[1.7353892,42.5498714],[1.7349386,42.5499821],[1.7345094,42.5490336],[1.7348313,42.5484171],[1.7348099,42.5477532],[1.7348957,42.5474528],[1.7352175,42.5470892],[1.7356467,42.5464332],[1.7354965,42.5459668],[1.735636,42.5449946],[1.7351532,42.544378],[1.7351425,42.544054],[1.7352176,42.5439828],[1.7352497,42.543801],[1.7356038,42.5435085],[1.7357004,42.543303],[1.7356467,42.5429789],[1.7355287,42.5427734],[1.7352283,42.5427023],[1.734606,42.5421805],[1.734209,42.5419434],[1.7340374,42.5414138],[1.7340159,42.5409553],[1.734209,42.5407656],[1.7344451,42.5405284],[1.7343378,42.5399276],[1.7341447,42.5394375],[1.7339945,42.5391371],[1.7335439,42.5389158],[1.733458,42.5385363],[1.7335653,42.5381569],[1.7338228,42.5379513],[1.7338657,42.53773],[1.7336511,42.5375086],[1.733737,42.5371924],[1.7339945,42.5370343],[1.734209,42.5368288],[1.7344451,42.5365126],[1.7342734,42.5362122],[1.7344022,42.5358485],[1.7342734,42.5352319],[1.7344022,42.5346943],[1.7346811,42.5340618],[1.7348528,42.5336823],[1.734488,42.5332238],[1.7343163,42.5326387],[1.7336297,42.5322434],[1.7337799,42.5319746],[1.7333936,42.531184],[1.7330932,42.5307887],[1.7332005,42.5304092],[1.7336511,42.5279108],[1.7333078,42.5276894],[1.7327499,42.5276894],[1.7318487,42.5289545],[1.7314195,42.5289545],[1.7312049,42.5276894],[1.73069,42.5269936],[1.73069,42.5264243],[1.7297887,42.5260132],[1.7290163,42.5251276],[1.7288446,42.5223127],[1.7299175,42.5203516],[1.7279863,42.5194976],[1.7275571,42.5186119],[1.7266988,42.5184854],[1.7254543,42.5188966],[1.7237377,42.5183273],[1.7224502,42.517663],[1.7241239,42.5161763],[1.7253255,42.5156069],[1.7257118,42.514911],[1.7259693,42.5122538],[1.7262268,42.5107037],[1.7257547,42.5083626],[1.7256594,42.5046764],[1.7255577,42.5045282],[1.7255613,42.5043502],[1.72566,42.5041204],[1.7257206,42.5039125],[1.7256804,42.5036672],[1.725771,42.5033879],[1.7258227,42.5029567],[1.7259003,42.5027075],[1.7262031,42.5023585],[1.7263549,42.5021167],[1.7264899,42.5017793],[1.7265911,42.5015713],[1.7266477,42.5013887],[1.7267157,42.5012061],[1.7268736,42.5010393],[1.7273633,42.5005789],[1.7275945,42.500518],[1.7277447,42.5004245],[1.7278189,42.5003558],[1.7279764,42.5000071],[1.7279958,42.4997903],[1.7281671,42.4996838],[1.7281975,42.4994838],[1.7283379,42.4994158],[1.7283353,42.4991766],[1.7284205,42.4990524],[1.7285781,42.4988817],[1.7285996,42.498562],[1.7287318,42.4983196],[1.728642,42.4981397],[1.7286735,42.4980112],[1.7288859,42.4977891],[1.7289424,42.4974724],[1.7288524,42.4970226],[1.7287646,42.4969116],[1.728988,42.4966442],[1.7290464,42.4965475],[1.7290105,42.4964609],[1.7290538,42.4963668],[1.7290275,42.4961806],[1.7290164,42.4957989],[1.7291611,42.495706],[1.7292776,42.4955209],[1.7293622,42.4954272],[1.7293906,42.4953246],[1.7295377,42.4952451],[1.7296272,42.4951492],[1.7297189,42.4950779],[1.7299002,42.4950327],[1.7299436,42.494933],[1.7299612,42.494787],[1.7300431,42.4946587],[1.7299799,42.4944355],[1.7299603,42.4942934],[1.7300389,42.4941436],[1.7300724,42.4939525],[1.7302349,42.4937906],[1.7303835,42.4934386],[1.7303592,42.4930257],[1.7303777,42.492796],[1.7301008,42.4923892],[1.7304085,42.4923874],[1.7306466,42.4924437],[1.7309794,42.4925594],[1.7313395,42.4926286],[1.7317141,42.4926911],[1.7318716,42.4927305],[1.7321265,42.4927787],[1.7322743,42.4928128],[1.7324257,42.4928517],[1.7326858,42.4929584],[1.7330843,42.4930065],[1.7333722,42.4930928],[1.7334799,42.4931353],[1.7336481,42.4931493],[1.7337744,42.4931786],[1.7339101,42.493205],[1.7340866,42.4932069],[1.7344975,42.4933348],[1.7346229,42.4933911],[1.7347305,42.4934335],[1.7348707,42.4934523],[1.7350426,42.4935179],[1.7351349,42.4936024],[1.735139,42.4936825],[1.7353808,42.4937387],[1.7355439,42.4936825],[1.7356788,42.4936712],[1.7357913,42.4936319],[1.73587,42.4935869],[1.7360091,42.4935977],[1.7361718,42.4936277],[1.7363413,42.4936177],[1.7366326,42.493516],[1.7367753,42.4935531],[1.7370227,42.4936544],[1.7371099,42.4937733],[1.7372362,42.4938026],[1.7374161,42.49386],[1.7375063,42.493958],[1.7375963,42.4941267],[1.737675,42.4942054],[1.7378212,42.4943066],[1.7379505,42.4943572],[1.7380086,42.4944324],[1.7381811,42.4944809],[1.7383515,42.4944662],[1.7384679,42.4945147],[1.7385635,42.4945428],[1.7386592,42.4945216],[1.7387683,42.4945237],[1.7389211,42.494491],[1.7392069,42.4944649],[1.7393351,42.4944404],[1.7395048,42.4944238],[1.7398402,42.4944042],[1.7399674,42.4944067],[1.7401227,42.4944007],[1.7403772,42.4944056],[1.7406572,42.4944013],[1.740764,42.4944182],[1.7409195,42.4944528],[1.7410103,42.4945071],[1.7410955,42.494572],[1.7412751,42.4946102],[1.7413754,42.4945937],[1.7415027,42.4945961],[1.7416381,42.4945475],[1.7417653,42.4945499],[1.7419336,42.4945757],[1.7422165,42.4946113],[1.7423802,42.4946112],[1.7425488,42.4946299],[1.7426913,42.4946535],[1.7430458,42.4946693],[1.7431912,42.4946721],[1.7433318,42.4946047],[1.7434422,42.4945375],[1.7435689,42.4945535],[1.7437134,42.4945832],[1.7439679,42.4945881],[1.7441437,42.4946175],[1.7442315,42.4946946],[1.7444789,42.4948577],[1.744597,42.4948746],[1.7449231,42.4948802],[1.7451573,42.4949071],[1.7454262,42.4949515],[1.7455334,42.4950074],[1.7456373,42.495077],[1.7458754,42.4951975],[1.7459625,42.495286],[1.7460692,42.4953554],[1.7461546,42.4954762],[1.7462671,42.49551],[1.7464139,42.4955233],[1.7466403,42.4955622],[1.7467925,42.4955747],[1.7469418,42.4955268],[1.7470543,42.4954537],[1.7472663,42.4954009],[1.7474873,42.4953244],[1.7476447,42.495285],[1.7477637,42.4952754],[1.7479298,42.4952784],[1.7480886,42.4952328],[1.7483938,42.4950865],[1.7485812,42.4949286],[1.7487677,42.4947976],[1.7488801,42.4947055],[1.7490519,42.4946352],[1.7492073,42.4945496],[1.7495453,42.4944247],[1.7495576,42.4943198],[1.749686,42.4942176],[1.7498754,42.4941131],[1.7497788,42.4939745],[1.7498433,42.4936769],[1.7502032,42.4932664],[1.7506336,42.493141],[1.7507899,42.4930259],[1.7509667,42.4930222],[1.7509063,42.4928463],[1.7510035,42.4926833],[1.7512067,42.4926688],[1.751233,42.4924827],[1.7513243,42.4923664],[1.7517668,42.4921019],[1.751953,42.4919328],[1.7522876,42.4919076],[1.7523712,42.491758],[1.7527523,42.4914979],[1.7530419,42.4913417],[1.7533771,42.4912627],[1.7542636,42.4912336],[1.7545484,42.4911419],[1.7549642,42.4909031],[1.7555422,42.4908717],[1.7561648,42.4909102],[1.756722,42.4909373],[1.7568493,42.4909368],[1.7571167,42.4908888],[1.7572617,42.4907791],[1.7574715,42.490719],[1.758008,42.4906966],[1.7586402,42.4906355],[1.7590447,42.4905147],[1.7591246,42.4903866],[1.7595501,42.4902768],[1.7599873,42.4899994],[1.7603784,42.4898212],[1.7607136,42.4894956],[1.7608039,42.4894146],[1.7608644,42.4893439],[1.760915,42.4892526],[1.7609851,42.4890994],[1.7611203,42.4887616],[1.761149,42.4886349],[1.7613049,42.4884008],[1.7613395,42.4883115],[1.7613787,42.4882285],[1.7614481,42.488143],[1.7615101,42.4880463],[1.7616183,42.4878945],[1.7617184,42.4877759],[1.7617881,42.4876738],[1.7619064,42.4875805],[1.762672,42.4867681],[1.7627346,42.4875057],[1.7687589,42.4885822],[1.770687,42.488935],[1.7855143,42.4861658],[1.7919461,42.4855132],[1.8043044,42.4903876],[1.8080248,42.4869073],[1.8144362,42.484169],[1.8167207,42.4831563],[1.8193905,42.4845512],[1.823421,42.4866274],[1.8237659,42.4862757],[1.8239769,42.4860289],[1.8240794,42.4859002],[1.8242439,42.4856667],[1.8242971,42.4855788],[1.8245294,42.4853178],[1.8247624,42.4851039],[1.8249859,42.4848699],[1.8250805,42.4848119],[1.8251931,42.4847504],[1.8252922,42.484689],[1.826096,42.484255],[1.8263307,42.4841348],[1.8264788,42.4840698],[1.8270505,42.4838338],[1.8271542,42.4837824],[1.8273896,42.4837232],[1.8275164,42.4836986],[1.8278383,42.4836487],[1.8279606,42.4836241],[1.8281779,42.4835685],[1.8283094,42.4835472],[1.828822,42.4834357],[1.8301629,42.4830998],[1.8312245,42.4829857],[1.8317025,42.4829205],[1.8318764,42.482923],[1.832447,42.4827936],[1.8331581,42.4826428],[1.8335066,42.4826091],[1.8337033,42.4825585],[1.8343004,42.4824697],[1.8344558,42.482394],[1.8351147,42.4814898],[1.8387107,42.4793107],[1.8396295,42.4788146],[1.8397377,42.4787598],[1.8399588,42.4786604],[1.8401846,42.4785709],[1.8402885,42.4784907],[1.8403829,42.4783797],[1.8404863,42.4783216],[1.8406607,42.4781859],[1.8409295,42.4779948],[1.8410468,42.4779434],[1.8413713,42.4777757],[1.8414584,42.477692],[1.8415712,42.4776439],[1.8416896,42.477521],[1.8417806,42.4774416],[1.8418684,42.4773782],[1.8419717,42.4772943],[1.8420805,42.4772324],[1.8422028,42.4772044],[1.8425693,42.4771037],[1.8426694,42.4770585],[1.8427566,42.4769971],[1.8429052,42.4769454],[1.843057,42.4769099],[1.8431474,42.4769002],[1.8432282,42.4768744],[1.8433606,42.4768582],[1.8434123,42.4768388],[1.8434511,42.4768098],[1.8436061,42.4767225],[1.843745,42.4766224],[1.8438828,42.4765127],[1.8438792,42.476191],[1.8439356,42.4761137],[1.8439277,42.4760894],[1.8439216,42.4759952],[1.8439143,42.4755344],[1.8439038,42.4754437],[1.8438841,42.4753497],[1.8438327,42.4752627],[1.843804,42.4751721],[1.8437399,42.4750057],[1.8437203,42.4749116],[1.8437482,42.4748265],[1.843829,42.4747005],[1.8440196,42.4745423],[1.8440745,42.4744647],[1.8441423,42.4743969],[1.8442173,42.4743037],[1.846147,42.4724978],[1.8468675,42.4706179],[1.8470127,42.4703676],[1.8470703,42.4702797],[1.8472087,42.4701204],[1.847271,42.4700391],[1.847282,42.4698775],[1.8472987,42.4697865],[1.8473018,42.4696923],[1.8473412,42.4696012],[1.8473944,42.4695166],[1.8474373,42.469421],[1.8474563,42.4692515],[1.8474777,42.468327],[1.8475989,42.4681517],[1.84774,42.4681289],[1.8479913,42.4680496],[1.8481958,42.4679342],[1.848295,42.4678928],[1.8484943,42.467797],[1.8486182,42.4677548],[1.8487219,42.4677068],[1.8488397,42.4676889],[1.8490284,42.4676512],[1.8491556,42.4676467],[1.8492837,42.4676287],[1.8495283,42.4675828],[1.8496413,42.4675482],[1.8498625,42.4674588],[1.8499708,42.4674108],[1.850078,42.4673407],[1.8501863,42.4672927],[1.8504064,42.4671622],[1.8504962,42.4671008],[1.8508118,42.4669467],[1.8509247,42.466902],[1.8510469,42.4668706],[1.8511552,42.4668259],[1.8513904,42.46676],[1.8516207,42.4666705],[1.8517662,42.4666075],[1.8518654,42.466549],[1.8519736,42.4664976],[1.8520771,42.4664361],[1.852199,42.4663951],[1.8523071,42.4663404],[1.8524651,42.4662751],[1.8525646,42.4662092],[1.8527626,42.4660931],[1.8528478,42.4660251],[1.8529193,42.4659505],[1.8529816,42.4658692],[1.8531987,42.4655449],[1.8533652,42.4650413],[1.8534674,42.4648069],[1.8538528,42.4645633],[1.8539947,42.4645],[1.8540925,42.4644168],[1.8541916,42.4643622],[1.8542875,42.4642668],[1.8543852,42.464189],[1.854507,42.4641742],[1.8545875,42.4641286],[1.8547004,42.4640838],[1.8549123,42.4639844],[1.855242,42.4638604],[1.8553501,42.4638056],[1.8555481,42.4636895],[1.8556565,42.4636482],[1.8557786,42.4636135],[1.8559009,42.4635888],[1.8560325,42.4635776],[1.8562822,42.4635687],[1.8566766,42.4635181],[1.8567988,42.4634901],[1.8569163,42.4634521],[1.8583718,42.4628815],[1.8595222,42.4624678],[1.8596447,42.4625534],[1.8602441,42.4633179],[1.8610645,42.4644516],[1.8622094,42.465979],[1.8626455,42.4658023],[1.8628954,42.4658045],[1.8630138,42.4658376],[1.8631143,42.4659011],[1.8631876,42.4659748],[1.8632745,42.4660484],[1.8633614,42.4661153],[1.8635532,42.4662423],[1.8636717,42.4662787],[1.863808,42.4662882],[1.864435,42.4662821],[1.8645622,42.4662748],[1.8646984,42.4662607],[1.8649525,42.4662225],[1.8650795,42.4661951],[1.8655509,42.4660617],[1.8656734,42.4660309],[1.8657959,42.4660068],[1.8660315,42.4659351],[1.8661401,42.4658808],[1.8665793,42.465687],[1.8666926,42.4656529],[1.8669281,42.4655644],[1.8674177,42.4654276],[1.8675354,42.46538],[1.8677803,42.4653149],[1.8680159,42.4652432],[1.8681291,42.4651956],[1.8682332,42.4651413],[1.868351,42.4651071],[1.8684505,42.4650495],[1.8685409,42.4649852],[1.8686403,42.4649208],[1.8687306,42.4648531],[1.8688117,42.464772],[1.8689652,42.4646454],[1.8691138,42.4645065],[1.869264,42.4643542],[1.8693543,42.4642865],[1.8694583,42.4642288],[1.8696527,42.4641035],[1.8697568,42.4640559],[1.86987,42.4640117],[1.8699649,42.4639541],[1.8701685,42.4638455],[1.8702863,42.4638113],[1.8706672,42.463712],[1.870889,42.4636168],[1.8709794,42.4635558],[1.8710879,42.4634948],[1.871192,42.4634439],[1.871296,42.4633862],[1.8714949,42.4632642],[1.8715852,42.4631965],[1.8716801,42.4631389],[1.8717889,42.463098],[1.872154,42.4630661],[1.8724334,42.4630642],[1.8727039,42.4629467],[1.8728172,42.4629125],[1.8729213,42.4628582],[1.8730207,42.4627939],[1.8731248,42.4627463],[1.873238,42.4627054],[1.8733339,42.4626653],[1.8734646,42.4626314],[1.8735842,42.4625846],[1.8736811,42.4625685],[1.8737618,42.46252],[1.8738684,42.4624393],[1.8739761,42.462396],[1.8740848,42.4623392],[1.8742011,42.4622939],[1.8743112,42.46226],[1.8744198,42.462209],[1.874533,42.4621681],[1.8746142,42.4621004],[1.8747147,42.4620743],[1.8748129,42.4620371],[1.8749502,42.462083],[1.8750588,42.4620354],[1.8753035,42.4619569],[1.8754122,42.461916],[1.87553,42.4618785],[1.8758836,42.4617826],[1.8761285,42.4617378],[1.8762511,42.4617204],[1.8763782,42.4617131],[1.8765009,42.4617125],[1.876622,42.4616499],[1.8767496,42.461593],[1.8768659,42.4615607],[1.8769886,42.4615058],[1.8771017,42.4614412],[1.8780896,42.4610152],[1.8781983,42.4609744],[1.8783476,42.4609064],[1.8784789,42.460852],[1.878583,42.4608044],[1.8786779,42.4607467],[1.8788443,42.4607711],[1.879072,42.4607629],[1.8797299,42.4604631],[1.8798431,42.4604154],[1.8799654,42.4603745],[1.8800786,42.4603302],[1.8803004,42.460235],[1.8806126,42.4600889],[1.88083,42.4600038],[1.8810335,42.4598918],[1.8811374,42.4598274],[1.8812231,42.4597497],[1.8813134,42.459682],[1.8814038,42.459621],[1.8814895,42.4595533],[1.8815615,42.4594756],[1.8816245,42.4593979],[1.8816776,42.4592541],[1.8818826,42.459025],[1.8819386,42.4589423],[1.8819856,42.4588563],[1.8822474,42.4586516],[1.882324,42.4585789],[1.8825872,42.4582732],[1.8826684,42.4582022],[1.8827587,42.4581378],[1.8828582,42.4580852],[1.8829714,42.4580477],[1.8830307,42.4579416],[1.883032,42.4577008],[1.8830258,42.457582],[1.8830256,42.4574166],[1.8830689,42.4555254],[1.8839324,42.4514964],[1.8841321,42.4504851],[1.8842625,42.4503944],[1.8843531,42.4501845],[1.8846139,42.4497895],[1.8847779,42.4495864],[1.8848253,42.4495479],[1.8849027,42.4495627],[1.8851758,42.4495608],[1.8853007,42.4495535],[1.8855221,42.4494942],[1.8856331,42.4494567],[1.8857533,42.4494343],[1.8858757,42.4494051],[1.8861161,42.4493619],[1.8862409,42.4493496],[1.886368,42.4493473],[1.8864836,42.4493165],[1.8866062,42.4493125],[1.8867349,42.449288],[1.8868559,42.4492996],[1.8869808,42.4492889],[1.887118,42.4493124],[1.8872117,42.4493544],[1.8873312,42.4493899],[1.8875573,42.4494739],[1.8876721,42.4495125],[1.8878353,42.4495404],[1.8879603,42.4495516],[1.8880284,42.449553],[1.8883907,42.4495902],[1.8891724,42.4498389],[1.889813,42.4499302],[1.8900509,42.4496612],[1.8902609,42.4492413],[1.8908617,42.4483466],[1.8909101,42.4482303],[1.8909392,42.4481431],[1.8910167,42.4480301],[1.8910296,42.4479461],[1.8910878,42.4478104],[1.8911265,42.4477523],[1.8911673,42.4477168],[1.8949832,42.4476134],[1.8957483,42.4475892],[1.8966209,42.4496176],[1.8982045,42.4500126],[1.9006972,42.4498163],[1.9007958,42.4498132],[1.9008654,42.4498027],[1.9011085,42.4496977],[1.9012424,42.4496134],[1.9013391,42.4495263],[1.901444,42.4494461],[1.9015271,42.4493763],[1.9016325,42.4492092],[1.9017066,42.4491343],[1.9018054,42.4490748],[1.9019041,42.449022],[1.9020275,42.4489852],[1.9021436,42.4489586],[1.9022644,42.448938],[1.9023852,42.4489123],[1.9025045,42.448902],[1.9026188,42.4488595],[1.9027257,42.4488556],[1.902855,42.4488636],[1.9029749,42.4488851],[1.9030924,42.4489199],[1.9032184,42.4488531],[1.9032819,42.4487452],[1.9033768,42.4486967],[1.9034911,42.4486625],[1.903637,42.4486528],[1.9037829,42.4486528],[1.9038887,42.448631],[1.9040103,42.4486164],[1.9041103,42.4486228],[1.904231,42.4486056],[1.9043538,42.4485984],[1.9044767,42.4485846],[1.9046563,42.448573],[1.9056073,42.4486415],[1.9066631,42.4485685],[1.9076621,42.4480242],[1.9090722,42.4471784],[1.9092766,42.4470544],[1.9112643,42.4476144],[1.9162961,42.4462357],[1.9207499,42.4469423],[1.9267143,42.4509107],[1.9327225,42.4546398],[1.9339291,42.4543111],[1.9355316,42.4539848],[1.9369887,42.4536944],[1.9396783,42.44957],[1.9404583,42.4480155],[1.9427049,42.4447596],[1.9428965,42.4444934],[1.9429097,42.4444529],[1.9430037,42.4408328],[1.9418586,42.4365933],[1.9406952,42.4337443],[1.940701,42.4336504],[1.94064,42.4331261],[1.9409578,42.4300341],[1.9414485,42.4300598],[1.9435283,42.4285916],[1.9433826,42.4284016],[1.9446047,42.4280679],[1.9482045,42.4275332],[1.9489367,42.4274771],[1.94906,42.4274594],[1.9493087,42.4274307],[1.9494344,42.4274114],[1.9496728,42.427354],[1.9499201,42.4273018],[1.9500478,42.4272875],[1.9501728,42.4272867],[1.9505565,42.4272945],[1.9506816,42.4272903],[1.9508025,42.4272759],[1.951041,42.4272151],[1.9512232,42.4271583],[1.9513458,42.4271608],[1.9514709,42.4271583],[1.9515943,42.4271389],[1.9517093,42.4270992],[1.9518978,42.4269784],[1.9519953,42.4269232],[1.9521061,42.4268766],[1.9522209,42.4268436],[1.9523419,42.4268275],[1.9524672,42.4268166],[1.9525863,42.4267921],[1.9528319,42.4267247],[1.9529573,42.4267121],[1.9533341,42.4267214],[1.9534321,42.4267144],[1.9535631,42.4266887],[1.9541753,42.4263719],[1.9543742,42.426249],[1.9545752,42.4261313],[1.9547762,42.4260294],[1.9548505,42.425981],[1.954962,42.4259283],[1.955071,42.4258822],[1.9552779,42.4257832],[1.9553716,42.4257233],[1.955461,42.4256582],[1.955544,42.4255846],[1.955609,42.4255054],[1.9556312,42.4254355],[1.9557539,42.4253113],[1.9557777,42.4251519],[1.9558203,42.4250672],[1.9558966,42.4249917],[1.9560907,42.4248737],[1.9563111,42.4247784],[1.9564291,42.4247326],[1.9568016,42.4246411],[1.9569167,42.4246087],[1.9570233,42.4245643],[1.9571198,42.4244927],[1.9572004,42.4244224],[1.9572942,42.4243608],[1.9573879,42.4243481],[1.9575213,42.4243633],[1.9576481,42.4243733],[1.9577754,42.4243715],[1.9578989,42.4243545],[1.9580275,42.4243258],[1.9581429,42.4242883],[1.9583104,42.4242221],[1.9583899,42.4241955],[1.9585713,42.4241437],[1.9563763,42.4167946],[1.9563868,42.4150414],[1.9560133,42.4127507],[1.9559369,42.4126496],[1.9557177,42.4124902],[1.9556689,42.4124165],[1.9556345,42.4123264],[1.9555904,42.4122549],[1.955528,42.4121765],[1.9553656,42.4120518],[1.9551784,42.4119257],[1.9550976,42.4118563],[1.9550757,42.4117901],[1.9550799,42.4116993],[1.9551115,42.4116075],[1.9551743,42.4115266],[1.9553159,42.4114818],[1.9553168,42.4113287],[1.9553257,42.4112485],[1.9553443,42.41116],[1.9554366,42.4110923],[1.9555196,42.4110187],[1.9554751,42.4109323],[1.9554202,42.4108669],[1.9553652,42.4107884],[1.9553443,42.4106864],[1.9553678,42.4105634],[1.9554018,42.4104718],[1.9554457,42.4103903],[1.9554795,42.4102985],[1.9555353,42.4102154],[1.9556295,42.4100505],[1.9556845,42.4099762],[1.955725,42.409888],[1.9557877,42.4098105],[1.9558729,42.4097369],[1.9559692,42.4096703],[1.9561392,42.4095333],[1.9562176,42.4094595],[1.9562804,42.4093803],[1.9563412,42.4092943],[1.9564248,42.4092092],[1.9565327,42.4090386],[1.9566002,42.4089561],[1.9567416,42.4087998],[1.9567939,42.4087239],[1.9568776,42.4086402],[1.9570771,42.4085308],[1.9572716,42.4084044],[1.9573565,42.4083393],[1.9574836,42.4082762],[1.9575553,42.4082006],[1.9576783,42.4080226],[1.9576835,42.4079023],[1.9576678,42.4078107],[1.9576607,42.4077228],[1.957699,42.4076312],[1.9577464,42.4075415],[1.9578272,42.4074683],[1.9578947,42.4073842],[1.9579642,42.4073085],[1.9581253,42.4071662],[1.9582015,42.4070924],[1.9582689,42.4070099],[1.9583272,42.4069289],[1.9583749,42.4068303],[1.9584057,42.4067353],[1.958424,42.4066123],[1.9585025,42.4065364],[1.9585849,42.4064686],[1.9587155,42.4063002],[1.9588612,42.4061474],[1.958929,42.4060582],[1.9589875,42.4059721],[1.9590677,42.4058902],[1.9591287,42.4058008],[1.959315,42.4055581],[1.9593933,42.405486],[1.9594759,42.4054191],[1.9595491,42.4053676],[1.95963,42.4052905],[1.9597245,42.4052307],[1.9598231,42.4051846],[1.9599014,42.4051126],[1.960172,42.4049141],[1.9602295,42.4047728],[1.9602497,42.4046794],[1.9603038,42.4045915],[1.9603466,42.4045017],[1.9603996,42.40443],[1.9604754,42.4043613],[1.9605574,42.4042969],[1.9606403,42.4042233],[1.9607398,42.4041265],[1.9607101,42.4039323],[1.9606822,42.4038491],[1.9606743,42.4037602],[1.9607005,42.4035875],[1.9607424,42.4034985],[1.9607673,42.4034032],[1.9608078,42.4033133],[1.9608549,42.4032286],[1.9609141,42.4030655],[1.9609524,42.4029756],[1.9609818,42.4028803],[1.9610025,42.4027782],[1.9610455,42.4026612],[1.9611026,42.402476],[1.9611715,42.4022765],[1.9611951,42.4021745],[1.9612317,42.4020855],[1.9612448,42.4019913],[1.9612362,42.4018962],[1.9612238,42.4017846],[1.9611924,42.4016904],[1.9612369,42.4015831],[1.9613405,42.4014156],[1.9614334,42.4012291],[1.9614541,42.4011252],[1.9614244,42.4010288],[1.961339,42.4008505],[1.9612605,42.4007013],[1.96125,42.4005836],[1.9613076,42.4004632],[1.9613346,42.4003749],[1.9613476,42.4002585],[1.9613154,42.4001701],[1.9612552,42.400089],[1.9611753,42.4000038],[1.9611663,42.3999059],[1.9611741,42.3998143],[1.9611928,42.3997146],[1.9612,42.3995951],[1.9611708,42.3994917],[1.9611323,42.399393],[1.9610592,42.3993154],[1.960991,42.3992308],[1.9609025,42.3991422],[1.960813,42.3989665],[1.9607764,42.3988697],[1.9607371,42.3986891],[1.9606953,42.3986028],[1.960661,42.3985037],[1.9606613,42.3984118],[1.9606744,42.3983138],[1.9606796,42.3982208],[1.9607031,42.3981161],[1.9607214,42.3978492],[1.9607188,42.3975692],[1.9605977,42.3972342],[1.9604748,42.3970567],[1.960425,42.3969544],[1.9603656,42.3968653],[1.9602974,42.3966608],[1.9602379,42.3965717],[1.9602138,42.3964388],[1.9602055,42.3963597],[1.960141,42.3961829],[1.9601185,42.3960813],[1.9600544,42.3958978],[1.9600097,42.3956879],[1.9600766,42.3955622],[1.9600628,42.3954675],[1.9600725,42.3953634],[1.9600647,42.3952352],[1.9600726,42.395011],[1.9600594,42.3949029],[1.9601039,42.3948061],[1.9601641,42.3947223],[1.9602086,42.394602],[1.9602112,42.3944711],[1.9601641,42.3943508],[1.9600489,42.3941407],[1.9600542,42.3940263],[1.960117,42.3939085],[1.9601772,42.3938162],[1.9601904,42.3935337],[1.9601824,42.3934323],[1.9601353,42.3933146],[1.9600987,42.3931942],[1.9600882,42.3930555],[1.9602191,42.3929482],[1.9603064,42.3928358],[1.9603807,42.3927563],[1.9604258,42.3925688],[1.9604201,42.3924534],[1.9604467,42.392247],[1.9604467,42.3921659],[1.9608337,42.3910886],[1.9608977,42.3909825],[1.960965,42.3909034],[1.9611653,42.3906997],[1.9612785,42.3906117],[1.9614753,42.3904821],[1.9617524,42.3902871],[1.9619326,42.390235],[1.962013,42.3901663],[1.9620987,42.390081],[1.9623071,42.3898371],[1.9623503,42.389742],[1.962438,42.3896382],[1.9624903,42.3895545],[1.9625531,42.3894707],[1.9626095,42.3893597],[1.9628876,42.3891446],[1.9629727,42.3890727],[1.9631295,42.3889252],[1.9632195,42.3888467],[1.9637173,42.3884957],[1.9638154,42.3884376],[1.9640969,42.3882462],[1.9642309,42.3882139],[1.9643158,42.3881454],[1.9644599,42.3881099],[1.9646757,42.3878662],[1.9647301,42.3877699],[1.9648505,42.3876129],[1.9648453,42.3874088],[1.9647877,42.3872466],[1.9647249,42.3871315],[1.9647205,42.3869253],[1.9646726,42.386493],[1.9646516,42.3863779],[1.964615,42.3862785],[1.9645836,42.3861581],[1.9645418,42.3860818],[1.9645329,42.3859805],[1.9645111,42.3858654],[1.9644842,42.3857604],[1.9644266,42.3856714],[1.964348,42.3855978],[1.9642705,42.385313],[1.964266,42.3852152],[1.9643429,42.385101],[1.9644737,42.3849963],[1.9644924,42.3848983],[1.9645189,42.3848176],[1.9644999,42.3847085],[1.9645156,42.3846404],[1.964526,42.3845253],[1.9646045,42.3844259],[1.96468,42.3843056],[1.9646899,42.3840937],[1.964704,42.3839863],[1.9647197,42.3837613],[1.9647144,42.3836514],[1.9646987,42.3835415],[1.9646523,42.3834571],[1.9646925,42.3832763],[1.9647538,42.3831762],[1.9647587,42.3829743],[1.9647494,42.3828798],[1.964723,42.3827646],[1.9646359,42.3824896],[1.964543,42.3823936],[1.9645247,42.3822988],[1.9645337,42.3822014],[1.9645657,42.3821012],[1.9646017,42.3820112],[1.9646517,42.3819114],[1.964711,42.3818085],[1.964821,42.3817252],[1.964929,42.3815528],[1.9650441,42.3814743],[1.9651169,42.3814111],[1.9651959,42.3813173],[1.9652622,42.3811116],[1.9652982,42.3810216],[1.9653476,42.3809353],[1.9654471,42.3808731],[1.9655147,42.3807873],[1.9656393,42.3807356],[1.9657197,42.3806669],[1.9659212,42.380534],[1.9660332,42.3804695],[1.9661326,42.3803963],[1.9662184,42.3803069],[1.9663165,42.3802488],[1.9663786,42.380166],[1.9664571,42.3801084],[1.9665223,42.3800437],[1.9666123,42.3799652],[1.9667111,42.3798902],[1.9669176,42.3797474],[1.9670073,42.3795595],[1.9670752,42.3794669],[1.967134,42.3793741],[1.9671838,42.3792811],[1.9672376,42.3791983],[1.9672333,42.3789059],[1.9673489,42.3787201],[1.9674159,42.3786356],[1.9674919,42.3785544],[1.9675727,42.3784866],[1.9676625,42.3784188],[1.967757,42.3783576],[1.9679957,42.3782349],[1.9680711,42.3780518],[1.9682692,42.3779428],[1.9683774,42.3778917],[1.9685037,42.3778404],[1.9688691,42.3777034],[1.9692207,42.3775464],[1.9693082,42.3774572],[1.9694072,42.3773993],[1.9695061,42.3773281],[1.9696002,42.3772467],[1.9696808,42.3771621],[1.9697384,42.3770784],[1.9698126,42.3770178],[1.9698906,42.3767248],[1.9699868,42.3764416],[1.9700536,42.376347],[1.9701342,42.3762658],[1.9702104,42.3761913],[1.9702956,42.3761167],[1.9704706,42.3759743],[1.9707124,42.3757373],[1.970851,42.3755817],[1.970918,42.3754972],[1.9709409,42.3753782],[1.9710033,42.3752971],[1.971128,42.3751113],[1.9712194,42.3749432],[1.9712819,42.3748659],[1.9713612,42.3747777],[1.9713816,42.3745926],[1.9713406,42.3744788],[1.9713574,42.3743711],[1.9713788,42.3742667],[1.9714094,42.3741723],[1.9714579,42.3740678],[1.9715203,42.3739799],[1.9717322,42.3738652],[1.9718788,42.3737919],[1.9720046,42.3737392],[1.9720854,42.3736714],[1.9721842,42.3736001],[1.9722922,42.3735355],[1.9723445,42.3734308],[1.9724178,42.3733314],[1.9724764,42.373227],[1.9727198,42.3731211],[1.9729725,42.3730319],[1.9734474,42.3730422],[1.9735647,42.3730045],[1.9739302,42.3728709],[1.9741081,42.3726668],[1.9741726,42.3725867],[1.9742716,42.3725255],[1.9743659,42.372461],[1.9746854,42.3722772],[1.9749637,42.3722144],[1.9750672,42.3721498],[1.975297,42.3720407],[1.9754052,42.3719962],[1.9755316,42.371955],[1.9757454,42.3718665],[1.9758588,42.3718339],[1.9762485,42.3718347],[1.9763844,42.3718656],[1.9765158,42.3718613],[1.9766548,42.3719149],[1.9767817,42.3719141],[1.9769131,42.371955],[1.9772465,42.3719447],[1.9774069,42.3719251],[1.9776608,42.3719301],[1.9779179,42.3719446],[1.978069,42.3719444],[1.9781977,42.3719071],[1.9783192,42.3718654],[1.9784466,42.3718478],[1.9785614,42.3718053],[1.9786925,42.3717775],[1.978811,42.371738],[1.9791733,42.3716024],[1.9807255,42.3692225],[1.9832455,42.3662019],[1.9864141,42.3619275],[1.9879558,42.3615625],[1.9884064,42.3610541],[1.9888273,42.3604674],[1.989158,42.3601411],[1.9894437,42.3599342],[1.9902383,42.3595303],[1.9907418,42.3593253],[1.9914393,42.359106],[1.9917842,42.3590652],[1.9922143,42.3590769],[1.9926783,42.3591588],[1.9931387,42.3592985],[1.9934991,42.3594672],[1.9937765,42.3596113],[1.9941092,42.3598042],[1.9944345,42.3600772],[1.9947366,42.359955],[1.9951005,42.3597366],[1.9955635,42.3594929],[1.9959305,42.3593761],[1.9960377,42.3593336],[1.9961535,42.3592774],[1.9962512,42.3592216],[1.9963582,42.3591724],[1.9965363,42.3589749],[1.9966784,42.3588267],[1.9967746,42.3587074],[1.9969746,42.3585492],[1.9970987,42.3584727],[1.9972926,42.3583207],[1.997368,42.3582332],[1.997368,42.3581335],[1.997475,42.3579146],[1.9975139,42.3578173],[1.9975528,42.3576982],[1.997613,42.3576285],[1.9976539,42.3575066],[1.9976963,42.3572969],[1.9977376,42.3571826],[1.9977765,42.3570488],[1.9978276,42.3569394],[1.9978568,42.356847],[1.9979468,42.3566694],[1.9980368,42.3563776],[1.9981851,42.3561125],[1.9984014,42.3559399],[1.9986199,42.3557559],[1.9988904,42.3556335],[1.9992454,42.3555556],[1.9994692,42.3555264],[1.9997756,42.3554584],[1.9999993,42.355434],[2.0002821,42.3554218],[2.0004864,42.3553878],[2.0007295,42.3553586],[2.00125,42.3553391],[2.0014689,42.3553634],[2.001678,42.3553926],[2.0018823,42.3554413],[2.002072,42.3554948],[2.0023096,42.3555459],[2.0024673,42.3556227],[2.002657,42.3556664],[2.0030623,42.3557966],[2.0032172,42.3558678],[2.0033246,42.3558959],[2.0038953,42.3554486],[2.0042892,42.3550352],[2.0043914,42.3549014],[2.0046954,42.3547944],[2.0048534,42.3546801],[2.0050115,42.3545561],[2.0052254,42.3543214],[2.0053982,42.3541135],[2.0056598,42.3538812],[2.0064071,42.3534226],[2.0071929,42.3531018],[2.0082744,42.3528635],[2.008588,42.352798],[2.0089044,42.352756],[2.0091852,42.3527503],[2.0093496,42.3527617],[2.0095101,42.3527811],[2.0096608,42.3528078],[2.0098729,42.3528635],[2.010014,42.3528197],[2.0101489,42.3527898],[2.0102757,42.3527873],[2.0116142,42.3529559],[2.011994,42.3530513],[2.0124044,42.3528698],[2.0126259,42.3527117],[2.0125432,42.3525473],[2.0125856,42.3523682],[2.0124932,42.3521401],[2.0123836,42.3518413],[2.0123278,42.3516562],[2.0122962,42.3514422],[2.0122781,42.3512633],[2.0123,42.3511101],[2.0123073,42.3509836],[2.0123219,42.3508596],[2.0123243,42.3507356],[2.0123024,42.3503927],[2.0124775,42.349882],[2.012621,42.3496631],[2.0127791,42.3494953],[2.0130928,42.3492205],[2.0132265,42.3491281],[2.0133864,42.3490071],[2.0134819,42.3488946],[2.0136181,42.3487779],[2.0137616,42.3486782],[2.0140779,42.3482994],[2.0141855,42.3481596],[2.0142765,42.3480021],[2.0143567,42.347934],[2.0144461,42.3478726],[2.0145621,42.3477839],[2.0147771,42.3476606],[2.0148848,42.3476057],[2.0151697,42.3474695],[2.016063,42.347093],[2.0161916,42.3472419],[2.0170477,42.3485407],[2.0171381,42.3487019],[2.0172125,42.348802],[2.0174197,42.3492099],[2.0174764,42.3493303],[2.0176285,42.349579],[2.0177038,42.3496651],[2.0177732,42.3497551],[2.0178204,42.3498554],[2.0179422,42.3500626],[2.0181284,42.3503228],[2.0183057,42.3505898],[2.0191768,42.3515421],[2.0212519,42.3536743],[2.0233545,42.355605],[2.0240149,42.3553426],[2.0247337,42.3551253],[2.0262919,42.3552342],[2.0264744,42.3552608],[2.0266414,42.355257],[2.0267419,42.3552802],[2.0268781,42.3552997],[2.0269948,42.3552997],[2.0271991,42.3553094],[2.0274022,42.3553439],[2.0275791,42.3553835],[2.0277974,42.3553775],[2.0279557,42.355437],[2.0280843,42.3554504],[2.0282059,42.3554748],[2.028347,42.3555429],[2.0285453,42.3556044],[2.0286682,42.3556574],[2.0287589,42.35571],[2.0288213,42.3557696],[2.0289283,42.3558409],[2.0290289,42.3559249],[2.029297,42.3560531],[2.0295321,42.3561509],[2.0296392,42.3562141],[2.0297899,42.3563892],[2.029965,42.3565497],[2.0300455,42.3566559],[2.0301644,42.3567151],[2.0302471,42.3567929],[2.0303541,42.3568756],[2.0304573,42.3570579],[2.0305065,42.3571966],[2.030667,42.3572744],[2.030954,42.357396],[2.0310952,42.3574673],[2.0312751,42.3575306],[2.0313983,42.3575583],[2.0316457,42.3576521],[2.0319196,42.3577347],[2.0320436,42.3577878],[2.03218,42.3578133],[2.0324885,42.3579109],[2.0326248,42.3579296],[2.0329607,42.3579663],[2.0338439,42.3578918],[2.0339865,42.3578606],[2.0341591,42.3578342],[2.0343287,42.3578135],[2.034485,42.3577702],[2.0346651,42.3577267],[2.0349564,42.3576678],[2.0351272,42.357644],[2.0352828,42.3576343],[2.0354628,42.35761],[2.0356184,42.3575954],[2.0357446,42.3575745],[2.0358807,42.3575865],[2.0361799,42.3575967],[2.0363613,42.3576082],[2.0365426,42.357613],[2.0372673,42.3576051],[2.0374155,42.3575879],[2.0381221,42.3575803],[2.0382669,42.357572],[2.0385839,42.3575686],[2.0388012,42.3575595],[2.0391273,42.357556],[2.0392811,42.3575476],[2.0394623,42.3575456],[2.0396161,42.3575372],[2.0399799,42.3575335],[2.0403148,42.3575164],[2.0406586,42.3574925],[2.0408519,42.3575273],[2.0410999,42.3575842],[2.0413237,42.3576684],[2.041669,42.3577754],[2.0418539,42.3578289],[2.0419859,42.3578795],[2.0427914,42.3578371],[2.0429633,42.3578218],[2.0431171,42.3578134],[2.0436236,42.3577676],[2.0437593,42.3577594],[2.0441751,42.3577078],[2.0447328,42.3576584],[2.0449867,42.3576632],[2.0451406,42.3576549],[2.0464772,42.357696],[2.0486253,42.3581309],[2.0492985,42.3582421],[2.0495632,42.3583401],[2.0496908,42.358379],[2.0498364,42.358411],[2.0499728,42.3584364],[2.0501453,42.3584547],[2.0504538,42.3584782],[2.0513144,42.3584688],[2.0514592,42.3584605],[2.0521385,42.3584531],[2.0522759,42.358488],[2.0523852,42.3584835],[2.052713,42.3585199],[2.0536781,42.3585609],[2.0538708,42.358561],[2.0539983,42.3585656],[2.054657,42.3585244],[2.0550485,42.3584926],[2.0551896,42.3584926],[2.0553399,42.3585017],[2.0554882,42.3584817],[2.0556722,42.3584652],[2.0558315,42.3584607],[2.0559774,42.3584349],[2.0561405,42.3584413],[2.0567652,42.3584404],[2.0569625,42.3583774],[2.0570739,42.3583372],[2.0572923,42.3582213],[2.0575121,42.3580432],[2.0576105,42.3579529],[2.0577961,42.3578692],[2.057961,42.3578112],[2.0580769,42.3577355],[2.0582669,42.3576817],[2.0585385,42.3576813],[2.0586856,42.3577018],[2.0588481,42.357731],[2.0594035,42.3580444],[2.0596888,42.3582138],[2.059818,42.3582762],[2.0601542,42.3584977],[2.0602904,42.3585713],[2.0605397,42.3587139],[2.0606598,42.3587705],[2.0607867,42.3588241],[2.0610406,42.3589446],[2.0611766,42.3590183],[2.0612673,42.3590787],[2.0615122,42.3592261],[2.0616211,42.3592999],[2.0618569,42.3594473],[2.0622106,42.3596349],[2.0623284,42.3596817],[2.0624643,42.3597151],[2.0628449,42.3597952],[2.0629898,42.3598151],[2.0632707,42.3598684],[2.0637056,42.3599753],[2.0638597,42.3600288],[2.0639776,42.3600823],[2.064295,42.3602113],[2.0644556,42.3602812],[2.0646169,42.3603401],[2.0649074,42.3606084],[2.0652251,42.3608766],[2.065334,42.3609638],[2.0655699,42.3611381],[2.0657877,42.3612856],[2.0661504,42.3614731],[2.0662592,42.36152],[2.066377,42.3615601],[2.0664707,42.3616136],[2.0666123,42.361679],[2.0670471,42.3617455],[2.0671921,42.3617789],[2.0673552,42.3618189],[2.0674821,42.361859],[2.0678899,42.3619592],[2.0681799,42.3620393],[2.068334,42.3620861],[2.0688009,42.3621701],[2.0690784,42.3622555],[2.0692752,42.3623073],[2.0694829,42.362396],[2.0696023,42.3624425],[2.069755,42.3624916],[2.06988,42.3625594],[2.0700033,42.3626144],[2.0701192,42.3626768],[2.0704057,42.3628015],[2.0705125,42.3628933],[2.0707031,42.3630341],[2.0708481,42.3630804],[2.0710244,42.3631616],[2.0711884,42.3632237],[2.0713394,42.3633238],[2.0714218,42.3634053],[2.0715198,42.3634928],[2.0715616,42.3635809],[2.0716321,42.3637059],[2.0716776,42.3637969],[2.0717542,42.363915],[2.0718815,42.3640828],[2.071936,42.3641633],[2.0720724,42.3643311],[2.0721177,42.3644406],[2.072345,42.3647493],[2.0724036,42.3648804],[2.0724233,42.3649802],[2.072442,42.3651679],[2.0724707,42.3652787],[2.0726088,42.3654294],[2.0727736,42.3655056],[2.0729038,42.3654835],[2.0734649,42.3653683],[2.0737635,42.3652805],[2.0741073,42.3651523],[2.074243,42.3651185],[2.0745417,42.365071],[2.0746684,42.3650573],[2.0748115,42.3650075],[2.0749653,42.3649871],[2.0751458,42.3649503],[2.0752917,42.3649076],[2.0757444,42.3648554],[2.0759931,42.3648522],[2.0762363,42.3648328],[2.0765087,42.3647939],[2.0768103,42.3647744],[2.0769982,42.3647651],[2.0771829,42.3647748],[2.0773279,42.364788],[2.0774999,42.3647944],[2.0776539,42.3647874],[2.0777897,42.3647872],[2.0780885,42.3647666],[2.0782514,42.3647461],[2.0783963,42.3647324],[2.0785411,42.3647121],[2.0788671,42.3646846],[2.0791688,42.3645826],[2.0793046,42.3645689],[2.0794766,42.3645783],[2.0796477,42.3646475],[2.0797857,42.3647303],[2.0799186,42.3648642],[2.0800575,42.364954],[2.080154,42.3649747],[2.0802721,42.3649916],[2.0803431,42.3649203],[2.0804035,42.364837],[2.0806304,42.3645945],[2.0807791,42.3644867],[2.0819076,42.3639962],[2.0825011,42.3637615],[2.0827442,42.3636071],[2.0830165,42.3634223],[2.0832111,42.3632666],[2.0834445,42.3630526],[2.0843103,42.3621285],[2.0846685,42.3617616],[2.0848626,42.3619326],[2.0849523,42.3620118],[2.0851661,42.3622332],[2.0853543,42.3624831],[2.0854905,42.362629],[2.0856948,42.3628235],[2.0858796,42.3629889],[2.0860215,42.3631811],[2.0861869,42.3633075],[2.0863562,42.3633878],[2.0865767,42.3635466],[2.0868081,42.363685],[2.0868979,42.3638406],[2.0869055,42.3639708],[2.0869076,42.3640059],[2.0868881,42.3642199],[2.0868881,42.3646285],[2.0868784,42.3651733],[2.0868395,42.3655624],[2.086859,42.3657958],[2.0868979,42.3660293],[2.0868811,42.366538],[2.0868225,42.3669486],[2.0868526,42.3676042],[2.0867218,42.3683328],[2.0868373,42.3687061],[2.0870914,42.3695605],[2.087384,42.3701613],[2.0878609,42.3705429],[2.0880555,42.3706499],[2.0881567,42.3707677],[2.0882752,42.3708275],[2.0883665,42.3708875],[2.0884579,42.3709609],[2.0885313,42.3710345],[2.0886047,42.3711215],[2.088703,42.371213],[2.0887557,42.3712932],[2.0888021,42.3714292],[2.0888847,42.3721091],[2.08906,42.3725723],[2.0891133,42.3727317],[2.0892787,42.3730235],[2.0893635,42.3732018],[2.0893715,42.3733009],[2.0893906,42.3733883],[2.0893906,42.3735196],[2.0894139,42.3736589],[2.0894808,42.3737719],[2.0896532,42.3738212],[2.0898575,42.3738698],[2.0899735,42.3738895],[2.0901056,42.373941],[2.0902389,42.3739671],[2.0903662,42.374],[2.0904754,42.3740397],[2.0907401,42.3740477],[2.0909946,42.3741134],[2.0911127,42.3741396],[2.0913852,42.3741918],[2.0915125,42.3742247],[2.0916308,42.3742643],[2.0917311,42.3743175],[2.0918586,42.3743773],[2.091959,42.3744372],[2.0920593,42.3744904],[2.0921506,42.3745504],[2.0923786,42.3746769],[2.0925061,42.3747299],[2.0926153,42.3747696],[2.0928752,42.3749339],[2.0929935,42.3749735],[2.0931028,42.37502],[2.0933858,42.3752066],[2.0934953,42.3752732],[2.0936639,42.3753137],[2.0939153,42.3753651],[2.0940607,42.3754046],[2.0941731,42.3754494],[2.0942595,42.3755175],[2.0943688,42.3755639],[2.0945097,42.3756116],[2.0946059,42.3756602],[2.094708,42.375665],[2.0948213,42.37565],[2.0949445,42.3756829],[2.0950519,42.3756997],[2.0951615,42.375775],[2.0953354,42.3758136],[2.0954482,42.375831],[2.0955841,42.3758235],[2.0957126,42.3757807],[2.0958313,42.3757577],[2.0959649,42.3757075],[2.0960919,42.3757134],[2.0963479,42.3757538],[2.0967219,42.3759363],[2.0968236,42.375977],[2.0970273,42.3760304],[2.0972668,42.3762078],[2.0973769,42.3762587],[2.0975222,42.376278],[2.0976494,42.3763041],[2.0977767,42.3763437],[2.0979042,42.3763968],[2.0980386,42.3764214],[2.098168,42.3764368],[2.0982863,42.3764832],[2.0984137,42.3765227],[2.0985567,42.3765507],[2.0987034,42.3765902],[2.0988266,42.3766131],[2.0990541,42.3766925],[2.0991965,42.3767257],[2.0993235,42.3767915],[2.0994059,42.3768583],[2.0994975,42.3769452],[2.0995798,42.377012],[2.0996375,42.3771201],[2.0996554,42.3772562],[2.0998097,42.3773807],[2.0998921,42.3774542],[2.1001756,42.3776745],[2.1003495,42.3778214],[2.1005595,42.3779614],[2.1006793,42.378018],[2.1007945,42.3780806],[2.1008949,42.3781472],[2.1010133,42.3781936],[2.1011497,42.3782331],[2.1012159,42.3782938],[2.1017068,42.3784118],[2.1018682,42.3784143],[2.1020127,42.3784673],[2.1021388,42.378493],[2.1022482,42.3785529],[2.1023482,42.3786298],[2.1024397,42.37871],[2.1024957,42.3788255],[2.1025692,42.3789125],[2.1026517,42.3789927],[2.1027432,42.3790728],[2.1028437,42.3791395],[2.1029531,42.3791926],[2.1030713,42.3792323],[2.1032165,42.3792448],[2.1033464,42.3792756],[2.1034806,42.3792865],[2.1036258,42.3793057],[2.1037656,42.3793141],[2.103883,42.3793475],[2.1041072,42.3794331],[2.1042411,42.3795539],[2.1043639,42.3796187],[2.1043839,42.3797306],[2.1044514,42.3797756],[2.1045608,42.3798355],[2.1046883,42.3798885],[2.1048103,42.3799263],[2.1049378,42.3799793],[2.105047,42.380019],[2.1051644,42.3800917],[2.1052791,42.3801476],[2.1054321,42.3801856],[2.105551,42.3801506],[2.1056228,42.3801039],[2.1059088,42.3799619],[2.1060011,42.3799068],[2.1061257,42.3798479],[2.1063427,42.3797219],[2.1064675,42.3796821],[2.1065811,42.3796081],[2.1067156,42.3794584],[2.1067834,42.3793751],[2.1068392,42.3792391],[2.1069053,42.3791319],[2.1074713,42.3794435],[2.1076211,42.3795005],[2.1079513,42.3797263],[2.1080907,42.3797794],[2.1082388,42.3799196],[2.1083352,42.3799885],[2.1084909,42.3801247],[2.1085678,42.3801812],[2.1086269,42.3802743],[2.1088464,42.3803757],[2.1089353,42.3804282],[2.1090268,42.3805016],[2.1091182,42.3805684],[2.1093655,42.3807888],[2.1094569,42.3808555],[2.1096667,42.3809686],[2.109764,42.3810576],[2.1100459,42.381167],[2.1101261,42.3812035],[2.1102421,42.3812494],[2.1105279,42.3812847],[2.1111624,42.3812808],[2.1112985,42.3812866],[2.1114347,42.381306],[2.1115718,42.3812978],[2.1117501,42.38128],[2.1118858,42.3812337],[2.1120258,42.3811943],[2.1122604,42.3811121],[2.1124306,42.3810829],[2.1125767,42.381051],[2.1127127,42.3811023],[2.1128975,42.3812191],[2.1129868,42.3812845],[2.1130961,42.3813242],[2.1132147,42.3813907],[2.1133061,42.3814574],[2.1133742,42.3816033],[2.1134569,42.3816909],[2.1135303,42.3817544],[2.1136667,42.3817939],[2.1138033,42.3818401],[2.1139126,42.3818866],[2.11404,42.3819328],[2.1141913,42.3819392],[2.1143277,42.381972],[2.1145117,42.3820371],[2.1146663,42.3820765],[2.1147733,42.3821212],[2.1148697,42.3821539],[2.1149403,42.3822016],[2.1150619,42.3822259],[2.1151933,42.3823183],[2.115334,42.3824287],[2.1154086,42.3825086],[2.1156007,42.3827314],[2.1159617,42.3829899],[2.1161534,42.3831062],[2.116198,42.3831552],[2.1165011,42.3832355],[2.1167837,42.3832667],[2.1166661,42.3834361],[2.1165386,42.383511],[2.1164487,42.3835789],[2.1163313,42.38362],[2.1162476,42.3836912],[2.1161483,42.3838433],[2.1160665,42.3839197],[2.1159736,42.3839566],[2.1158837,42.3840311],[2.1157901,42.3843298],[2.1156941,42.3848039],[2.1155,42.3855538],[2.115237,42.3861169],[2.1151349,42.3864671],[2.1151495,42.3874788],[2.1150238,42.3880396],[2.1149083,42.3882143],[2.1146923,42.3886514],[2.1145685,42.3890375],[2.1145985,42.389348],[2.1145938,42.3895364],[2.1146139,42.3896362],[2.1146018,42.389721],[2.1146485,42.3898086],[2.1147215,42.3899253],[2.1148319,42.3900061],[2.1148981,42.3900893],[2.1148954,42.3902847],[2.1149639,42.390389],[2.1150371,42.3904731],[2.1150446,42.3905601],[2.1149617,42.3907474],[2.1149298,42.3908485],[2.1149077,42.3909497],[2.1149695,42.3910781],[2.1149677,42.3911495],[2.1149555,42.3912435],[2.1149482,42.3915334],[2.1149359,42.3916347],[2.1149139,42.3917286],[2.1149116,42.3918228],[2.1148618,42.3919082],[2.1149068,42.3920112],[2.114882,42.3922211],[2.1148576,42.3923232],[2.1148071,42.3924407],[2.1148041,42.3925567],[2.1147475,42.3926508],[2.1147292,42.3927725],[2.1147603,42.3930005],[2.1148049,42.3930865],[2.1148123,42.3931809],[2.1148559,42.3933917],[2.1149111,42.3934905],[2.1149307,42.3935905],[2.1149233,42.3938876],[2.1148763,42.393994],[2.1149168,42.3941228],[2.1148443,42.3942218],[2.1148249,42.3943093],[2.1148346,42.3944017],[2.1148356,42.3944888],[2.114882,42.3945836],[2.1149754,42.3947589],[2.1150318,42.3948467],[2.1151182,42.3949131],[2.1152041,42.394994],[2.1153102,42.3950535],[2.1154063,42.39512],[2.1155123,42.3951795],[2.1159374,42.3953826],[2.1161174,42.3954507],[2.1166469,42.395377],[2.1168442,42.3954167],[2.1169706,42.3954799],[2.1170739,42.3955096],[2.1172032,42.3956121],[2.1173815,42.3957726],[2.117484,42.3958484],[2.117649,42.395991],[2.1177614,42.3960492],[2.1179365,42.3960878],[2.1183011,42.3961277],[2.1186485,42.3962979],[2.1189284,42.3963021],[2.1191643,42.3963657],[2.1201464,42.3965727],[2.1211418,42.3969833],[2.1212703,42.3970322],[2.1213763,42.3970917],[2.1214426,42.3971796],[2.1214787,42.397296],[2.1214858,42.3974049],[2.1214782,42.3975604],[2.1214549,42.3976879],[2.1215182,42.3978909],[2.1216006,42.398052],[2.1215856,42.3983195],[2.1215138,42.3984472],[2.1215897,42.3985443],[2.1215872,42.3986457],[2.1216035,42.3987764],[2.1215819,42.3990014],[2.1216519,42.3992986],[2.1217625,42.3994527],[2.1218525,42.3998655],[2.1219828,42.4007519],[2.1217537,42.4010269],[2.1220008,42.4014435],[2.1220659,42.4018369],[2.1222297,42.4023416],[2.1226411,42.4025682],[2.1227635,42.4026648],[2.1228204,42.4028591],[2.1227965,42.4030042],[2.1230561,42.4033054],[2.123188,42.4034979],[2.1231651,42.4037143],[2.1230755,42.4042311],[2.1226883,42.4046991],[2.1227706,42.4048591],[2.1230902,42.4051089],[2.1230717,42.4053276],[2.1231144,42.4055818],[2.1231286,42.4058273],[2.1233303,42.4062013],[2.1238741,42.4067184],[2.1239887,42.4070976],[2.1240254,42.4071924],[2.124195,42.4077793],[2.1243466,42.4079264],[2.1247262,42.4082412],[2.1248723,42.4084517],[2.1249761,42.4088535],[2.1251819,42.4091463],[2.1252002,42.4093728],[2.1255693,42.4097975],[2.1259189,42.4101094],[2.1262462,42.4103169],[2.1263222,42.4104049],[2.1263986,42.4104784],[2.1269779,42.4107763],[2.1271129,42.4108507],[2.1272284,42.4109248],[2.1273635,42.4109991],[2.1275884,42.4111088],[2.127753,42.4111582],[2.1278463,42.4112241],[2.1279176,42.4113777],[2.1279474,42.4114889],[2.1280231,42.4115914],[2.1280981,42.4117229],[2.1281737,42.4118254],[2.1282107,42.4119129],[2.1282863,42.4120154],[2.1283716,42.412071],[2.1284483,42.4121835],[2.1285243,42.4122715],[2.1286866,42.4124254],[2.1287626,42.4125134],[2.1288098,42.4126088],[2.1289245,42.4127119],[2.1290808,42.4127658],[2.129218,42.4128317],[2.1295119,42.4129276],[2.1296474,42.4129875],[2.1297632,42.413047],[2.1298613,42.4130794],[2.1300155,42.4131008],[2.1301573,42.4131333],[2.1302927,42.4131932],[2.1304278,42.4132675],[2.130548,42.413381],[2.1306639,42.4134405],[2.1307801,42.4134856],[2.1308924,42.4135423],[2.1310098,42.413619],[2.1311167,42.4136717],[2.1312313,42.4137359],[2.1313674,42.4137667],[2.1314698,42.413834],[2.1315828,42.4138906],[2.1316762,42.4139793],[2.1317967,42.4140607],[2.1319212,42.4141189],[2.1322521,42.4141814],[2.1323961,42.4142365],[2.1325242,42.4143254],[2.1326534,42.4143789],[2.1328077,42.4144186],[2.1329552,42.4143953],[2.133119,42.4143241],[2.1332521,42.4143198],[2.1333875,42.4143797],[2.1335027,42.4144682],[2.1336182,42.4145423],[2.1337333,42.4146309],[2.1339452,42.4147642],[2.134061,42.4148238],[2.1341773,42.4148689],[2.1342931,42.4149285],[2.1344097,42.4149591],[2.1344845,42.4150337],[2.1346186,42.4150706],[2.1347689,42.4151036],[2.1348946,42.4151252],[2.1350112,42.4151558],[2.1351467,42.4151403],[2.1354965,42.4152321],[2.1356179,42.4152217],[2.1357513,42.4152811],[2.1359776,42.4153391],[2.1361367,42.415361],[2.1362849,42.415372],[2.1365702,42.4154598],[2.1368994,42.4155147],[2.1370311,42.4155695],[2.1371562,42.4155903],[2.1372725,42.4156354],[2.137481,42.4157506],[2.1375194,42.4158658],[2.1376147,42.4159534],[2.1377827,42.415981],[2.1379089,42.4160194],[2.1381743,42.4161703],[2.138367,42.4162148],[2.1385235,42.416217],[2.1386631,42.416177],[2.139719,42.4161914],[2.1399086,42.4162314],[2.1405735,42.4162404],[2.1408923,42.4162074],[2.141404,42.416217],[2.1422544,42.416195],[2.142721,42.4164049],[2.1436535,42.417018],[2.1443599,42.4175914],[2.1445577,42.417859],[2.1446489,42.417922],[2.1447498,42.4179852],[2.1448557,42.4180412],[2.144967,42.4180828],[2.1450931,42.418121],[2.1452146,42.4181482],[2.1453207,42.418197],[2.1455534,42.4182694],[2.1456797,42.4183004],[2.1458014,42.4183168],[2.1459278,42.4183441],[2.146049,42.4183822],[2.1461753,42.4184095],[2.1463068,42.4184297],[2.1465694,42.4184808],[2.1466954,42.418519],[2.1468066,42.4185642],[2.1469025,42.4186309],[2.1474357,42.419208],[2.1476446,42.4195374],[2.1479144,42.4200414],[2.1481129,42.4202662],[2.1481741,42.4203505],[2.1483063,42.4203978],[2.1483809,42.4205061],[2.1484569,42.4205834],[2.1485148,42.4206667],[2.1485592,42.4207437],[2.1487159,42.420875],[2.1488736,42.4209404],[2.1490382,42.4209514],[2.149178,42.4209316],[2.149276,42.4208959],[2.149396,42.4208606],[2.1496443,42.4208971],[2.1498932,42.4209154],[2.1499704,42.4209529],[2.1502188,42.4210615],[2.150335,42.4211031],[2.1504488,42.4211509],[2.1505528,42.4211826],[2.1507945,42.421225],[2.1509139,42.4212571],[2.1516586,42.4213662],[2.1525997,42.4214233],[2.152756,42.4214293],[2.1541693,42.4216163],[2.1542905,42.4216544],[2.1543966,42.4217068],[2.1546324,42.4218409],[2.1552085,42.4224389],[2.1559822,42.4226529],[2.156721,42.4232563],[2.1568326,42.4233278],[2.1569085,42.4233696],[2.156981,42.4233997],[2.1571758,42.423256],[2.157266,42.4231777],[2.1573705,42.4231141],[2.1574652,42.4230503],[2.1575502,42.4229828],[2.1576045,42.422899],[2.1576521,42.4227937],[2.1577373,42.4227225],[2.1578319,42.4226624],[2.1578946,42.4225858],[2.1580351,42.4225291],[2.1581897,42.4225073],[2.1583033,42.4224656],[2.1585261,42.4223675],[2.1587297,42.4222583],[2.1588386,42.4222093],[2.1589523,42.4221676],[2.1590804,42.4221333],[2.1592034,42.4221062],[2.1593309,42.4220937],[2.1595999,42.4220906],[2.1597367,42.4220963],[2.1598867,42.4221419],[2.1600181,42.4221656],[2.1601347,42.4221928],[2.1603773,42.4222617],[2.1604988,42.422289],[2.1606204,42.422309],[2.1607521,42.4223218],[2.1608739,42.4223382],[2.161,42.4223764],[2.1611211,42.4224181],[2.1613833,42.4224837],[2.1614946,42.4225253],[2.1616008,42.422574],[2.1617268,42.4226158],[2.161858,42.4226432],[2.1619846,42.4226633],[2.1622151,42.4226771],[2.1625288,42.4227112],[2.1626705,42.4226995],[2.1627826,42.4226736],[2.1631636,42.4226903],[2.1632905,42.4226995],[2.164463,42.4226904],[2.164595,42.4226925],[2.1654909,42.4227188],[2.1657448,42.4227336],[2.1658711,42.4227645],[2.1660003,42.422801],[2.166111,42.4228643],[2.1664383,42.4231104],[2.1673234,42.4242265],[2.1674779,42.4245766],[2.1675293,42.4246643],[2.1675756,42.4247556],[2.1676149,42.4248181],[2.1676265,42.4248858],[2.1676972,42.4247793],[2.167714,42.4246863],[2.1678264,42.4245141],[2.1679414,42.4244388],[2.1681021,42.424289],[2.1681546,42.4241844],[2.1683588,42.4240534],[2.1684926,42.4240087],[2.1686002,42.4239633],[2.1687942,42.4238431],[2.1688841,42.4237756],[2.1689887,42.4237084],[2.1691973,42.423592],[2.1694153,42.4234902],[2.1695099,42.4234301],[2.1696191,42.4233738],[2.1697185,42.4233137],[2.1698133,42.4232463],[2.1699227,42.4231828],[2.1701653,42.4230741],[2.1702696,42.4230178],[2.170505,42.4229388],[2.1706095,42.4228751],[2.1707041,42.4228114],[2.1708084,42.422755],[2.1710402,42.4226861],[2.1711633,42.4226553],[2.1713008,42.4226321],[2.1715559,42.4226034],[2.1716739,42.4225798],[2.1719294,42.4225366],[2.1722982,42.4224625],[2.1725535,42.4224265],[2.1726813,42.4224031],[2.1729328,42.4223273],[2.1730553,42.4223183],[2.1731823,42.4223202],[2.1734369,42.4223096],[2.1735641,42.4223079],[2.1736966,42.4222918],[2.1738295,42.4222817],[2.1740332,42.4221689],[2.1742242,42.4220078],[2.1744559,42.4219389],[2.1745695,42.4219008],[2.1746787,42.4218715],[2.1747877,42.4218188],[2.174892,42.4217624],[2.1749964,42.4216988],[2.1750862,42.4216349],[2.1751978,42.4215864],[2.1752831,42.421508],[2.1753731,42.4214369],[2.1754678,42.4213731],[2.1755722,42.4213095],[2.1756715,42.4212566],[2.1757661,42.4211965],[2.1758799,42.4211475],[2.1761596,42.4209635],[2.1766496,42.420835],[2.1769855,42.4206718],[2.1776712,42.4202141],[2.1786528,42.4197949],[2.1787569,42.4197421],[2.1788612,42.4196857],[2.1789513,42.419611],[2.179022,42.4195288],[2.1790585,42.419446],[2.1791744,42.419147],[2.1792305,42.4190645],[2.1793717,42.4189072],[2.1794712,42.4188471],[2.1796511,42.4187086],[2.1800377,42.4183412],[2.1801232,42.4182724],[2.1802645,42.418198],[2.180392,42.4181854],[2.1806351,42.4181976],[2.1807517,42.4182248],[2.180873,42.4182592],[2.1810038,42.4183011],[2.1811151,42.4183426],[2.1812368,42.4183626],[2.1813444,42.418404],[2.1814759,42.4184241],[2.1816379,42.4184565],[2.1817572,42.4184647],[2.1820095,42.4185338],[2.1821134,42.4185985],[2.1825219,42.4186747],[2.1826627,42.4187052],[2.1827142,42.4187627],[2.1828451,42.4188045],[2.1829844,42.4188296],[2.1830832,42.4188863],[2.1833001,42.4189983],[2.183406,42.4190579],[2.1834971,42.4191245],[2.1836181,42.4191631],[2.1837192,42.4192226],[2.1838252,42.4192786],[2.1840569,42.4193872],[2.1841651,42.4194686],[2.1842593,42.4194693],[2.1843413,42.4194073],[2.1844803,42.4192845],[2.184526,42.4191944],[2.1845799,42.4191101],[2.1846517,42.419022],[2.1847306,42.4189503],[2.18479,42.4188786],[2.1848948,42.4188071],[2.1850158,42.4187478],[2.1851964,42.418595],[2.1853173,42.4185429],[2.1854407,42.4185055],[2.1855447,42.4184564],[2.1856633,42.4184111],[2.1858775,42.4181834],[2.1859988,42.4181263],[2.1861067,42.4180348],[2.1862249,42.4179638],[2.1863483,42.4179222],[2.1864622,42.4178696],[2.1865616,42.4178131],[2.1866665,42.4177273],[2.1867705,42.4176781],[2.1868309,42.4175135],[2.1869187,42.4174038],[2.1872221,42.417553],[2.1873319,42.4176188],[2.1874901,42.4176827],[2.1876086,42.4177275],[2.1877952,42.4177384],[2.1879386,42.4177303],[2.1881931,42.4177233],[2.1884667,42.4176651],[2.188606,42.4176901],[2.1890624,42.4175658],[2.1892865,42.4175722],[2.189631,42.4174212],[2.1904154,42.4173171],[2.1905301,42.4173643],[2.1908414,42.4176781],[2.1908442,42.4177723],[2.1908337,42.4182432],[2.1908461,42.4183448],[2.1908636,42.4184356],[2.1908654,42.4185678],[2.1909461,42.4186117],[2.191128,42.418613],[2.1912646,42.4185995],[2.1913929,42.4185687],[2.1917851,42.4185228],[2.192034,42.4184473],[2.192313,42.4184326],[2.1925679,42.4184067],[2.1926953,42.4183902],[2.1928181,42.4183663],[2.1929506,42.4183462],[2.1932154,42.4183095],[2.1935976,42.4182743],[2.1937244,42.4182895],[2.193831,42.4183152],[2.1939473,42.4183897],[2.1940671,42.4184218],[2.1943758,42.4184144],[2.1945417,42.4183657],[2.1949296,42.4182907],[2.1950462,42.4182622],[2.1951643,42.4182274],[2.1952559,42.4181751],[2.1954005,42.4181647],[2.1955292,42.4181409],[2.1956576,42.4181057],[2.1960078,42.417965],[2.1962445,42.4178378],[2.1963451,42.4177788],[2.1968413,42.4176689],[2.1969594,42.4176377],[2.1971178,42.4176273],[2.1972593,42.4176229],[2.1973854,42.4176011],[2.1975182,42.4175664],[2.1976511,42.4175246],[2.197779,42.4174899],[2.1978715,42.4174194],[2.1979897,42.417381],[2.1982265,42.417286],[2.1984729,42.4171984],[2.1985861,42.4171636],[2.1987142,42.417118],[2.1988277,42.4170723],[2.1989783,42.4170498],[2.1992055,42.4169439],[2.199277,42.4168749],[2.1993809,42.4168182],[2.1994753,42.4167505],[2.1996102,42.4167226],[2.1996996,42.4166585],[2.1997642,42.4165886],[2.1998992,42.4165492],[2.2000229,42.4165398],[2.200801,42.4164256],[2.2009332,42.41642],[2.2010603,42.4164215],[2.2011939,42.4163933],[2.2013563,42.4164029],[2.2014504,42.416443],[2.2015207,42.4165075],[2.2015878,42.4165946],[2.2017781,42.4166995],[2.201863,42.4167107],[2.2021322,42.4166995],[2.2022635,42.416677],[2.202386,42.4166676],[2.2027626,42.4167651],[2.2028942,42.4168035],[2.2030371,42.4168117],[2.2031571,42.4168103],[2.203279,42.4168263],[2.2034165,42.4168577],[2.2035631,42.4168963],[2.2036893,42.4169377],[2.2037956,42.416997],[2.2041446,42.4171316],[2.204266,42.4171729],[2.2043826,42.4172033],[2.2045043,42.4172302],[2.2046311,42.4172462],[2.2048899,42.4172602],[2.2050118,42.4172761],[2.2052649,42.4173263],[2.2055086,42.4173618],[2.2056582,42.4173546],[2.2059277,42.4173524],[2.2061766,42.4173735],[2.2062983,42.4173967],[2.2064955,42.4174182],[2.2065079,42.4175256],[2.2065403,42.4177236],[2.2065821,42.4178219],[2.2065995,42.4179199],[2.2066246,42.4181159],[2.2066518,42.4182104],[2.2066866,42.4184101],[2.2067189,42.4184975],[2.2069314,42.4189635],[2.2069881,42.4190511],[2.2070276,42.4191316],[2.2070344,42.419244],[2.2070731,42.4193197],[2.2070871,42.4193956],[2.2071338,42.419494],[2.2071729,42.4195964],[2.2073086,42.4196575],[2.2075847,42.4196945],[2.2078393,42.4196794],[2.2080934,42.4196825],[2.2082174,42.4197239],[2.2083399,42.4197391],[2.208462,42.4197442],[2.2087172,42.4197635],[2.2088795,42.4197694],[2.2089768,42.4197584],[2.2090984,42.4197852],[2.2092302,42.4197815],[2.2093564,42.419839],[2.2096093,42.4199037],[2.2098522,42.4199718],[2.2100955,42.4200254],[2.2102277,42.4200218],[2.210367,42.4200541],[2.2104769,42.4200982],[2.2105665,42.420176],[2.2109521,42.4202844],[2.2112322,42.4204028],[2.2113334,42.4204728],[2.2115481,42.4207145],[2.2116492,42.4207846],[2.2117607,42.4208294],[2.2118873,42.4208527],[2.2120092,42.4208686],[2.2122576,42.4209151],[2.2123388,42.4209902],[2.212411,42.4210454],[2.212508,42.421092],[2.2126092,42.4212672],[2.2127259,42.4212976],[2.2128525,42.4213244],[2.2129788,42.4213622],[2.2131272,42.4214426],[2.2132172,42.4215179],[2.2132562,42.4216231],[2.2134588,42.4217523],[2.2135653,42.4218007],[2.2137986,42.4218651],[2.2139101,42.4219063],[2.2139821,42.4219688],[2.213981,42.4220195],[2.2139374,42.4221197],[2.2140142,42.4222165],[2.2144301,42.4224673],[2.2144339,42.4225502],[2.2144613,42.4226411],[2.2145033,42.4227322],[2.214575,42.4228092],[2.2146712,42.4228828],[2.2147723,42.4229528],[2.2150048,42.4230152],[2.2154297,42.4230235],[2.2155668,42.4230143],[2.2158202,42.4230184],[2.2160934,42.422989],[2.2162663,42.4229372],[2.2163937,42.4229097],[2.2165161,42.4229039],[2.2168719,42.4229279],[2.2171201,42.4229815],[2.2172792,42.4229899],[2.2175421,42.4230133],[2.2176753,42.4230118],[2.2178006,42.4229736],[2.2179164,42.4229533],[2.2180121,42.4229472],[2.2181339,42.4229668],[2.2182283,42.4229976],[2.2183074,42.4230522],[2.2183709,42.4230529],[2.2184936,42.4230326],[2.2187392,42.4229812],[2.2188667,42.4229646],[2.218999,42.4229554],[2.219131,42.4229569],[2.2192578,42.4229693],[2.2195007,42.4230447],[2.219739,42.4231019],[2.2198745,42.4232868],[2.2199842,42.4233501],[2.2201103,42.4233991],[2.2201699,42.4234513],[2.2202334,42.42355],[2.220315,42.4236235],[2.2203767,42.4237075],[2.2204631,42.423781],[2.2205694,42.4238403],[2.2206988,42.423867],[2.2208246,42.4239138],[2.2209261,42.4239694],[2.2210274,42.4240322],[2.2212202,42.4241613],[2.2213062,42.4242473],[2.2214028,42.4243028],[2.2215093,42.4243548],[2.2217168,42.4244805],[2.2218231,42.4245397],[2.2220559,42.4246295],[2.2221671,42.4246888],[2.2223589,42.4248205],[2.2224701,42.4248761],[2.2226058,42.4249372],[2.2227896,42.425032],[2.222906,42.4250732],[2.2230002,42.4251412],[2.2232997,42.4253078],[2.2233889,42.4253716],[2.2234926,42.4255331],[2.2235721,42.4256153],[2.223652,42.4256685],[2.2237535,42.4257241],[2.2238562,42.4257641],[2.223961,42.4258034],[2.2240874,42.4258375],[2.2242039,42.4258788],[2.2243351,42.4259166],[2.2244607,42.4259201],[2.224748,42.4259742],[2.2248796,42.4259939],[2.2251228,42.4260548],[2.2252394,42.4260888],[2.22538,42.4261128],[2.2255066,42.4261397],[2.2257449,42.4262005],[2.2258728,42.4262097],[2.2259968,42.4262005],[2.2262553,42.426229],[2.226397,42.4262343],[2.2268211,42.4262261],[2.2274664,42.4262338],[2.2275884,42.4261986],[2.2277199,42.4262307],[2.2278431,42.4262507],[2.2279668,42.4262784],[2.2282209,42.4262851],[2.2283427,42.4263047],[2.2290891,42.4263771],[2.2299343,42.4266018],[2.2306751,42.4268619],[2.2308634,42.4268752],[2.2310098,42.4267713],[2.2312459,42.4266828],[2.2313462,42.4266182],[2.2314642,42.4265794],[2.2315971,42.4265226],[2.2317993,42.4264157],[2.2319457,42.4264109],[2.2320539,42.4263683],[2.2321718,42.4263332],[2.2323191,42.4263265],[2.2326757,42.4262396],[2.2329214,42.4261657],[2.233049,42.4261342],[2.2331763,42.4261245],[2.2333083,42.426122],[2.2334453,42.4261196],[2.2335824,42.4261063],[2.2337306,42.4261091],[2.2338627,42.4260994],[2.233995,42.4260824],[2.2341065,42.4261031],[2.2343557,42.4261162],[2.2344873,42.4261391],[2.2346091,42.4261691],[2.2347071,42.4261736],[2.2348364,42.4262003],[2.2351087,42.4262721],[2.2352348,42.4262941],[2.2353665,42.4263325],[2.2355352,42.4263577],[2.2357541,42.4264117],[2.2359814,42.4265339],[2.2360963,42.4266135],[2.236174,42.4267016],[2.2362382,42.426786],[2.236351,42.4268553],[2.2365445,42.4269838],[2.2367115,42.4271454],[2.2367823,42.4271995],[2.2368564,42.4272474],[2.2370505,42.4273435],[2.2371621,42.4273952],[2.2373952,42.4274951],[2.2375019,42.4275503],[2.2376135,42.427602],[2.2377302,42.4276393],[2.2378468,42.4276838],[2.2380703,42.4277763],[2.2390462,42.4281499],[2.2392325,42.4282308],[2.2399996,42.4284694],[2.2404919,42.428605],[2.2406829,42.4286616],[2.2410036,42.428736],[2.2411919,42.4287493],[2.2412765,42.4287426],[2.2418106,42.4288241],[2.2419483,42.4288552],[2.2420954,42.4288774],[2.2423495,42.4289398],[2.2425053,42.4289577],[2.2426225,42.4289344],[2.2427558,42.4289257],[2.2429001,42.4288974],[2.2430042,42.4288718],[2.243123,42.4288127],[2.2432701,42.4288038],[2.24339,42.4287876],[2.2435049,42.4287623],[2.2436417,42.428751],[2.2438084,42.4287311],[2.2439549,42.4287396],[2.2440772,42.428737],[2.2442397,42.4286876],[2.2443718,42.4286855],[2.244487,42.4287459],[2.2446132,42.4287569],[2.244893,42.4288172],[2.2449924,42.4288705],[2.2453977,42.4288994],[2.2455199,42.4289004],[2.2457694,42.4288954],[2.2460336,42.4288832],[2.2461607,42.4288807],[2.2462976,42.4288855],[2.2464144,42.4289191],[2.246482,42.4289741],[2.2472402,42.4306489],[2.247307,42.4307546],[2.2473692,42.4308384],[2.2475181,42.4310064],[2.2475784,42.4311552],[2.2476966,42.4313226],[2.2477785,42.4313994],[2.2482978,42.4317157],[2.2485204,42.4318581],[2.2486759,42.4319193],[2.2487728,42.4319781],[2.2489911,42.4320814],[2.2492148,42.4321594],[2.2493217,42.4322038],[2.2494284,42.4322555],[2.2496222,42.4323695],[2.2497542,42.4324604],[2.249823,42.4325607],[2.2499148,42.4326303],[2.2501556,42.4328606],[2.2502473,42.4329375],[2.2504357,42.4330804],[2.2506091,42.433245],[2.2506714,42.4333252],[2.2508956,42.4336822],[2.2509627,42.4337661],[2.2511263,42.4339341],[2.2512408,42.4341126],[2.2513391,42.4341759],[2.2514063,42.4342562],[2.2514474,42.4343427],[2.2514998,42.4344301],[2.2515801,42.4346047],[2.2516192,42.4348489],[2.2516471,42.4349434],[2.2516601,42.4350449],[2.2519828,42.4363434],[2.2520316,42.4364688],[2.2520807,42.436564],[2.2521577,42.4366464],[2.2522513,42.4366887],[2.2523449,42.4367511],[2.2524644,42.4368169],[2.2525755,42.436861],[2.2526842,42.4369146],[2.2529016,42.4369962],[2.2530075,42.4370563],[2.2531016,42.4371186],[2.2533544,42.4372114],[2.2536993,42.437352],[2.2537898,42.4374146],[2.2541444,42.4375626],[2.2542659,42.4376107],[2.2543826,42.4376516],[2.2550674,42.4379473],[2.2552758,42.4380651],[2.2555962,42.4382164],[2.2557078,42.4382717],[2.2559259,42.4383895],[2.2560788,42.4384546],[2.2564087,42.4386205],[2.2566273,42.4387093],[2.2567732,42.4387368],[2.2568989,42.4387082],[2.257008,42.4386685],[2.2573694,42.4384644],[2.2575066,42.4384041],[2.2581787,42.4382173],[2.2583222,42.4381311],[2.258448,42.4380761],[2.2585368,42.4379814],[2.2586793,42.4379392],[2.2592072,42.4379053],[2.259813,42.437784],[2.2599467,42.4377464],[2.2609526,42.4374917],[2.2612432,42.4374731],[2.2613863,42.4374596],[2.262041,42.4366822],[2.2630561,42.4357268],[2.2631703,42.4356265],[2.2632594,42.4355621],[2.2634766,42.435441],[2.2635851,42.4353876],[2.264728,42.434902],[2.2648854,42.4348455],[2.2661673,42.4342343],[2.2662954,42.4341776],[2.2665364,42.4340929],[2.2666835,42.4340733],[2.266955,42.4340276],[2.2670637,42.4339634],[2.2671528,42.433899],[2.2672286,42.4338188],[2.2673274,42.4337477],[2.2674195,42.4336496],[2.2674817,42.4336115],[2.267669,42.4336647],[2.2678281,42.4337196],[2.2680956,42.4337991],[2.2682295,42.4338497],[2.2683526,42.4338794],[2.2684791,42.433897],[2.26873,42.4339145],[2.2688593,42.4339413],[2.2691057,42.4339828],[2.2693489,42.4340575],[2.2694805,42.4340841],[2.2697585,42.4341266],[2.2700322,42.4341862],[2.2702862,42.434203],[2.270413,42.4342223],[2.270775,42.4343016],[2.2710462,42.4343197],[2.2715368,42.434305],[2.2716453,42.4342517],[2.2717635,42.4342021],[2.2718816,42.4341597],[2.2719975,42.434124],[2.272092,42.4340722],[2.2722992,42.4339912],[2.2726844,42.4337554],[2.2727772,42.4336837],[2.272859,42.4336072],[2.2729481,42.4335429],[2.2730925,42.433392],[2.2731649,42.4333083],[2.2732407,42.4332425],[2.2732959,42.4331644],[2.2733653,42.4331194],[2.273634,42.4328841],[2.2741569,42.4326107],[2.2742509,42.4325463],[2.274468,42.4324324],[2.2745667,42.4323754],[2.2746462,42.4323036],[2.2749818,42.4321468],[2.275749,42.4321019],[2.2765124,42.4323979],[2.2766324,42.4324155],[2.2767656,42.4321396],[2.2769811,42.4315029],[2.2773484,42.4311522],[2.2774886,42.4309647],[2.2776025,42.430858],[2.2777006,42.4307733],[2.2777942,42.4306797],[2.2778521,42.4306084],[2.2779439,42.4305392],[2.2781665,42.4303937],[2.2782714,42.4303291],[2.2783799,42.4302757],[2.2786436,42.4301609],[2.278733,42.4301121],[2.2805963,42.4295014],[2.281827,42.4290784],[2.2828359,42.4286491],[2.2851565,42.427754],[2.2857684,42.4273928],[2.285838,42.4273246],[2.285898,42.4272419],[2.2859633,42.4271389],[2.2860588,42.4270218],[2.2860658,42.4266842],[2.2860212,42.4265371],[2.2859995,42.42644],[2.2859553,42.426329],[2.2859077,42.4262276],[2.2858608,42.4261627],[2.2858206,42.4260468],[2.2858133,42.4259688],[2.2858786,42.4258997],[2.285961,42.4258654],[2.2862902,42.4256898],[2.2865152,42.4255362],[2.2866282,42.425501],[2.286751,42.4254695],[2.2873937,42.4253377],[2.2876344,42.4252747],[2.287733,42.4252087],[2.2878043,42.4251285],[2.2879068,42.4250393],[2.2879871,42.4249814],[2.2880807,42.4248789],[2.2882271,42.4248558],[2.2883148,42.4248284],[2.2884026,42.4248393],[2.2884904,42.4248339],[2.2885755,42.4248202],[2.2886744,42.4247559],[2.2887829,42.424699],[2.2888671,42.4246309],[2.2889418,42.4245483],[2.2890471,42.4244886],[2.2891314,42.4244169],[2.2894281,42.4242167],[2.2895173,42.4241451],[2.2897047,42.4240127],[2.2897882,42.4239329],[2.2899811,42.423797],[2.2900784,42.423719],[2.2901316,42.423642],[2.2902233,42.4235418],[2.290325,42.4234557],[2.2904627,42.4233483],[2.2907018,42.4231805],[2.2907776,42.4231003],[2.2909068,42.4230156],[2.2910183,42.4229754],[2.2911475,42.4229357],[2.2912697,42.4229369],[2.2914258,42.4230178],[2.2916178,42.4231385],[2.2917386,42.4232043],[2.2918538,42.4232592],[2.2921071,42.4233099],[2.2922462,42.4233283],[2.2925007,42.4233162],[2.2927651,42.4232932],[2.2928641,42.4232488],[2.2929963,42.4232355],[2.2931188,42.4232185],[2.2932464,42.4231907],[2.2934962,42.4231287],[2.2937759,42.4230992],[2.2939158,42.423088],[2.2940514,42.423066],[2.2942058,42.4230625],[2.2943609,42.4230787],[2.2944959,42.4231075],[2.2946192,42.4231227],[2.2947242,42.4231315],[2.2950336,42.423066],[2.2951382,42.4230064],[2.2952469,42.4229666],[2.2953955,42.4229415],[2.2959283,42.4229463],[2.2960823,42.4229547],[2.2962045,42.4229558],[2.2963266,42.4229642],[2.2964779,42.42298],[2.2967559,42.4230188],[2.2968904,42.4230252],[2.2970123,42.4230444],[2.2971575,42.4231038],[2.2972842,42.4231303],[2.2974135,42.423169],[2.2976868,42.4232041],[2.2978331,42.4232272],[2.298158,42.4232043],[2.2983975,42.4232262],[2.2986135,42.4232729],[2.2987308,42.4233329],[2.2988549,42.4233836],[2.2989701,42.4234439],[2.2991047,42.4234996],[2.29923,42.4235588],[2.2994779,42.4236444],[2.2996202,42.4236673],[2.2998781,42.4237421],[2.3001264,42.4238023],[2.3002481,42.4238396],[2.3003852,42.4238384],[2.3005019,42.4238793],[2.3006376,42.4239381],[2.3007588,42.4239972],[2.3008606,42.4240524],[2.3014553,42.4246241],[2.3018837,42.424954],[2.3021811,42.4251128],[2.3022776,42.4251755],[2.3023914,42.4252135],[2.3024978,42.4252691],[2.3026044,42.4253174],[2.3028524,42.4253781],[2.3030855,42.4254568],[2.3032133,42.42547],[2.3033591,42.4254998],[2.3034922,42.4255126],[2.3036055,42.425574],[2.303702,42.4256367],[2.3038116,42.4257167],[2.3039971,42.4258688],[2.3041712,42.4261499],[2.3042528,42.4262233],[2.3043393,42.4262931],[2.3044216,42.4263727],[2.3045583,42.4265483],[2.3046277,42.42661],[2.3047282,42.4267164],[2.304827,42.4268042],[2.3048983,42.4268755],[2.3050768,42.4271054],[2.3052124,42.4272499],[2.3052743,42.4273303],[2.3053401,42.4274565],[2.3054279,42.4275992],[2.3055596,42.427857],[2.3056145,42.4279338],[2.3056519,42.4280023],[2.3056844,42.4280896],[2.3057075,42.4282026],[2.305785,42.4283121],[2.3058666,42.4283891],[2.3059777,42.4284519],[2.3060844,42.4284966],[2.3062106,42.4285378],[2.3064143,42.4286115],[2.306531,42.4286417],[2.3069257,42.4287005],[2.3070526,42.4287128],[2.3071942,42.4287216],[2.307331,42.4287268],[2.3077317,42.4287313],[2.3081718,42.4287289],[2.308441,42.4287102],[2.3086505,42.4286612],[2.3088122,42.4286161],[2.3089267,42.4285902],[2.3092731,42.4284667],[2.3095096,42.4284254],[2.3097434,42.4284436],[2.3098534,42.4284557],[2.3099712,42.4284316],[2.3102471,42.4284346],[2.3103902,42.4284462],[2.3105164,42.4284627],[2.3106463,42.4284683],[2.3107832,42.4284662],[2.3109378,42.4284414],[2.3110795,42.428443],[2.3112213,42.4284742],[2.3113543,42.4284942],[2.3114876,42.4284854],[2.3116466,42.4285056],[2.3117691,42.4284925],[2.3119114,42.4284651],[2.3120668,42.4284119],[2.3122329,42.4283743],[2.3123856,42.4283181],[2.3125227,42.4282457],[2.312586,42.4281719],[2.3126714,42.4280833],[2.3127952,42.4280504],[2.3129512,42.4280513],[2.3131175,42.4280382],[2.3134964,42.4279193],[2.3138411,42.4277927],[2.3139653,42.4277108],[2.3140598,42.4276261],[2.3141732,42.4275766],[2.3142672,42.4274961],[2.3143807,42.4274394],[2.3145837,42.4273149],[2.3147318,42.4272713],[2.315048,42.4271082],[2.3151762,42.4270517],[2.3153022,42.426975],[2.3154061,42.4269205],[2.3155086,42.4268893],[2.3156411,42.4268807],[2.3157968,42.4268784],[2.315941,42.426867],[2.3160926,42.426867],[2.3162218,42.4268491],[2.3163571,42.426776],[2.3166503,42.4265402],[2.3168437,42.426401],[2.3170666,42.4262586],[2.3171802,42.4261983],[2.3172783,42.4260601],[2.3173199,42.4259599],[2.3174237,42.4259031],[2.3175376,42.4258319],[2.3176703,42.425791],[2.3177645,42.4257269],[2.3178733,42.4256665],[2.3179957,42.4255638],[2.3180218,42.4254808],[2.3181208,42.4253141],[2.3181995,42.4252448],[2.3183562,42.4251759],[2.3185427,42.4251277],[2.3186048,42.4250972],[2.3186818,42.4249515],[2.3187339,42.4245895],[2.3186845,42.4244304],[2.3186187,42.4243316],[2.3185858,42.4242383],[2.3185309,42.4241121],[2.3184588,42.4239834],[2.3184369,42.4238847],[2.3184304,42.4238176],[2.3184424,42.4237091],[2.3184404,42.4235915],[2.3184204,42.4234677],[2.3184259,42.4233689],[2.3184204,42.4232427],[2.318442,42.4231451],[2.3184259,42.4230397],[2.3183711,42.4228531],[2.3183437,42.4227214],[2.3183169,42.4225564],[2.318308,42.4223647],[2.3184016,42.4221909],[2.3185889,42.4220349],[2.3188474,42.4219101],[2.3190624,42.4217997],[2.3191941,42.4217448],[2.3193203,42.4217064],[2.3197197,42.4215028],[2.3197881,42.4214249],[2.3198086,42.4213608],[2.319847,42.4212675],[2.3199019,42.4211852],[2.3200006,42.4211084],[2.3200774,42.4210041],[2.3202659,42.4208686],[2.3204595,42.4207222],[2.3205164,42.4205981],[2.3205548,42.4204664],[2.3206206,42.4203951],[2.3207688,42.4203622],[2.3209114,42.4203073],[2.3210486,42.4202634],[2.3211536,42.4202373],[2.3213339,42.4202031],[2.3214272,42.4201482],[2.3215259,42.4200824],[2.3215972,42.4199946],[2.3216631,42.4198848],[2.3217364,42.4197895],[2.3218816,42.4196172],[2.321942,42.4195274],[2.3220073,42.4194448],[2.3222176,42.4191935],[2.3223873,42.4190179],[2.3225068,42.4189689],[2.3226177,42.4189286],[2.3227549,42.4188548],[2.322866,42.4188008],[2.3229751,42.4187223],[2.3231038,42.4186404],[2.3232124,42.418544],[2.3233112,42.4184908],[2.3235191,42.4183627],[2.323633,42.4182915],[2.3237272,42.4182237],[2.3238118,42.4181486],[2.3239168,42.4180771],[2.3240065,42.4179876],[2.324106,42.4179017],[2.3242297,42.417827],[2.3243171,42.4177384],[2.3244309,42.4176708],[2.3245662,42.4176243],[2.32467,42.4175639],[2.3247787,42.4175071],[2.3248971,42.4174505],[2.3250154,42.4174011],[2.3253649,42.4172781],[2.3254975,42.417247],[2.325625,42.4172267],[2.3257414,42.4171892],[2.325882,42.4171571],[2.3262628,42.4170847],[2.3264189,42.4170712],[2.3268963,42.4170764],[2.3270199,42.4170675],[2.3271385,42.4170695],[2.3274276,42.4170329],[2.3275502,42.4170125],[2.3276779,42.4169813],[2.3278997,42.4168895],[2.3280274,42.4168584],[2.3281742,42.4168491],[2.328311,42.4168542],[2.3284576,42.4168522],[2.3286202,42.4168836],[2.3287794,42.4168708],[2.3289055,42.4167962],[2.3290236,42.4167576],[2.3292238,42.4166806],[2.3293413,42.4166458],[2.3295146,42.4166148],[2.3296123,42.4165874],[2.3297429,42.4165348],[2.3299411,42.416403],[2.3301538,42.4162749],[2.3303519,42.4161467],[2.3306634,42.415969],[2.3307764,42.4158601],[2.3308588,42.4157424],[2.3309411,42.4156491],[2.3310787,42.4155662],[2.331165,42.4155224],[2.3312432,42.4154988],[2.3313624,42.4154906],[2.3314941,42.4155065],[2.3317935,42.4156873],[2.3318901,42.4157625],[2.3319966,42.4158281],[2.3321084,42.415889],[2.3322605,42.4159591],[2.3323942,42.4160081],[2.332519,42.4160304],[2.332684,42.416026],[2.3328221,42.4160081],[2.3329458,42.4159758],[2.3330894,42.4159481],[2.3331913,42.4158976],[2.3333443,42.4158648],[2.3334683,42.4158315],[2.3335957,42.4158148],[2.3338461,42.4157209],[2.3339622,42.4156618],[2.3340945,42.4156452],[2.3343634,42.4156445],[2.3349335,42.4158964],[2.3352653,42.4160613],[2.3355566,42.4161617],[2.3358126,42.4162137],[2.3359242,42.4162259],[2.336046,42.4162453],[2.3361956,42.4162424],[2.3363095,42.4162311],[2.3364391,42.4162583],[2.3365679,42.4163018],[2.3366979,42.4163609],[2.336945,42.4163382],[2.3370778,42.4163727],[2.3371876,42.4164359],[2.3372878,42.4164763],[2.3375246,42.4165173],[2.3381365,42.4166104],[2.3388852,42.4165613],[2.3393907,42.4164611],[2.3401643,42.4162581],[2.3403307,42.4162111],[2.3404523,42.4162414],[2.3405689,42.4162753],[2.3408115,42.4163648],[2.3409378,42.4164024],[2.341064,42.4164473],[2.3411706,42.4164955],[2.3412991,42.4165294],[2.3415258,42.4165981],[2.3416519,42.4166466],[2.3417733,42.4166877],[2.3421176,42.4168255],[2.342239,42.4168631],[2.3423607,42.4168861],[2.3426173,42.4169077],[2.3427256,42.4169206],[2.3431068,42.4169248],[2.3432388,42.4169226],[2.3435141,42.4168815],[2.3436116,42.4168773],[2.343761,42.4168829],[2.3438875,42.4168957],[2.3439831,42.4168848],[2.3440918,42.4168244],[2.3441907,42.4167639],[2.3443842,42.4166145],[2.3444986,42.4165502],[2.3445839,42.4164712],[2.3448877,42.4163045],[2.3449889,42.4162569],[2.3451096,42.4162095],[2.3452141,42.4161571],[2.3453277,42.416117],[2.345422,42.4160456],[2.3455861,42.4159025],[2.345656,42.4158272],[2.3458369,42.4155792],[2.3458923,42.4154965],[2.3459333,42.4153991],[2.345945,42.4153015],[2.3459469,42.4152073],[2.345939,42.4151094],[2.3458811,42.4148263],[2.3458602,42.4146449],[2.3458425,42.4145542],[2.3458053,42.414456],[2.3457602,42.4142672],[2.3457002,42.414089],[2.3456003,42.413704],[2.3455678,42.4136167],[2.3455256,42.4135257],[2.3454215,42.4133507],[2.3452929,42.4131827],[2.3452361,42.4130915],[2.3451888,42.4130077],[2.3451564,42.4129204],[2.3451091,42.4128366],[2.345067,42.4127419],[2.3450397,42.4126438],[2.3449604,42.412451],[2.3449301,42.4122551],[2.3449242,42.4120594],[2.344928,42.4118675],[2.3449855,42.4116942],[2.3449873,42.4116001],[2.3450107,42.4114048],[2.3450372,42.4113036],[2.3450837,42.4112052],[2.3450718,42.4110944],[2.3450479,42.4109922],[2.3451006,42.4108008],[2.3451726,42.4106205],[2.3452134,42.410534],[2.3452282,42.4104262],[2.3452412,42.4102397],[2.3452699,42.4101616],[2.3453719,42.4100625],[2.3455565,42.4099872],[2.3456462,42.409899],[2.3456946,42.409801],[2.3457307,42.4097072],[2.3458028,42.4095196],[2.3458427,42.4094308],[2.3459583,42.4092404],[2.3461082,42.4090754],[2.346188,42.4089966],[2.3462774,42.4089215],[2.3463716,42.4088537],[2.3464243,42.4087818],[2.3464955,42.4087188],[2.3465488,42.4085898],[2.3466284,42.4085182],[2.3479829,42.407641],[2.34815,42.4074293],[2.3491284,42.4068762],[2.3499421,42.4065657],[2.3507157,42.4061874],[2.352017,42.4057081],[2.3521793,42.4056709],[2.352447,42.4055585],[2.3526094,42.4055213],[2.3527419,42.4055018],[2.3528599,42.4054783],[2.3529941,42.4054239],[2.3535157,42.405302],[2.3536292,42.4052677],[2.3537429,42.4052224],[2.3538799,42.4051943],[2.3539938,42.4051419],[2.3545721,42.404928],[2.354842,42.4047737],[2.3551717,42.4046167],[2.355601,42.4045589],[2.3559661,42.4044514],[2.3560995,42.4044029],[2.356207,42.4043257],[2.3563208,42.4042769],[2.3565538,42.4041648],[2.3566726,42.404116],[2.3567956,42.4040854],[2.3570273,42.4039348],[2.3571795,42.4039083],[2.3573355,42.4038971],[2.3574874,42.4038934],[2.3577572,42.4039476],[2.3578719,42.4039648],[2.3580136,42.4039635],[2.3581339,42.4039522],[2.3582731,42.4038631],[2.3583961,42.4038139],[2.3585285,42.4037979],[2.3586805,42.4038009],[2.3588306,42.4037924],[2.3590911,42.4037852],[2.3592436,42.4037868],[2.3593766,42.4037491],[2.359604,42.4036622],[2.3598219,42.4035644],[2.3598959,42.4034686],[2.3599747,42.4033848],[2.3600533,42.4033154],[2.3602004,42.4032224],[2.3604352,42.4031274],[2.3605399,42.4030798],[2.3607493,42.4029383],[2.3608563,42.4028135],[2.3609113,42.4027288],[2.3610248,42.4026908],[2.3611527,42.4026603],[2.3614081,42.4026173],[2.3616728,42.402589],[2.3620608,42.4025229],[2.3621982,42.4025034],[2.3623404,42.4024876],[2.3624628,42.4024787],[2.3625997,42.4024773],[2.3627328,42.4024409],[2.3628744,42.4024432],[2.3632655,42.4024387],[2.3635568,42.4024299],[2.3636955,42.4024371],[2.3638373,42.4024322],[2.3639661,42.4023983],[2.3640929,42.402404],[2.3642456,42.4024],[2.3643606,42.4024255],[2.3646185,42.4024622],[2.3647481,42.4024918],[2.3648606,42.4025285],[2.3649927,42.4025234],[2.3653946,42.4024828],[2.3656548,42.4024436],[2.3660626,42.4023668],[2.3661905,42.4023399],[2.3664563,42.4022718],[2.3665749,42.4022303],[2.3670154,42.4020382],[2.3672479,42.4019441],[2.3673762,42.4018991],[2.3674704,42.4018292],[2.3676033,42.4017952],[2.3677532,42.4017503],[2.3678841,42.4017443],[2.3680426,42.4017109],[2.3682005,42.4016975],[2.3683193,42.4016451],[2.3683547,42.4015274],[2.3684189,42.4014266],[2.3685138,42.4013573],[2.3686155,42.4012998],[2.3687203,42.4012254],[2.3688342,42.4011765],[2.3689674,42.4011316],[2.3692238,42.4010524],[2.369485,42.400977],[2.3696279,42.4009394],[2.3700357,42.4008627],[2.3702817,42.4008051],[2.3704269,42.400812],[2.3705562,42.4008075],[2.3706988,42.4007852],[2.370854,42.4007822],[2.3712576,42.4006837],[2.3713853,42.4006604],[2.3715101,42.4006069],[2.3716514,42.400559],[2.3717776,42.4005222],[2.3719158,42.4004955],[2.3720628,42.4004477],[2.37221,42.4004153],[2.3723351,42.4003991],[2.3725446,42.4003902],[2.3727541,42.4004259],[2.3729458,42.4004838],[2.3730346,42.4005222],[2.3731193,42.400598],[2.3731998,42.4006929],[2.3732843,42.400754],[2.3733868,42.4008031],[2.373519,42.4008022],[2.373777,42.4008354],[2.3740548,42.4008616],[2.3744442,42.4009113],[2.3745855,42.4009245],[2.374883,42.4009438],[2.3751628,42.4009171],[2.3753352,42.4008892],[2.3757531,42.4008666],[2.376481,42.4009484],[2.3767487,42.4009985],[2.3775931,42.401135],[2.3778101,42.4011939],[2.3784409,42.4014453],[2.3788028,42.4013692],[2.37913,42.4013945],[2.3794027,42.4014243],[2.3795297,42.4014263],[2.3798279,42.4014239],[2.3799969,42.4014079],[2.3800943,42.4013856],[2.3802511,42.40137],[2.380381,42.4013234],[2.380473,42.4012734],[2.3806012,42.401232],[2.3807202,42.401176],[2.3808504,42.4011382],[2.380962,42.4011243],[2.3810758,42.4010754],[2.3812891,42.4009665],[2.3815119,42.4008651],[2.3816405,42.4008128],[2.3817638,42.4007749],[2.3818907,42.4006868],[2.3821101,42.400585],[2.3822146,42.4005214],[2.3823237,42.4004652],[2.382457,42.4004203],[2.3825848,42.4003934],[2.3827173,42.4003738],[2.3828648,42.4003836],[2.3829822,42.4003863],[2.3832384,42.4003712],[2.3833561,42.4003932],[2.3836052,42.4003972],[2.3838745,42.4004227],[2.3839942,42.4004124],[2.3841214,42.4004072],[2.3843003,42.4003769],[2.3844177,42.4003366],[2.384528,42.4003143],[2.3847966,42.4003186],[2.3849311,42.4003056],[2.385061,42.4002991],[2.3852266,42.4003024],[2.3853692,42.4003369],[2.3854792,42.4003784],[2.3855855,42.4004109],[2.3857122,42.4004238],[2.3859759,42.400428],[2.3862351,42.4004213],[2.3863909,42.4004239],[2.38677,42.400325],[2.3870156,42.4002818],[2.387143,42.4002694],[2.3872895,42.4002388],[2.3875366,42.4001985],[2.387621,42.4001589],[2.3877063,42.4000842],[2.3879942,42.3997629],[2.3880795,42.3996845],[2.3881501,42.3996096],[2.3883479,42.3993628],[2.3884507,42.399187],[2.3884927,42.3990862],[2.3885298,42.398989],[2.3885694,42.3988013],[2.3886113,42.3987078],[2.388676,42.3986654],[2.3887792,42.3986453],[2.3891666,42.3985972],[2.3892853,42.3985483],[2.3893753,42.3984773],[2.3895459,42.3983243],[2.3896361,42.3982497],[2.3900105,42.3979768],[2.3901909,42.3978203],[2.3903856,42.3976785],[2.3904757,42.3976039],[2.3907316,42.3973761],[2.3908267,42.397298],[2.3911166,42.3970744],[2.3911919,42.3970032],[2.3912579,42.3969209],[2.3913284,42.396846],[2.3914185,42.396775],[2.391518,42.3967114],[2.3916371,42.3966481],[2.3917462,42.3965955],[2.3918597,42.3965538],[2.3919827,42.3965268],[2.3921103,42.3965071],[2.3922375,42.3965019],[2.3923645,42.3965039],[2.3924869,42.396495],[2.3925662,42.3964564],[2.3927563,42.3963037],[2.3928555,42.396251],[2.3929742,42.3962022],[2.3930877,42.3961641],[2.3932014,42.3961188],[2.3933744,42.3961274],[2.3935335,42.3961054],[2.3936707,42.3961109],[2.3938189,42.3961274],[2.3939725,42.3961548],[2.3941206,42.3961548],[2.3942329,42.3961109],[2.3943194,42.3960517],[2.3943912,42.3959344],[2.3944747,42.3958546],[2.394546,42.3957943],[2.3946502,42.3956736],[2.3947709,42.3955803],[2.3948478,42.395509],[2.3949682,42.3954153],[2.3951922,42.3953],[2.3954381,42.395246],[2.3957034,42.3951958],[2.3959571,42.39517],[2.3961082,42.3951709],[2.3962406,42.3951549],[2.3970373,42.3951731],[2.3982409,42.3950737],[2.3991562,42.3951242],[2.3996092,42.3949509],[2.4001987,42.3948413],[2.4004534,42.3948153],[2.4005904,42.394806],[2.400816,42.3947588],[2.4009467,42.394715],[2.401197,42.3946672],[2.4013149,42.3946396],[2.4014375,42.3946157],[2.4015601,42.394599],[2.4016758,42.3945472],[2.4017863,42.3945182],[2.4019137,42.3945015],[2.402027,42.3944594],[2.4021037,42.3944209],[2.4022026,42.3943641],[2.402297,42.3942928],[2.4023958,42.3942489],[2.4025175,42.3941693],[2.4025824,42.3941032],[2.4026744,42.3940369],[2.4028181,42.3939194],[2.4028966,42.3938665],[2.4031424,42.3936434],[2.4032536,42.3935741],[2.4033382,42.3935026],[2.4034471,42.3934387],[2.4035652,42.3934002],[2.4037073,42.3933801],[2.4038394,42.3933744],[2.4040984,42.3933702],[2.4042077,42.393352],[2.4044233,42.3933708],[2.4045401,42.3933976],[2.4046493,42.3933976],[2.4047552,42.3933697],[2.4048451,42.3933384],[2.4050454,42.3931699],[2.4051422,42.3930069],[2.4052425,42.3928842],[2.4053654,42.3927066],[2.4054701,42.3926201],[2.4055976,42.3925882],[2.4057569,42.3925609],[2.4059345,42.3925473],[2.4063123,42.3925882],[2.4064079,42.3926065],[2.406713,42.3926747],[2.407049,42.3928498],[2.40739,42.3929514],[2.4079619,42.3929384],[2.40895,42.3926545],[2.4092308,42.3925698],[2.4098921,42.3923133],[2.4117399,42.3918118],[2.4123178,42.3917534],[2.4129938,42.3916743],[2.4131163,42.3916576],[2.4133861,42.39161],[2.413533,42.3915936],[2.4136594,42.3915551],[2.4137905,42.3914746],[2.4139657,42.3913417],[2.4140923,42.3913045],[2.4142294,42.3913484],[2.4143831,42.3914417],[2.4145367,42.3915789],[2.4151207,42.3919259],[2.4152371,42.3919671],[2.4156157,42.3920874],[2.415862,42.392144],[2.4159824,42.3921636],[2.416118,42.3921959],[2.4162639,42.3922207],[2.416387,42.3922526],[2.416479,42.3923031],[2.4166158,42.3923557],[2.4167318,42.392415],[2.4168482,42.3924562],[2.4169795,42.3924867],[2.4173004,42.3926191],[2.4174983,42.3927117],[2.4176673,42.392819],[2.4178001,42.3928856],[2.4179232,42.3929175],[2.4180493,42.3929554],[2.4183183,42.3929477],[2.4184958,42.3929223],[2.4188676,42.3929048],[2.4189897,42.3929063],[2.4191446,42.3929353],[2.4192694,42.3929531],[2.4194879,42.39302],[2.4196082,42.393069],[2.4197241,42.3930913],[2.4197999,42.3930913],[2.4198935,42.3931047],[2.4200179,42.3931152],[2.4201699,42.3930716],[2.4208098,42.3930791],[2.4209368,42.3930842],[2.4210587,42.3930964],[2.4211852,42.3931233],[2.4213065,42.3931609],[2.4214441,42.3931761],[2.4217219,42.3932259],[2.4218285,42.3932706],[2.4221775,42.3934051],[2.4222891,42.3934426],[2.422532,42.3935106],[2.4229047,42.3936022],[2.423018,42.3936413],[2.423128,42.3936855],[2.4232644,42.3937052],[2.4235173,42.3937588],[2.4236537,42.3937821],[2.4237755,42.393798],[2.4241807,42.3938172],[2.4243124,42.3938296],[2.4244451,42.393817],[2.4248155,42.393802],[2.4249847,42.3937571],[2.4251566,42.3937306],[2.4252934,42.3937322],[2.4254196,42.3937129],[2.4255563,42.3937218],[2.4256928,42.3937342],[2.4258612,42.3937581],[2.4260074,42.3937743],[2.4261658,42.3938569],[2.4264085,42.3939544],[2.4265178,42.3939891],[2.4267811,42.3940138],[2.4270544,42.3940315],[2.4273425,42.394042],[2.4276304,42.3940635],[2.4278936,42.3940955],[2.4281468,42.3941382],[2.428844,42.3942115],[2.4292521,42.3941796],[2.4294441,42.3941576],[2.4296252,42.3941083],[2.4299074,42.3941094],[2.4300476,42.3940699],[2.4302168,42.3940312],[2.4303602,42.3939741],[2.430717,42.3938449],[2.4310235,42.3938787],[2.4312382,42.3939711],[2.4320628,42.3945795],[2.4322756,42.3947442],[2.4324538,42.3947957],[2.4326099,42.3947502],[2.4327416,42.3946953],[2.4328474,42.3946677],[2.4329296,42.3946105],[2.4330327,42.3945494],[2.4331603,42.3944884],[2.4332633,42.3944309],[2.4333067,42.3943168],[2.4333122,42.3941631],[2.4332984,42.3940279],[2.4333039,42.3939347],[2.4333423,42.3938469],[2.4334624,42.3936595],[2.4334974,42.3935618],[2.4334933,42.3934663],[2.4335137,42.3933577],[2.4335389,42.3932673],[2.4335427,42.39317],[2.4335769,42.3930526],[2.4336167,42.3929622],[2.4336469,42.3928573],[2.4337318,42.3927508],[2.4337668,42.3926532],[2.4338709,42.3924653],[2.4339206,42.3923641],[2.4340344,42.3921907],[2.4341629,42.3920065],[2.4343876,42.3916996],[2.4344789,42.3916364],[2.4345138,42.391546],[2.4345742,42.3914527],[2.4346418,42.3913958],[2.4346818,42.3912909],[2.4347265,42.3911969],[2.4347761,42.3911066],[2.434811,42.3910198],[2.4348362,42.3909221],[2.434842,42.3908099],[2.4348446,42.3904947],[2.4348322,42.3902085],[2.434838,42.3900999],[2.4348534,42.3900057],[2.4348884,42.3899153],[2.4350218,42.3897348],[2.435129,42.3894196],[2.4351849,42.3893477],[2.4352646,42.3891507],[2.4352862,42.3890393],[2.4353679,42.3888479],[2.4354175,42.388754],[2.4355509,42.388577],[2.4356399,42.3884331],[2.4357458,42.3883491],[2.4358132,42.3882486],[2.4357943,42.3881797],[2.4355139,42.3880153],[2.4354511,42.3879353],[2.4353735,42.3878553],[2.4352862,42.3877824],[2.4351988,42.3877132],[2.4350968,42.3876403],[2.4349578,42.3875767],[2.4347995,42.3874202],[2.4346267,42.3870596],[2.4346394,42.386231],[2.4347464,42.3859011],[2.4349015,42.3856864],[2.4349648,42.3855846],[2.4350317,42.3855089],[2.4351298,42.3853707],[2.4351966,42.3853038],[2.4352501,42.3852369],[2.4353259,42.3851701],[2.4353883,42.3850497],[2.4354596,42.3847912],[2.4354908,42.3847199],[2.4355309,42.384604],[2.4355379,42.3844751],[2.4354547,42.3841462],[2.4354262,42.3840483],[2.4353928,42.3839576],[2.435317,42.3838506],[2.435152,42.3835876],[2.4350598,42.3833974],[2.4350361,42.3833068],[2.434996,42.3832265],[2.434947,42.3831508],[2.4349052,42.3830619],[2.4348726,42.3828698],[2.4348489,42.3827719],[2.4348105,42.3826701],[2.4347731,42.3824598],[2.4347197,42.3823751],[2.4346305,42.3822904],[2.4345146,42.3822236],[2.4343809,42.382179],[2.4342249,42.3821344],[2.434149,42.3820788],[2.4340617,42.3820023],[2.4339645,42.3819367],[2.4338723,42.381853],[2.4337025,42.3817146],[2.4336046,42.3816519],[2.4334852,42.3815671],[2.4333961,42.3815111],[2.4333382,42.3814311],[2.4332503,42.3813325],[2.433183,42.3812382],[2.4331508,42.3811413],[2.4332194,42.381035],[2.4332753,42.3809504],[2.433363,42.3808569],[2.43351,42.3807502],[2.4335517,42.3806696],[2.433531,42.3805655],[2.4335343,42.3801671],[2.4335495,42.3800347],[2.4335968,42.3799451],[2.4336419,42.3798453],[2.4336494,42.3795301],[2.4336085,42.3793665],[2.4335383,42.3792262],[2.433474,42.3791152],[2.4333922,42.3790216],[2.4333221,42.3789223],[2.4332344,42.3788755],[2.4331625,42.3788215],[2.433072,42.3787414],[2.4329218,42.3785885],[2.432854,42.3785086],[2.4327913,42.3784141],[2.4327433,42.3783016],[2.4327392,42.378211],[2.4327645,42.3781061],[2.4327994,42.3780157],[2.4328539,42.3779217],[2.4329181,42.3778351],[2.4331498,42.3775789],[2.4334756,42.3771638],[2.4337168,42.376933],[2.4338422,42.3768824],[2.4340668,42.3768049],[2.4341891,42.3767801],[2.4344335,42.3767595],[2.4345609,42.3767166],[2.4346591,42.3766482],[2.4347492,42.376543],[2.4348134,42.3764564],[2.4348565,42.3763579],[2.434894,42.3761631],[2.43489,42.3760602],[2.4349963,42.375768],[2.4350801,42.375685],[2.4352429,42.3756281],[2.4353263,42.3755611],[2.4354343,42.3754964],[2.4355325,42.3754316],[2.4358226,42.3751938],[2.4358966,42.3751108],[2.4359461,42.3750241],[2.4360152,42.3749338],[2.4360531,42.3748312],[2.4361271,42.3747446],[2.4362157,42.374658],[2.4364021,42.3745097],[2.4365032,42.3744524],[2.4366433,42.3744026],[2.436776,42.3743747],[2.4373417,42.3742246],[2.4377305,42.3740709],[2.4380305,42.3739333],[2.4381324,42.3738727],[2.4382386,42.3738157],[2.4383395,42.373751],[2.4384677,42.3736546],[2.4385316,42.3735763],[2.4386206,42.3735037],[2.4387228,42.3734524],[2.4396353,42.3730242],[2.4397369,42.3729544],[2.4398433,42.372903],[2.4399495,42.3728455],[2.4401363,42.3727124],[2.4402037,42.3726509],[2.4403277,42.3725764],[2.4404388,42.3725004],[2.4406289,42.3723894],[2.4407361,42.3723531],[2.4409314,42.372226],[2.4410314,42.3721715],[2.4411191,42.3721014],[2.4411951,42.3720137],[2.441347,42.3718694],[2.4414066,42.3717881],[2.4414873,42.3717156],[2.4415925,42.3716396],[2.4417854,42.3715286],[2.4419224,42.3714365],[2.4420331,42.3713881],[2.4422244,42.3712672],[2.4423265,42.3712098],[2.4424619,42.3710159],[2.4424961,42.3709227],[2.4425607,42.3708659],[2.4427701,42.3707879],[2.4429128,42.3707808],[2.4430332,42.3707585],[2.4433096,42.3707629],[2.4434656,42.3707407],[2.4436108,42.3707021],[2.4437301,42.3706628],[2.4439648,42.3705936],[2.4441476,42.3704643],[2.4442501,42.3704152],[2.4443526,42.3703261],[2.4444489,42.3702532],[2.4446701,42.3701534],[2.4448869,42.3700475],[2.4449849,42.3699932],[2.4451927,42.369869],[2.4454175,42.3697536],[2.4456348,42.36966],[2.4457452,42.3696055],[2.4458593,42.3695817],[2.446032,42.3695537],[2.446147,42.3695083],[2.4462786,42.3694657],[2.4464148,42.3694354],[2.4466545,42.3693907],[2.4469182,42.3693178],[2.4470205,42.3692665],[2.4471942,42.3691182],[2.4473125,42.3690512],[2.4473928,42.3689888],[2.44749,42.3689369],[2.4476187,42.3689314],[2.4478815,42.3690328],[2.4480222,42.3690757],[2.4481639,42.3690854],[2.4484353,42.3691141],[2.4488157,42.3691686],[2.4489519,42.3692137],[2.4492276,42.3692455],[2.4495237,42.369266],[2.4503006,42.369243],[2.450563,42.3692036],[2.4513764,42.3693591],[2.4516359,42.3693748],[2.4517627,42.3693729],[2.4529495,42.3694966],[2.4533465,42.3695822],[2.4535744,42.3696699],[2.453814,42.3697751],[2.4539717,42.3698369],[2.4541326,42.3698826],[2.4543985,42.3698745],[2.4545271,42.3698803],[2.4546615,42.3698686],[2.4547784,42.369816],[2.4548486,42.3697342],[2.4549304,42.3696232],[2.454975,42.3695057],[2.4550005,42.3693777],[2.455135,42.369062],[2.4551584,42.3689452],[2.4552518,42.368748],[2.4553279,42.3686633],[2.4553955,42.3685725],[2.4555062,42.3684069],[2.4555824,42.3683253],[2.4556885,42.3682711],[2.4558044,42.3681998],[2.4559113,42.368124],[2.4560451,42.3680616],[2.4562055,42.3679947],[2.456366,42.3679412],[2.4564017,42.3678253],[2.4562716,42.3671595],[2.4563462,42.3668586],[2.4563303,42.3667602],[2.45636,42.3666052],[2.4564374,42.3659056],[2.456438,42.3658038],[2.4566605,42.3644237],[2.456794,42.3635148],[2.4568029,42.3633632],[2.4568528,42.3632738],[2.4569181,42.3632356],[2.4570403,42.3632484],[2.4571492,42.3632998],[2.4572824,42.3633034],[2.4573471,42.3633065],[2.457678,42.3633174],[2.4579483,42.3633154],[2.4580853,42.3633066],[2.4583503,42.3632737],[2.4585195,42.3632743],[2.4587756,42.3632231],[2.4589106,42.3632312],[2.4590386,42.363204],[2.4591581,42.363174],[2.4592916,42.3631289],[2.4595019,42.3630173],[2.4596421,42.3629838],[2.459762,42.362963],[2.4599027,42.3629418],[2.4600436,42.3629267],[2.4603091,42.3629062],[2.4605859,42.3628516],[2.4608331,42.3627852],[2.4612889,42.362616],[2.4614164,42.3625735],[2.4616881,42.3624943],[2.4619397,42.3624308],[2.4621875,42.3623829],[2.4627494,42.362231],[2.4628625,42.3621469],[2.4629774,42.3621015],[2.4630961,42.3620468],[2.4632151,42.3620013],[2.4634539,42.3619289],[2.4635603,42.3618806],[2.4636664,42.361823],[2.4641176,42.3616416],[2.4643468,42.3615323],[2.4645592,42.3614234],[2.4656971,42.3608974],[2.4662888,42.3605683],[2.4666332,42.3600679],[2.4669709,42.3597976],[2.4673898,42.3592554],[2.4674968,42.3588967],[2.4674433,42.3585356],[2.4675778,42.3580176],[2.4677452,42.3577991],[2.4679673,42.3572847],[2.4681847,42.3569724],[2.4686607,42.3567171],[2.4688794,42.3565641],[2.4691363,42.3563262],[2.4693481,42.3561912],[2.4694701,42.3561187],[2.4695678,42.3560432],[2.4696652,42.3559554],[2.4698853,42.3558081],[2.4699929,42.3557436],[2.4701063,42.3556532],[2.4704809,42.3554437],[2.4705941,42.3553385],[2.4706748,42.3552509],[2.4708051,42.3551502],[2.4709181,42.355025],[2.4710155,42.3549372],[2.4710842,42.354787],[2.4711652,42.3547118],[2.471229,42.3546121],[2.4714217,42.3543623],[2.4715024,42.3542747],[2.4718892,42.3538246],[2.4719888,42.3535695],[2.4720359,42.3534701],[2.472082,42.3533336],[2.4721522,42.3532401],[2.4722285,42.3531654],[2.4722539,42.3528812],[2.4721814,42.3527491],[2.4721281,42.3526353],[2.4721171,42.3522406],[2.4721522,42.3521179],[2.4722048,42.3520127],[2.4722607,42.351931],[2.4722909,42.3518195],[2.4723852,42.3516206],[2.4724489,42.3515209],[2.4724957,42.3514091],[2.4725096,42.3513102],[2.4725401,42.351211],[2.4725374,42.3511124],[2.4725029,42.3510132],[2.4724678,42.3508846],[2.4724653,42.3506867],[2.4724585,42.3505698],[2.4724883,42.3504459],[2.4725348,42.3503218],[2.4725912,42.3500654],[2.4727002,42.3498421],[2.4728309,42.3496163],[2.4728947,42.3495166],[2.4729588,42.3494293],[2.473064,42.3492189],[2.4731809,42.3491604],[2.4732861,42.3490669],[2.4733936,42.3490015],[2.4735126,42.3489167],[2.4737085,42.3488385],[2.4738066,42.3487806],[2.4739537,42.3487226],[2.4740687,42.3486715],[2.4741841,42.3486327],[2.4743103,42.3485978],[2.4744924,42.3485378],[2.4746067,42.348462],[2.4747097,42.3483682],[2.4748074,42.3482927],[2.4749054,42.3482295],[2.4750599,42.3482017],[2.475479,42.3481482],[2.4757545,42.3480748],[2.4759774,42.3479074],[2.4760956,42.3476456],[2.4760822,42.3471463],[2.4762131,42.3461008],[2.4766993,42.3449814],[2.4773015,42.3446073],[2.4777574,42.3443618],[2.4783302,42.3437481],[2.478421,42.3436859],[2.4786607,42.3435489],[2.4787839,42.3434437],[2.4788562,42.3433507],[2.478938,42.3432805],[2.47909,42.3431286],[2.4791521,42.3430305],[2.4792513,42.3429745],[2.479322,42.3428992],[2.4794091,42.3428288],[2.4794855,42.3427507],[2.4795578,42.3426427],[2.4796021,42.3425063],[2.4796604,42.3423881],[2.4797446,42.3422752],[2.4798771,42.342219],[2.4799845,42.3421567],[2.4800836,42.3420883],[2.4802247,42.3420344],[2.4803583,42.3419676],[2.4809235,42.3410305],[2.4820287,42.3406025],[2.4824745,42.340442],[2.4828222,42.3402503],[2.4831788,42.3400987],[2.4833425,42.3400052],[2.4834686,42.3399606],[2.4835622,42.3399516],[2.4836558,42.3399682],[2.483745,42.3400597],[2.4838485,42.3401152],[2.4839777,42.340169],[2.4840861,42.3402235],[2.4843037,42.3403703],[2.4844068,42.3404646],[2.4845096,42.3405432],[2.4846266,42.340598],[2.4847301,42.3406782],[2.4849785,42.3408367],[2.4850873,42.3409008],[2.4852299,42.340981],[2.4853641,42.3410111],[2.4855722,42.3409386],[2.4856873,42.3408669],[2.4858032,42.340823],[2.4859193,42.3407915],[2.486043,42.3407416],[2.4862564,42.3406382],[2.4863471,42.3405575],[2.4864294,42.3404768],[2.4864953,42.340421],[2.4866196,42.3403832],[2.4867525,42.3403702],[2.4868939,42.3403755],[2.4870106,42.3404057],[2.4871275,42.3404606],[2.4873365,42.3405704],[2.4874543,42.3406226],[2.487805,42.3407336],[2.4880096,42.3408213],[2.4881089,42.3408447],[2.4882079,42.3408958],[2.4882722,42.3409426],[2.4884741,42.3410292],[2.4886099,42.3410756],[2.4888761,42.3410623],[2.488995,42.3412],[2.4890589,42.3413096],[2.4892892,42.3414219],[2.4893827,42.3415037],[2.4894763,42.3415738],[2.4895931,42.3416498],[2.4898177,42.3417405],[2.4899512,42.341783],[2.4900846,42.3418192],[2.4902095,42.3418432],[2.4903214,42.3419101],[2.4904299,42.3419527],[2.4907229,42.3421484],[2.4908233,42.3422095],[2.4909397,42.3422558],[2.4910372,42.3422887],[2.4912464,42.3424232],[2.4913632,42.3424595],[2.4915324,42.3425326],[2.4920999,42.3427557],[2.4921912,42.3427429],[2.4922656,42.3426993],[2.4923337,42.3426508],[2.4924412,42.3425947],[2.4925403,42.3425324],[2.4926124,42.3424691],[2.4927686,42.3423017],[2.4928428,42.3422396],[2.493262,42.3420557],[2.4933376,42.3420474],[2.4934624,42.342059],[2.4936046,42.3421183],[2.4937157,42.3421727],[2.4938012,42.3422275],[2.4939181,42.3422762],[2.4940581,42.3423188],[2.4941866,42.3423712],[2.4942756,42.3424532],[2.4944342,42.342514],[2.4950564,42.3425918],[2.4956114,42.3427289],[2.496087,42.3427692],[2.4962202,42.3427869],[2.4963614,42.3427764],[2.4964946,42.3427941],[2.4966361,42.3428056],[2.4968944,42.342857],[2.4970191,42.3428625],[2.497159,42.3428809],[2.4973254,42.3428861],[2.4974516,42.3428995],[2.4977255,42.3429019],[2.4980305,42.3429121],[2.4981804,42.3429359],[2.4984972,42.3430142],[2.4986637,42.3430441],[2.4987908,42.3430851],[2.4992406,42.3431689],[2.4993989,42.3431926],[2.4996984,42.3432156],[2.4998564,42.3432208],[2.4999976,42.3432077],[2.5002001,42.3432012],[2.500378,42.3431231],[2.5005021,42.3430607],[2.500626,42.3429859],[2.5007254,42.3429155],[2.5008931,42.3427081],[2.501009,42.342658],[2.5011413,42.3425894],[2.5012568,42.3425465],[2.5014128,42.3425025],[2.5015285,42.342434],[2.501792,42.3423309],[2.5019934,42.3422215],[2.5021343,42.3421836],[2.5022654,42.3420971],[2.5023823,42.3420387],[2.5024992,42.3419744],[2.5026139,42.3419403],[2.5027212,42.3418595],[2.5028359,42.3417988],[2.5029682,42.3417364],[2.503147,42.3417105],[2.5032962,42.3416726],[2.5034207,42.3416534],[2.5035453,42.3416403],[2.5036926,42.3416058],[2.5038422,42.3416049],[2.5039752,42.341598],[2.5041021,42.3416186],[2.5048253,42.3416144],[2.5049751,42.3416258],[2.505229,42.3416286],[2.5053354,42.3416136],[2.5054523,42.3415902],[2.5055629,42.3415505],[2.5056897,42.3415102],[2.5058055,42.341454],[2.5059298,42.3414163],[2.5063074,42.3412639],[2.5065161,42.3411402],[2.5067892,42.3409144],[2.5068965,42.3408397],[2.507004,42.3407836],[2.5072605,42.3406711],[2.5073928,42.3406025],[2.5075433,42.3405393],[2.5076502,42.3405307],[2.5077577,42.3404746],[2.5079977,42.3403683],[2.5082376,42.3402559],[2.5084942,42.3401495],[2.5086184,42.3401056],[2.5087508,42.3400432],[2.5090343,42.3399826],[2.5091584,42.3399264],[2.5092909,42.3398763],[2.5094069,42.3398386],[2.5096639,42.3397754],[2.5098209,42.339726],[2.5099419,42.3396568],[2.5100578,42.3396191],[2.5102272,42.339538],[2.510299,42.339442],[2.5103381,42.3393407],[2.5104117,42.3392292],[2.5105429,42.3389954],[2.5105924,42.3388872],[2.510658,42.3387629],[2.5106818,42.3386517],[2.510742,42.3384988],[2.5108006,42.3383947],[2.510869,42.3383039],[2.510943,42.3382295],[2.5110086,42.3381427],[2.5110789,42.3380661],[2.5111153,42.3379772],[2.5111105,42.3378833],[2.5111417,42.3377585],[2.5111461,42.337647],[2.511155,42.3375802],[2.5111802,42.337497],[2.5113065,42.3374803],[2.5114309,42.3374487],[2.5115803,42.3374232],[2.511686,42.3373707],[2.5119434,42.3373445],[2.5120888,42.337298],[2.5122132,42.3372726],[2.5123376,42.3372411],[2.5124824,42.337218],[2.5125977,42.3371748],[2.5127157,42.3371509],[2.5129696,42.3370653],[2.5131106,42.3370336],[2.5133923,42.3369456],[2.5136093,42.3369087],[2.5137584,42.3368523],[2.5137871,42.3368],[2.5139689,42.3367443],[2.5139844,42.336734],[2.5141003,42.3366901],[2.5142465,42.3366594],[2.5143668,42.3366287],[2.5145002,42.3365811],[2.5146447,42.3365206],[2.5147727,42.3364479],[2.5148837,42.3364012],[2.5151774,42.3362662],[2.5152576,42.3361886],[2.5155315,42.33615],[2.5156642,42.3361246],[2.5157801,42.3360807],[2.5159251,42.336055],[2.5160326,42.3360051],[2.5161336,42.3359855],[2.5162665,42.3359724],[2.5163884,42.3359484],[2.5165296,42.3359414],[2.5166626,42.3359406],[2.5167874,42.335946],[2.516937,42.3359451],[2.5170616,42.3359382],[2.5171944,42.3359189],[2.5173328,42.3359264],[2.5175257,42.3358855],[2.5176829,42.3358576],[2.5178074,42.3358384],[2.5179319,42.3358253],[2.518084,42.3357729],[2.5182829,42.3357498],[2.5186012,42.3357058],[2.5195862,42.335632],[2.5197275,42.3356323],[2.5198605,42.3356264],[2.5201334,42.3355794],[2.5202264,42.3354984],[2.5206244,42.3352369],[2.5211232,42.3348098],[2.5212231,42.3347606],[2.5216642,42.3346073],[2.521855,42.3345798],[2.5220553,42.3345428],[2.5222371,42.3345315],[2.5226138,42.3344873],[2.522921,42.3343817],[2.5238356,42.3342132],[2.524323,42.334119],[2.5244519,42.3340519],[2.5246549,42.3339904],[2.5248107,42.3339741],[2.5249397,42.3339297],[2.5250479,42.3338806],[2.525162,42.333848],[2.5252986,42.3338005],[2.5254027,42.3337421],[2.5256399,42.3336531],[2.5257565,42.333604],[2.5260019,42.3335428],[2.5261119,42.3334981],[2.5262255,42.3334574],[2.5263502,42.333433],[2.5264791,42.3334178],[2.5265139,42.3334112],[2.526947,42.3333283],[2.527333,42.3333347],[2.5276505,42.3332955],[2.5278002,42.3332866],[2.527929,42.3332899],[2.5283487,42.3332907],[2.5284613,42.3333055],[2.528608,42.3333183],[2.5287313,42.333314],[2.5288942,42.3332304],[2.5290242,42.3332088],[2.5293985,42.3331263],[2.5295357,42.3331019],[2.5296675,42.3330675],[2.5298104,42.3330501],[2.5299465,42.3330686],[2.5302387,42.3330385],[2.5303782,42.3330295],[2.5305235,42.3329848],[2.5306607,42.3329666],[2.5307937,42.3329638],[2.5309142,42.3329763],[2.5310304,42.3330105],[2.5311503,42.3330326],[2.5312864,42.3330476],[2.5314225,42.3330771],[2.5316365,42.3330864],[2.5321231,42.3329702],[2.532252,42.3329458],[2.5323767,42.3329306],[2.5325014,42.3329216],[2.5326469,42.3329219],[2.5327757,42.3329313],[2.5328961,42.3329532],[2.533029,42.3329873],[2.5332519,42.3330704],[2.5334885,42.3331696],[2.5335799,42.3332484],[2.5336878,42.333301],[2.5338785,42.3334309],[2.5340484,42.333573],[2.5341915,42.3337069],[2.5342769,42.3337733],[2.5343704,42.3338259],[2.5344756,42.3338552],[2.53461,42.3338318],[2.5348553,42.333823],[2.5349758,42.3338078],[2.5351167,42.3338121],[2.5353975,42.3338121],[2.5355474,42.3337365],[2.5356862,42.3338261],[2.5358196,42.3338945],[2.5359401,42.3339194],[2.5360647,42.3339258],[2.5361894,42.3339198],[2.5363183,42.3338985],[2.5364459,42.3338645],[2.5366954,42.3338188],[2.5368284,42.3338067],[2.5369822,42.3338008],[2.5372357,42.3338043],[2.5373686,42.3338138],[2.5375099,42.3338326],[2.5376345,42.3338421],[2.5377592,42.3338423],[2.5378953,42.3338519],[2.5380192,42.3338441],[2.5383055,42.3338156],[2.5385218,42.3338039],[2.5387226,42.3338456],[2.5390312,42.3337891],[2.5391881,42.3337507],[2.5393294,42.3337356],[2.5396038,42.3337114],[2.5397,42.333722],[2.5397285,42.3337024],[2.5398573,42.3336903],[2.5399952,42.3337183],[2.5401479,42.3336973],[2.5402854,42.3336726],[2.5405722,42.3336731],[2.5407513,42.3336558],[2.5409271,42.3336041],[2.541043,42.3335861],[2.5417121,42.3335627],[2.5418324,42.3335837],[2.541846,42.3336976],[2.5419351,42.3338848],[2.5420778,42.3341255],[2.5421549,42.3342529],[2.5431565,42.3359085],[2.5437616,42.3372044],[2.5440523,42.3375088],[2.544259,42.3386812],[2.5444527,42.3394346],[2.5443709,42.3398028],[2.5443533,42.3400717],[2.5447658,42.3400943],[2.5452768,42.3399607],[2.545797,42.3398554],[2.5462295,42.3397853],[2.5463873,42.3397795],[2.5465042,42.3397678],[2.5466263,42.3397453],[2.5467628,42.3396931],[2.5468787,42.3396129],[2.5469857,42.3396084],[2.5471318,42.3396376],[2.5472779,42.3396727],[2.5474006,42.3397136],[2.5474689,42.3397768],[2.5476169,42.339813],[2.5478215,42.3398247],[2.5480436,42.3397311],[2.5482234,42.3396483],[2.5482971,42.3395759],[2.5484046,42.3395431],[2.5485215,42.3396246],[2.5486002,42.3397018],[2.5486706,42.339779],[2.5488072,42.3399457],[2.5489771,42.3401064],[2.5490476,42.3401805],[2.5492546,42.3404152],[2.5498831,42.3409858],[2.550053,42.3412356],[2.549864,42.3414479],[2.5497584,42.3416954],[2.5500107,42.3418023],[2.550462,42.3419075],[2.550752,42.3420029],[2.550904,42.3420497],[2.5510232,42.3420814],[2.551132,42.3421315],[2.5512605,42.3421783],[2.5514593,42.3422484],[2.5515879,42.3422835],[2.5516872,42.3423419],[2.5518392,42.3423887],[2.5520496,42.3424764],[2.55226,42.3426283],[2.5523631,42.3426778],[2.5524686,42.34276],[2.5525488,42.3428447],[2.5525934,42.3429606],[2.5526133,42.3430336],[2.5525922,42.3431323],[2.5525462,42.3432216],[2.5524251,42.3433972],[2.5522792,42.343548],[2.5521497,42.3437359],[2.5520922,42.3438444],[2.55203,42.3439284],[2.5519549,42.3440023],[2.5518881,42.3440947],[2.5517375,42.3444048],[2.5518713,42.3445341],[2.5521432,42.3446678],[2.5523036,42.3447213],[2.553179,42.345221],[2.5534154,42.3453787],[2.5535297,42.3455308],[2.5536158,42.3456567],[2.553693,42.3457458],[2.5537268,42.3458293],[2.5538094,42.3459654],[2.5539533,42.3463261],[2.5538577,42.3464986],[2.5536242,42.3469867],[2.5534843,42.3474869],[2.5534713,42.3475706],[2.5535049,42.3476543],[2.5537343,42.3476641],[2.553857,42.3476758],[2.5539582,42.3476774],[2.5540786,42.3477054],[2.5542028,42.3477592],[2.5544588,42.3478377],[2.5545556,42.3478882],[2.5545781,42.3479172],[2.5546709,42.348098],[2.554687,42.3482545],[2.5546519,42.3484415],[2.554527,42.3487089],[2.554205,42.3491884],[2.5540958,42.3492896],[2.5539829,42.3494105],[2.553866,42.3494982],[2.5537401,42.3498384],[2.5535926,42.3500634],[2.5535878,42.3502484],[2.5535958,42.3503502],[2.5536122,42.3504397],[2.5536864,42.3506279],[2.5537398,42.3508192],[2.5538622,42.3509496],[2.5539265,42.3510389],[2.5539763,42.3510964],[2.5540093,42.351192],[2.5540297,42.3512877],[2.5540861,42.3518748],[2.5540138,42.3524131],[2.5539786,42.3526003],[2.5539654,42.3528853],[2.5540594,42.3533067],[2.5540718,42.3534297],[2.5540833,42.3536463],[2.5541023,42.3537114],[2.5540823,42.3537932],[2.5540784,42.3538822],[2.5540419,42.3539928],[2.5540119,42.3541106],[2.5541386,42.3540822],[2.5542723,42.3540731],[2.5546965,42.3540337],[2.5548586,42.3540217],[2.5549958,42.3540157],[2.5551399,42.353987],[2.5552401,42.3539272],[2.5553861,42.3538837],[2.5555067,42.3538623],[2.5556232,42.3538317],[2.5557355,42.3537949],[2.5558479,42.3537519],[2.5560039,42.3537202],[2.5562774,42.3537437],[2.5564112,42.3538246],[2.5565047,42.3539532],[2.5565819,42.3540425],[2.5569066,42.3541823],[2.5570433,42.3542221],[2.5571554,42.3542624],[2.5572948,42.354287],[2.5574,42.3543253],[2.5575371,42.3543564],[2.5576576,42.3543751],[2.5580421,42.3544531],[2.558462,42.3544383],[2.5586002,42.354423],[2.558725,42.3544201],[2.5588537,42.3544072],[2.5591364,42.354417],[2.5592569,42.3544295],[2.5593899,42.3544544],[2.5595228,42.3544978],[2.5597714,42.354552],[2.559883,42.3545724],[2.5600043,42.3546026],[2.5602485,42.3546902],[2.5603778,42.3547442],[2.5605081,42.3547923],[2.5607781,42.354839],[2.5608986,42.3548669],[2.5610191,42.354901],[2.5611478,42.3549413],[2.5612724,42.3549909],[2.5613844,42.3550435],[2.5615817,42.3551],[2.5617395,42.3551293],[2.5619207,42.3551819],[2.5620785,42.3552462],[2.5622367,42.3552953],[2.562221,42.3554202],[2.5621015,42.3555846],[2.5619904,42.3557132],[2.5618952,42.3558108],[2.5617198,42.3558926],[2.5614727,42.3559615],[2.5613735,42.3560515],[2.5613442,42.356256],[2.5613559,42.3564372],[2.5613852,42.3566535],[2.5614261,42.3568522],[2.5614611,42.3570626],[2.5615889,42.3575059],[2.5616692,42.3578447],[2.5616874,42.3582201],[2.5616336,42.3584967],[2.5615444,42.3587719],[2.561482,42.3591374],[2.5613928,42.3595831],[2.5613571,42.3598595],[2.5614909,42.360127],[2.5616335,42.3603142],[2.561794,42.3605995],[2.5618564,42.3608848],[2.5618653,42.3611344],[2.5621785,42.3610892],[2.5625797,42.3610535],[2.5630611,42.3609019],[2.5638935,42.3603543],[2.5642502,42.3599888],[2.5645756,42.3596277],[2.5648074,42.3593603],[2.5657613,42.3587005],[2.5661491,42.3583662],[2.5663408,42.3581433],[2.5664032,42.3579071],[2.5665681,42.3577466],[2.5668534,42.357546],[2.5671476,42.3573588],[2.5672234,42.3572161],[2.567219,42.3568239],[2.5674008,42.3565315],[2.5676904,42.3563777],[2.5684886,42.3565451],[2.568738,42.3565486],[2.5688751,42.3565611],[2.5690396,42.3566016],[2.5692725,42.3567084],[2.5693241,42.3567639],[2.5693607,42.3568361],[2.5694391,42.3570243],[2.5695132,42.3571112],[2.5695985,42.3571827],[2.5697477,42.3573525],[2.5699011,42.3575039],[2.5699923,42.3575811],[2.5700643,42.3576669],[2.5701189,42.3577562],[2.5701701,42.3578623],[2.5702383,42.3579405],[2.5703409,42.3580338],[2.5704434,42.3580962],[2.5706677,42.3581891],[2.570768,42.3582376],[2.5709241,42.3581852],[2.5710281,42.3581664],[2.5711052,42.3581352],[2.5711694,42.3579978],[2.5712631,42.3579563],[2.5715973,42.3577325],[2.5717132,42.3576582],[2.5718203,42.3575974],[2.5719021,42.357539],[2.5720685,42.3574526],[2.5723035,42.3573952],[2.5724496,42.3574322],[2.5725794,42.3574399],[2.5727069,42.3574347],[2.5728275,42.3574226],[2.572973,42.3574228],[2.5733845,42.357442],[2.5735092,42.3574391],[2.5736358,42.3574647],[2.5737703,42.3574764],[2.5739339,42.3575056],[2.5740563,42.3575207],[2.5741844,42.3575416],[2.5743125,42.3575515],[2.5744336,42.3575655],[2.574565,42.3575633],[2.5748031,42.3575955],[2.5749079,42.3576302],[2.5750033,42.3576889],[2.575111,42.3577745],[2.5752104,42.3578329],[2.5754844,42.3578326],[2.5758733,42.3579197],[2.5760021,42.3579569],[2.5761392,42.3579818],[2.5764135,42.3580223],[2.5767504,42.3580625],[2.5768856,42.3580716],[2.5772998,42.3580586],[2.5776793,42.3580306],[2.5781104,42.3580458],[2.5783477,42.3579793],[2.5784754,42.3578926],[2.5786365,42.3578619],[2.5787946,42.3578657],[2.5789359,42.3578635],[2.5790752,42.3578953],[2.5792149,42.3578742],[2.579345,42.3578434],[2.5794621,42.3578005],[2.5795816,42.3577449],[2.5797139,42.3577182],[2.5798376,42.3576793],[2.5799441,42.3576222],[2.5801227,42.3574653],[2.5802086,42.3573588],[2.580306,42.3573005],[2.5803917,42.3572997],[2.5805942,42.3573906],[2.5807781,42.3574122],[2.5809108,42.3573979],[2.581068,42.3573708],[2.5812162,42.3573192],[2.5813199,42.3572444],[2.5814136,42.3571505],[2.5815355,42.3571054],[2.5816445,42.3570791],[2.5817821,42.3570958],[2.5819292,42.3571002],[2.5823779,42.3570574],[2.5826685,42.3570407],[2.5828349,42.3570443],[2.5829678,42.3570423],[2.5831016,42.3570334],[2.5832442,42.3570289],[2.5834038,42.357035],[2.5835429,42.3570289],[2.5837744,42.3570678],[2.5839079,42.3570843],[2.584041,42.3570885],[2.5843492,42.3571085],[2.5844905,42.3571063],[2.5849457,42.3571152],[2.5851015,42.3571265],[2.5853824,42.3572034],[2.585805,42.3573103],[2.5861499,42.3573507],[2.5864329,42.357342],[2.5865539,42.3573192],[2.5868606,42.357241],[2.5869806,42.3572207],[2.5873051,42.3570801],[2.5874433,42.3570467],[2.5875726,42.3570245],[2.5876796,42.3569933],[2.5879025,42.3568863],[2.58821,42.3566545],[2.5882946,42.3564492],[2.5876941,42.3548523],[2.5899993,42.3538151],[2.5922246,42.3529157],[2.5950207,42.3526657],[2.5961148,42.3523107],[2.5969379,42.3522867],[2.5979936,42.3521559],[2.6001233,42.3515996],[2.600473,42.3507971],[2.6005733,42.350621],[2.6005934,42.3502845],[2.6008065,42.3496785],[2.6010051,42.3492461],[2.601228,42.3491947],[2.6016749,42.3492399],[2.6020665,42.349345],[2.6027036,42.3493625],[2.603554,42.349137],[2.603959,42.3490846],[2.6044833,42.3491256],[2.6049386,42.3489538],[2.605039,42.3488921],[2.6051709,42.3488531],[2.605282,42.3488113],[2.605397,42.3487602],[2.6056575,42.3486843],[2.6057712,42.3486582],[2.6058862,42.3486102],[2.6060016,42.3485714],[2.6061126,42.3485463],[2.6062719,42.3485011],[2.6064051,42.3484799],[2.6065386,42.3484372],[2.6066626,42.3483879],[2.6068016,42.3483612],[2.6069273,42.3483437],[2.6072072,42.3483129],[2.6073364,42.3483232],[2.6074679,42.3483261],[2.6076432,42.3483408],[2.6077835,42.3484869],[2.6078624,42.3485541],[2.6079375,42.3485754],[2.6080951,42.3485791],[2.6083534,42.3484518],[2.608555,42.3481128],[2.6086089,42.3480001],[2.6087025,42.3479277],[2.6088853,42.3477738],[2.6090343,42.347692],[2.6091572,42.3475973],[2.6092062,42.3476225],[2.6093409,42.347556],[2.609446,42.3475166],[2.6095994,42.3473539],[2.6097179,42.3471694],[2.6098389,42.3470112],[2.6099325,42.3469419],[2.6100494,42.3468776],[2.6102028,42.3468089],[2.6103398,42.3468006],[2.6104644,42.3467987],[2.6107093,42.346874],[2.6108589,42.3468717],[2.6110083,42.3468289],[2.6111892,42.3468513],[2.6113264,42.3468958],[2.6114639,42.3468965],[2.6116187,42.3468695],[2.6120196,42.3467893],[2.6121396,42.3467689],[2.6124027,42.3467335],[2.6125554,42.346698],[2.6130119,42.3466576],[2.6133932,42.3466147],[2.6135199,42.3465688],[2.6136472,42.3465096],[2.6137279,42.3464576],[2.6138522,42.3464402],[2.614001,42.3464133],[2.614134,42.3464131],[2.6142833,42.3464222],[2.6144551,42.3464468],[2.6146307,42.3464517],[2.6147552,42.3464467],[2.6148962,42.3464353],[2.6150248,42.346424],[2.6151698,42.3464064],[2.6154385,42.3463529],[2.6155787,42.3463137],[2.6158215,42.3462267],[2.6159527,42.346163],[2.6160445,42.3460407],[2.6160573,42.3459294],[2.6160571,42.3458083],[2.6161758,42.3457417],[2.6163424,42.3457534],[2.6165002,42.3457797],[2.6166423,42.3458768],[2.6167681,42.345918],[2.6168853,42.345947],[2.6170101,42.3459512],[2.6171388,42.3459431],[2.617271,42.3459133],[2.6174953,42.3457545],[2.617645,42.3456825],[2.6180163,42.3455756],[2.6182793,42.3455434],[2.6184401,42.3455434],[2.6185716,42.345561],[2.6187013,42.3455873],[2.6188222,42.3456186],[2.618964,42.345638],[2.6190772,42.3456701],[2.6191943,42.3456961],[2.6193363,42.3457434],[2.6195953,42.3458034],[2.6197327,42.3458136],[2.6198574,42.3458117],[2.619986,42.3458035],[2.620352,42.3457323],[2.620521,42.3456805],[2.6206734,42.3456267],[2.6208104,42.3455894],[2.6210755,42.345465],[2.6213999,42.3453832],[2.621774,42.3453422],[2.6219254,42.3453399],[2.6220458,42.3453042],[2.6221586,42.3452756],[2.6222708,42.3452692],[2.6223731,42.34524],[2.6226741,42.3451727],[2.6228267,42.3451618],[2.6229634,42.3451581],[2.6230832,42.3451698],[2.6233579,42.345313],[2.623732,42.345541],[2.6238693,42.3456111],[2.6239979,42.3456579],[2.6241353,42.3456929],[2.624241,42.3457081],[2.6245152,42.3457075],[2.6246288,42.3456849],[2.6247515,42.3456674],[2.6249064,42.3456323],[2.625032,42.3456118],[2.6251495,42.3456017],[2.6256978,42.3456005],[2.6258395,42.34563],[2.6259567,42.3456502],[2.6262507,42.3457144],[2.6265166,42.34572],[2.6266131,42.3457533],[2.6269082,42.3457989],[2.6270368,42.3457784],[2.627145,42.3457696],[2.6272823,42.3457638],[2.6274096,42.3457719],[2.6275278,42.345755],[2.6276798,42.3457843],[2.6278493,42.3458252],[2.6279197,42.3458881],[2.6280196,42.3459526],[2.6281197,42.3460294],[2.6283782,42.3462723],[2.6284954,42.3464595],[2.6286343,42.3465887],[2.6287384,42.3466501],[2.6288505,42.3466793],[2.6289623,42.3466813],[2.6290495,42.3466719],[2.6291845,42.3466422],[2.6293007,42.3465957],[2.6294043,42.3465492],[2.6295163,42.3465089],[2.6296367,42.3464747],[2.6297695,42.3464158],[2.6298874,42.3463775],[2.6300487,42.3463754],[2.6302094,42.3463824],[2.6304507,42.3464651],[2.6307045,42.3465632],[2.6308086,42.3466092],[2.6309313,42.346615],[2.6311505,42.3466033],[2.6312667,42.3465877],[2.6313829,42.3465535],[2.6314866,42.346504],[2.6315684,42.3464981],[2.6316794,42.3464835],[2.6318051,42.3464484],[2.6319249,42.3464426],[2.6320453,42.34643],[2.6321809,42.3464552],[2.6323056,42.3464672],[2.6324439,42.3464727],[2.6326816,42.3463887],[2.632806,42.3462988],[2.6329263,42.3462523],[2.6330749,42.3462672],[2.6332135,42.3463059],[2.6333505,42.3462994],[2.6334537,42.346211],[2.6334499,42.3460939],[2.6333998,42.3460293],[2.6332289,42.3458849],[2.6331206,42.3458235],[2.6330124,42.3457775],[2.6327711,42.3456856],[2.6326628,42.3456273],[2.6326377,42.3455749],[2.6326415,42.3454763],[2.6326901,42.3453806],[2.6327218,42.3452979],[2.6327987,42.3452108],[2.6328689,42.3451231],[2.6328689,42.345015],[2.6328861,42.3449155],[2.6329938,42.3448351],[2.6331057,42.3447732],[2.6333379,42.3446648],[2.6335826,42.3445718],[2.6337286,42.3444697],[2.6337851,42.3443896],[2.633888,42.3442867],[2.6341198,42.3442398],[2.6342126,42.3442441],[2.6343125,42.3441558],[2.6343622,42.3440418],[2.6343908,42.3439164],[2.634478,42.3438947],[2.6346192,42.3438882],[2.6353684,42.3438969],[2.6356177,42.3439148],[2.635759,42.3439145],[2.6359713,42.3439933],[2.6361042,42.3439776],[2.6362328,42.3439434],[2.6363448,42.3439061],[2.6364694,42.3438812],[2.6366048,42.3438481],[2.6367501,42.3438052],[2.6371572,42.3438043],[2.637233,42.343764],[2.6373647,42.3437195],[2.6374981,42.3436892],[2.6376184,42.3436457],[2.6377387,42.3436085],[2.637993,42.343588],[2.6381157,42.3435909],[2.6382296,42.343606],[2.6383542,42.3435964],[2.638483,42.3436054],[2.638641,42.3436863],[2.6387201,42.3437385],[2.6389118,42.3438829],[2.6390667,42.3439735],[2.6391734,42.3440225],[2.639261,42.3440993],[2.639361,42.3441792],[2.6394693,42.3442499],[2.6395692,42.344302],[2.6396994,42.3444046],[2.6398242,42.3444474],[2.6399448,42.3444749],[2.6400736,42.3444838],[2.6402107,42.3444773],[2.6403957,42.3444587],[2.6405373,42.3443925],[2.6406483,42.3443107],[2.6407214,42.3442172],[2.6408012,42.3441267],[2.6409392,42.3440922],[2.6410804,42.3440857],[2.6412051,42.3440915],[2.6413523,42.3441107],[2.6415306,42.3441574],[2.6416554,42.3442001],[2.6418638,42.3443444],[2.6419719,42.3444058],[2.6420654,42.3444701],[2.6422866,42.3446468],[2.6424197,42.3446804],[2.6425651,42.3446893],[2.6427144,42.3446825],[2.642833,42.3446393],[2.6429735,42.34461],[2.6430897,42.3445727],[2.6431933,42.3445232],[2.643349,42.3444166],[2.6437132,42.3441045],[2.6439441,42.3439612],[2.6441171,42.3439246],[2.6442667,42.3439212],[2.6443831,42.3439487],[2.6445038,42.3439946],[2.6446162,42.344056],[2.6447204,42.3441266],[2.6448079,42.3441942],[2.6449162,42.3442587],[2.6450326,42.3442892],[2.645124,42.3442798],[2.6452152,42.3442395],[2.6453104,42.3441622],[2.6453591,42.3440649],[2.6454871,42.343892],[2.6455616,42.3438117],[2.6456688,42.3437259],[2.6457808,42.3437071],[2.6459138,42.3437099],[2.646057,42.3437304],[2.6462309,42.3437622],[2.6463555,42.343765],[2.6466298,42.3437859],[2.6467281,42.3438089],[2.6468694,42.3438024],[2.6470046,42.3437379],[2.6470429,42.3436502],[2.6471185,42.3435596],[2.6472678,42.3435245],[2.6473883,42.3435149],[2.647783,42.3435263],[2.6479381,42.3435794],[2.648022,42.3436639],[2.6483138,42.3436748],[2.6484966,42.3437272],[2.6488546,42.3438927],[2.6489966,42.3439205],[2.6491169,42.34395],[2.6492458,42.3439928],[2.6493566,42.3440934],[2.6494731,42.3441209],[2.6495543,42.3441182],[2.6497149,42.3441296],[2.6499683,42.344129],[2.6503754,42.3441219],[2.6505713,42.3441415],[2.6507384,42.3441296],[2.6509252,42.344066],[2.6511574,42.3439607],[2.6513979,42.3438676],[2.6515021,42.3438066],[2.651608,42.3437382],[2.6518236,42.3436514],[2.6519273,42.3436018],[2.6521428,42.343478],[2.6523458,42.3433542],[2.6525571,42.3432397],[2.6526799,42.3431768],[2.6527767,42.3431331],[2.6529011,42.3430866],[2.6530422,42.3430585],[2.6532955,42.343024],[2.6534284,42.3430237],[2.6535655,42.3430295],[2.6536944,42.3430446],[2.6538274,42.3430659],[2.6539646,42.3430963],[2.6541977,42.3431637],[2.6543735,42.3432318],[2.6545105,42.3432191],[2.6546028,42.3431451],[2.654586,42.3430812],[2.654594,42.3430011],[2.6545728,42.3429117],[2.6545271,42.3428539],[2.6544643,42.3427616],[2.6544596,42.3426653],[2.6544453,42.3425871],[2.6544509,42.3424783],[2.654406,42.3422605],[2.6543682,42.3421589],[2.6543469,42.3420572],[2.654346,42.3418538],[2.6544093,42.3417441],[2.6544462,42.3416361],[2.6545082,42.3415497],[2.6545909,42.3414632],[2.6547023,42.3414126],[2.6548399,42.3414004],[2.6549585,42.3413963],[2.6550954,42.3413744],[2.6552284,42.3413741],[2.6553572,42.3413799],[2.6554924,42.3413745],[2.6555817,42.3413593],[2.6556723,42.3413821],[2.6557972,42.3414249],[2.655951,42.3414396],[2.656093,42.3414742],[2.6563426,42.3415506],[2.6564653,42.3416003],[2.656588,42.3416237],[2.6568481,42.3416149],[2.6569826,42.3415828],[2.6571022,42.3415733],[2.6572404,42.3415077],[2.6573565,42.3414674],[2.6574882,42.3413657],[2.6579987,42.3412597],[2.658139,42.3412421],[2.6582395,42.3411919],[2.658343,42.34113],[2.6585335,42.3409908],[2.6587575,42.3409396],[2.6588696,42.3409177],[2.6591,42.3409193],[2.6592288,42.3409321],[2.6594819,42.3409763],[2.6597307,42.3410421],[2.6598885,42.3411122],[2.6601316,42.3411759],[2.6602234,42.3412383],[2.6604723,42.3412979],[2.6605884,42.3413292],[2.6607237,42.3413492],[2.6608903,42.341358],[2.6610845,42.3413057],[2.6611305,42.3412566],[2.6611395,42.3411641],[2.6611194,42.3410716],[2.6610702,42.3409881],[2.6610964,42.3408919],[2.6611555,42.3408413],[2.6612803,42.3408264],[2.6615379,42.3408213],[2.6616461,42.3407629],[2.6617269,42.3406749],[2.6618272,42.3406044],[2.661919,42.3405493],[2.662048,42.340522],[2.6623056,42.34052],[2.6624897,42.3405033],[2.662622,42.3405115],[2.6627505,42.3405378],[2.6628795,42.3405987],[2.6629551,42.3407132],[2.6629756,42.3408447],[2.6630497,42.3409079],[2.6633891,42.3410788],[2.6636004,42.3411691],[2.6638725,42.3412363],[2.6640013,42.3412368],[2.6641095,42.3412188],[2.664257,42.341173],[2.6643433,42.3411077],[2.66439,42.3410609],[2.6644277,42.3408779],[2.6644639,42.340786],[2.6644573,42.3407238],[2.6644902,42.3405873],[2.6645808,42.3404967],[2.6647094,42.3404733],[2.664876,42.3405668],[2.665025,42.3407597],[2.6651161,42.34097],[2.6652562,42.3411371],[2.6653181,42.341199],[2.6654257,42.3412456],[2.6654963,42.3412521],[2.6656007,42.341239],[2.6656504,42.3411893],[2.6658211,42.3410502],[2.6658797,42.3411079],[2.6660494,42.3411492],[2.6663393,42.3412102],[2.6666848,42.3413127],[2.6667459,42.3413149],[2.667814,42.3409195],[2.6681887,42.3408486],[2.6683053,42.340809],[2.6684968,42.3407605],[2.6686673,42.3407365],[2.6687879,42.3407246],[2.6693966,42.3405911],[2.6695382,42.3405485],[2.6697005,42.3405121],[2.6698377,42.3404973],[2.670087,42.3404921],[2.6703196,42.3405115],[2.6707538,42.3406251],[2.6710151,42.3406752],[2.6717516,42.3408651],[2.67187,42.3409815],[2.6719045,42.3410652],[2.6720652,42.3412176],[2.672239,42.3414494],[2.6723995,42.3417392],[2.6725957,42.3418283],[2.672795,42.3418505],[2.6729322,42.3418505],[2.6731117,42.3418679],[2.6732645,42.3418987],[2.6734416,42.341948],[2.6735556,42.3419927],[2.6737658,42.3420445],[2.6741648,42.3421114],[2.6743174,42.3421276],[2.6744839,42.3421854],[2.6746085,42.3421952],[2.6747828,42.3422205],[2.675505,42.3424055],[2.6765935,42.346403],[2.6763982,42.3464177],[2.6763011,42.346472],[2.6762747,42.346549],[2.6763487,42.3466791],[2.6764293,42.3467538],[2.6766105,42.3469818],[2.6765988,42.3472623],[2.6765075,42.3473779],[2.6764156,42.3474515],[2.6762989,42.3474973],[2.6761823,42.3475338],[2.6760657,42.3475642],[2.6759367,42.3475915],[2.6758077,42.3476125],[2.6756788,42.3476244],[2.6752507,42.3476319],[2.675163,42.3476963],[2.6751126,42.3477701],[2.6751079,42.347841],[2.6751614,42.3479244],[2.6753139,42.3480977],[2.6754173,42.3481659],[2.6755291,42.3482126],[2.6756452,42.3482531],[2.6757697,42.3482813],[2.6758566,42.3483248],[2.6759143,42.348396],[2.675926,42.3485008],[2.6759662,42.3486921],[2.6759731,42.3488864],[2.6759891,42.3489851],[2.6760258,42.3490808],[2.6760709,42.3491673],[2.6761076,42.3492538],[2.6761522,42.3494204],[2.6761006,42.3494922],[2.6760211,42.3495752],[2.6759333,42.3496426],[2.6758373,42.3497039],[2.6757495,42.3497745],[2.6756866,42.3498513],[2.6756746,42.3499518],[2.6756947,42.3500475],[2.675785,42.3502143],[2.6757885,42.3502976],[2.6756494,42.3505714],[2.6755948,42.3506544],[2.6755736,42.3507129],[2.6756145,42.3507994],[2.6757014,42.3508645],[2.6757756,42.3509357],[2.675854,42.3510192],[2.6759158,42.3510965],[2.67594,42.3511983],[2.6759102,42.3512938],[2.6758639,42.351383],[2.6757843,42.3514721],[2.6757048,42.3515489],[2.6756584,42.3516381],[2.6756581,42.3516843],[2.6757283,42.3517432],[2.6758444,42.3517806],[2.6759523,42.3518057],[2.6760349,42.3518708],[2.6760717,42.3519572],[2.6760745,42.3521545],[2.6761195,42.3522472],[2.676198,42.3523184],[2.6762639,42.3524019],[2.6762965,42.3524914],[2.6762999,42.3525963],[2.6762743,42.3526917],[2.6762189,42.3527395],[2.6761146,42.3528008],[2.676002,42.3528589],[2.6758977,42.3529047],[2.6757811,42.3529382],[2.6756819,42.3530038],[2.6756276,42.3530499],[2.6757085,42.3531393],[2.6760023,42.3533192],[2.6760914,42.3533965],[2.6761849,42.3534491],[2.6762609,42.353566],[2.6762638,42.3536186],[2.6762005,42.3537088],[2.6761004,42.3537639],[2.6759796,42.3538065],[2.6758962,42.3538432],[2.6758669,42.3539301],[2.6759087,42.3540073],[2.6759945,42.3540378],[2.6759927,42.3540773],[2.6760735,42.354123],[2.6760811,42.3542217],[2.6760597,42.354311],[2.6759569,42.3543747],[2.6758733,42.3544453],[2.6757773,42.3545096],[2.6756605,42.3545647],[2.6753147,42.3546866],[2.6750773,42.3547535],[2.6749721,42.3547758],[2.6749017,42.3548252],[2.6749136,42.3550038],[2.6748711,42.3550971],[2.6747604,42.3551674],[2.674652,42.3552194],[2.6745353,42.3552713],[2.6744145,42.3553079],[2.674306,42.3553722],[2.6742473,42.3554428],[2.6742344,42.3554983],[2.6743076,42.3555443],[2.6744027,42.3556156],[2.6745061,42.3556776],[2.6746179,42.3557367],[2.6746766,42.3558422],[2.6747384,42.3559288],[2.674816,42.356111],[2.6748653,42.3562006],[2.6748937,42.3562932],[2.6748964,42.3564905],[2.6749082,42.3565892],[2.674945,42.3566787],[2.675015,42.3567684],[2.6751017,42.3568458],[2.6751595,42.3569046],[2.6751796,42.3569879],[2.6751669,42.357031],[2.6750709,42.3570769],[2.674942,42.3570949],[2.6748058,42.3570635],[2.6744275,42.3570743],[2.6743026,42.3570985],[2.6741932,42.3571906],[2.6741095,42.3572704],[2.6740383,42.3573472],[2.6739595,42.357364],[2.6738387,42.3573974],[2.6734605,42.357399],[2.6733353,42.3574369],[2.673227,42.357458],[2.6731478,42.3575009],[2.6730848,42.3575839],[2.6730509,42.3576731],[2.6730337,42.3577625],[2.6730413,42.3578612],[2.6730863,42.3579507],[2.6731522,42.3580404],[2.6732307,42.3581116],[2.6734333,42.3582481],[2.6736895,42.3584618],[2.6738713,42.3586074],[2.6739497,42.3586817],[2.6740031,42.3587744],[2.6740191,42.3588669],[2.674006,42.3589532],[2.6739472,42.3590362],[2.6738887,42.359076],[2.6737681,42.3590879],[2.6736434,42.3590905],[2.6732569,42.3590859],[2.6731322,42.3590946],[2.673003,42.3591311],[2.6728972,42.3591185],[2.6727452,42.3591302],[2.6726368,42.3591791],[2.672564,42.3592471],[2.6725507,42.3593759],[2.6726926,42.3595686],[2.672675,42.3596631],[2.6726743,42.3597618],[2.6726236,42.3598229],[2.6725899,42.3598783],[2.6724981,42.3599272],[2.6723733,42.3599483],[2.6722834,42.3599368],[2.6720336,42.3599419],[2.6717759,42.3599408],[2.6716289,42.3599238],[2.6714918,42.3599233],[2.6713377,42.3599564],[2.6712103,42.360007],[2.6711474,42.3600838],[2.6711094,42.36017],[2.6711175,42.3602688],[2.6711085,42.3603643],[2.6711078,42.3604661],[2.6711473,42.3605665],[2.6711459,42.3607638],[2.6710915,42.3608368],[2.6710368,42.360926],[2.6709573,42.3610058],[2.6707749,42.3611198],[2.6705651,42.3612344],[2.6704673,42.3613091],[2.670431,42.361388],[2.6703722,42.3614966],[2.6703378,42.3615744],[2.6702583,42.3616543],[2.6700868,42.3618077],[2.6700072,42.3618876],[2.6699277,42.3619582],[2.6698234,42.3620225],[2.6696942,42.3620234],[2.6695794,42.3620328],[2.6692967,42.362041],[2.6691681,42.3620086],[2.6690714,42.3619758],[2.6689486,42.3619758],[2.6688664,42.3619835],[2.6686166,42.3620411],[2.6685209,42.3620561],[2.6683922,42.362031],[2.6682763,42.3619719],[2.6681078,42.3619209],[2.6679789,42.3618887],[2.6678669,42.3618544],[2.6677465,42.3618354],[2.6676094,42.3618256],[2.6674681,42.3618219],[2.6673493,42.3618648],[2.667216,42.3618982],[2.667091,42.3619408],[2.6668493,42.3620293],[2.6667242,42.3620873],[2.6665197,42.3622067],[2.6664194,42.3622742],[2.6662603,42.3624277],[2.6661684,42.3625013],[2.6660598,42.3625748],[2.6659554,42.3626391],[2.6658203,42.3626477],[2.6656481,42.3626223],[2.6653946,42.3626212],[2.6652697,42.3626547],[2.6651436,42.3626629],[2.6650417,42.3627014],[2.664954,42.3628008],[2.6648779,42.3629762],[2.6648101,42.3631609],[2.6647049,42.3633331],[2.6646544,42.3634254],[2.664583,42.3635145],[2.6644198,42.363668],[2.6643444,42.3637478],[2.6642815,42.3638277],[2.664152,42.3639153],[2.664089,42.3640107],[2.6640509,42.364164],[2.6640684,42.3642809],[2.6641091,42.364374],[2.664115,42.3645059],[2.6640602,42.3646013],[2.663981,42.3646625],[2.6638931,42.3647423],[2.6635803,42.3649387],[2.6634512,42.3649659],[2.6633138,42.3650023],[2.6631802,42.3650016],[2.6630486,42.3649283],[2.6628989,42.364888],[2.6627739,42.3649049],[2.6626395,42.3650452],[2.662546,42.3651621],[2.6624263,42.3652539],[2.6623251,42.3653405],[2.6622124,42.3654017],[2.6621039,42.3654537],[2.6619673,42.3654894],[2.6618271,42.3655186],[2.6616751,42.3655303],[2.6615231,42.3655478],[2.6613945,42.365586],[2.6612776,42.3656472],[2.6610672,42.3658401],[2.6608802,42.3660213],[2.660927,42.3661966],[2.6609442,42.3663447],[2.6609328,42.3664421],[2.6609562,42.3665882],[2.6609679,42.3668922],[2.6609386,42.3670558],[2.6609094,42.3671552],[2.6608568,42.3672838],[2.6608685,42.3674474],[2.6609036,42.3675585],[2.6610614,42.3677163],[2.6611078,42.3678024],[2.6611469,42.3679127],[2.6611911,42.368],[2.661189,42.368296],[2.6611841,42.3683884],[2.6611344,42.3684861],[2.6610394,42.368736],[2.6610413,42.3690382],[2.6610614,42.3691307],[2.6611549,42.3692476],[2.6612244,42.3692975],[2.6613028,42.3693687],[2.661352,42.3694644],[2.6613887,42.3695632],[2.6614764,42.3696509],[2.6615452,42.3697054],[2.6615779,42.3697919],[2.6616166,42.3699373],[2.6617555,42.3699406],[2.66195,42.3700647],[2.6620368,42.3701328],[2.6621251,42.3701711],[2.6621444,42.3703435],[2.6621814,42.3704525],[2.662239,42.3705329],[2.6623165,42.3706174],[2.6623998,42.3706913],[2.6624998,42.3707574],[2.6625489,42.3708374],[2.6625145,42.3709698],[2.6625401,42.3710946],[2.6625869,42.3711823],[2.6626788,42.3712449],[2.6627363,42.3713376],[2.6627689,42.3714271],[2.6628257,42.3716154],[2.6627915,42.3717025],[2.6627806,42.3717896],[2.6627965,42.3718852],[2.6628,42.3719808],[2.6628027,42.372175],[2.6627937,42.3722675],[2.6626278,42.3724857],[2.6625483,42.3725593],[2.662448,42.3726298],[2.6621432,42.3728012],[2.6620544,42.3729198],[2.66195,42.3729872],[2.6616891,42.3731982],[2.6616697,42.3734954],[2.661645,42.3735849],[2.6616454,42.3736805],[2.6616795,42.3737759],[2.661671,42.3738655],[2.6617004,42.3739579],[2.6617548,42.3740411],[2.6617925,42.3741273],[2.6617929,42.3742229],[2.6616985,42.3742976],[2.6616489,42.374384],[2.6615785,42.3744674],[2.6615247,42.3745539],[2.6615114,42.374695],[2.6615114,42.3748061],[2.6614939,42.3749229],[2.6614997,42.3750165],[2.6615167,42.3751059],[2.661517,42.3751984],[2.6614636,42.3753804],[2.6614598,42.375476],[2.6614764,42.3755717],[2.6614738,42.3757285],[2.6614117,42.3758088],[2.6612959,42.3759848],[2.6612754,42.3760805],[2.6612582,42.3762469],[2.6612752,42.3763456],[2.6612075,42.3767582],[2.6611783,42.3773135],[2.6608364,42.3780266],[2.6604789,42.378399],[2.660054,42.3788421],[2.6595925,42.3791421],[2.6591994,42.3797933],[2.6589694,42.3800063],[2.6586706,42.3803414],[2.6582847,42.3808256],[2.6579739,42.3810941],[2.6578743,42.3811529],[2.6577914,42.3812209],[2.6575426,42.3814434],[2.6574562,42.3815404],[2.6573566,42.3815992],[2.6571366,42.3817475],[2.6567614,42.3821425],[2.6563977,42.3823397],[2.6561168,42.3824631],[2.6558697,42.3826523],[2.6557743,42.3827172],[2.6556914,42.3827852],[2.6556001,42.3828471],[2.6553966,42.3829523],[2.6552928,42.3830111],[2.655189,42.3830607],[2.6549606,42.3831567],[2.6548527,42.3832093],[2.6546368,42.3833207],[2.6545371,42.3833826],[2.6543384,42.3834066],[2.6540354,42.3835922],[2.6539317,42.3836634],[2.6538279,42.3837252],[2.6527358,42.38427],[2.6523209,42.3845669],[2.6522713,42.3846471],[2.6521725,42.3847426],[2.652197,42.3847724],[2.6520548,42.3849011],[2.6519613,42.3849612],[2.6518867,42.3850446],[2.6517375,42.385199],[2.6516712,42.3852762],[2.6516132,42.3853596],[2.6515192,42.3854652],[2.6514438,42.3855617],[2.6514233,42.3856574],[2.6513948,42.3858394],[2.6513973,42.3865888],[2.6514695,42.3870265],[2.651604,42.3874334],[2.6516708,42.3874918],[2.6519376,42.3876856],[2.6520293,42.3877471],[2.6521294,42.3878025],[2.6522211,42.387867],[2.6523022,42.3880319],[2.6522754,42.3881701],[2.6522442,42.3882949],[2.6520882,42.3886292],[2.6519488,42.3888826],[2.6517553,42.3891764],[2.6513215,42.3896991],[2.652351,42.3888712],[2.6529129,42.3886426],[2.6530867,42.3885757],[2.6532717,42.3885587],[2.6534612,42.3885664],[2.6537339,42.3885641],[2.6538587,42.388567],[2.6539959,42.3885637],[2.6541248,42.3885511],[2.6542601,42.3885106],[2.6544954,42.3883923],[2.6546021,42.3883212],[2.6549087,42.3881878],[2.6556066,42.3881478],[2.6563638,42.3882075],[2.6564911,42.3881567],[2.6567836,42.3880527],[2.6569,42.3880278],[2.6570289,42.3879922],[2.657803,42.3875959],[2.6585652,42.3871384],[2.6595903,42.3868711],[2.6597108,42.3868462],[2.659956,42.3867838],[2.660184,42.3867721],[2.6603304,42.3867704],[2.6607319,42.3867039],[2.6624157,42.3862704],[2.664314,42.3858681],[2.6657339,42.3856166],[2.6660808,42.386231],[2.6666558,42.3865029],[2.6672041,42.3865163],[2.6678549,42.3863202],[2.6685366,42.3864164],[2.6689604,42.3865564],[2.6697141,42.3872006],[2.6698183,42.387259],[2.670157,42.3873134],[2.6703564,42.3873272],[2.6704825,42.3873615],[2.6706385,42.3874105],[2.6707322,42.3874596],[2.6709092,42.3875319],[2.6710008,42.3875608],[2.6711066,42.3875666],[2.6712047,42.3876067],[2.6713506,42.3877318],[2.6713792,42.3877935],[2.6713803,42.3880865],[2.6713765,42.388179],[2.6713921,42.3893613],[2.671833,42.3898628],[2.6723047,42.3903059],[2.6723174,42.3903675],[2.6723177,42.3904631],[2.6722688,42.3905527],[2.6721666,42.3906112],[2.672038,42.390693],[2.6719503,42.3907749],[2.6718772,42.3908947],[2.6718088,42.3910562],[2.6717516,42.3913798],[2.6717486,42.3914733],[2.6717728,42.3916941],[2.671798,42.3917822],[2.6718109,42.3918808],[2.6718403,42.3919764],[2.6724466,42.393263],[2.672629,42.3942375],[2.6726582,42.3943393],[2.6727042,42.3946353],[2.672696,42.3947371],[2.6726711,42.3948358],[2.6726587,42.3949283],[2.6726546,42.395027],[2.6727002,42.3951662],[2.6727004,42.3953759],[2.672713,42.3955764],[2.6729221,42.3964588],[2.6731471,42.397186],[2.67323,42.3974871],[2.6730609,42.3981533],[2.6730615,42.3984469],[2.6733999,42.3991732],[2.6734181,42.3995505],[2.6732105,42.3999464],[2.6731689,42.4000389],[2.6726663,42.4006409],[2.6716369,42.4014631],[2.6715704,42.4015556],[2.6712853,42.4020567],[2.6712813,42.4022509],[2.6712983,42.4023605],[2.671385,42.4025509],[2.6718455,42.4032059],[2.6719288,42.4033107],[2.6720037,42.4033816],[2.6721661,42.4034895],[2.6730427,42.4041053],[2.673881,42.404722],[2.6743387,42.4049823],[2.6745512,42.4050084],[2.6746718,42.4050299],[2.674807,42.4050934],[2.6749319,42.4051149],[2.6752023,42.4051456],[2.6754728,42.4051948],[2.6758515,42.4052903],[2.6759805,42.4053272],[2.6769225,42.4056078],[2.6771223,42.4056632],[2.6772472,42.4057063],[2.6775682,42.4057923],[2.6777804,42.4058446],[2.6782881,42.4059616],[2.6784088,42.4059831],[2.6785433,42.4060211],[2.6786731,42.4060783],[2.6788005,42.406168],[2.679081,42.4064302],[2.6792059,42.4065055],[2.6793623,42.4064796],[2.6794973,42.4064708],[2.679607,42.4064565],[2.6797356,42.4064669],[2.6798563,42.4064884],[2.6799811,42.4064945],[2.6801048,42.4065309],[2.6802542,42.4065581],[2.6805329,42.406558],[2.6806726,42.4065463],[2.6807749,42.4065483],[2.6810453,42.4065358],[2.6811826,42.4065357],[2.6813447,42.4065179],[2.6814737,42.4065271],[2.6817275,42.4065732],[2.6819939,42.406644],[2.6821187,42.406684],[2.6824601,42.406838],[2.6826848,42.4069458],[2.6828055,42.4069735],[2.6829304,42.4069796],[2.6831925,42.4069795],[2.6833243,42.4069563],[2.6834866,42.4068926],[2.6836156,42.4068895],[2.6837404,42.4068802],[2.684119,42.4068245],[2.6842438,42.406812],[2.6847847,42.4068087],[2.6849095,42.4068178],[2.6850385,42.4068363],[2.6852882,42.4068978],[2.6855366,42.4070059],[2.6856391,42.4070645],[2.6857639,42.407086],[2.6860095,42.4071506],[2.6861453,42.4071288],[2.6864075,42.4071287],[2.6866844,42.4070922],[2.6868134,42.407052],[2.6871585,42.4069007],[2.6877539,42.4066114],[2.6886723,42.4062169],[2.6891741,42.4060258],[2.6899767,42.4061242],[2.6908631,42.4061654],[2.6910504,42.4061683],[2.6912002,42.4061806],[2.6917337,42.4061578],[2.6920919,42.4062628],[2.6928163,42.4064565],[2.6932003,42.4066095],[2.693321,42.4066464],[2.6933918,42.4066772],[2.6934876,42.4067358],[2.6935584,42.4067881],[2.6936375,42.4068744],[2.6940554,42.4072047],[2.6942016,42.4073332],[2.6944645,42.407602],[2.6947096,42.4078775],[2.6952233,42.4085597],[2.695722,42.4089525],[2.6960177,42.4091559],[2.6961176,42.4092175],[2.6962092,42.4092883],[2.6970021,42.4103419],[2.697162,42.4104047],[2.6972633,42.4104261],[2.6973757,42.4104785],[2.6975963,42.4105678],[2.6978211,42.4106478],[2.6980459,42.4107217],[2.6984282,42.4107681],[2.6990428,42.4109828],[2.6991843,42.410995],[2.6999276,42.411032],[2.7001904,42.4110905],[2.7003365,42.4111053],[2.7009087,42.4109985],[2.7010379,42.4109478],[2.701146,42.4109582],[2.7011836,42.4110248],[2.701217,42.4110988],[2.7012379,42.4111913],[2.7012963,42.4112591],[2.7013671,42.411333],[2.701467,42.4113854],[2.7015753,42.4114285],[2.7017219,42.411429],[2.7019978,42.4114731],[2.7021467,42.4115009],[2.7024912,42.4115418],[2.7026017,42.4115252],[2.7027254,42.4114798],[2.7028947,42.4113984],[2.7029568,42.4113023],[2.7030798,42.4114085],[2.7031508,42.4115002],[2.7032932,42.411597],[2.703941,42.4120029],[2.7040148,42.4121788],[2.7045862,42.4127068],[2.7051314,42.4130144],[2.7053476,42.413143],[2.7057851,42.4133246],[2.7058339,42.4141002],[2.7061396,42.4145282],[2.7061596,42.4146797],[2.7061908,42.41476],[2.7062886,42.4148375],[2.7064319,42.4147562],[2.7065639,42.4147143],[2.7066919,42.414689],[2.7068468,42.4146656],[2.7070351,42.414662],[2.7071683,42.4146714],[2.7073034,42.4146664],[2.7073992,42.4147708],[2.7074671,42.4148325],[2.7076044,42.4148401],[2.7077209,42.4148803],[2.7078457,42.4149082],[2.7079497,42.4149608],[2.708023,42.4150172],[2.7080974,42.4150632],[2.7082691,42.415184],[2.7083197,42.4152296],[2.708424,42.415205],[2.7085448,42.4151712],[2.708653,42.4151824],[2.7087487,42.4151856],[2.7091234,42.4152559],[2.7092314,42.4152971],[2.7093479,42.415325],[2.7094603,42.4153745],[2.7095726,42.4154178],[2.7096807,42.4154735],[2.710214,42.415765],[2.7103508,42.4158316],[2.7106204,42.4159842],[2.7109031,42.4162875],[2.7111963,42.4164863],[2.711452,42.4166892],[2.7116014,42.4168557],[2.7118259,42.4170861],[2.7119465,42.4172344],[2.7120558,42.4172767],[2.7121636,42.4173673],[2.712254,42.4174903],[2.7122562,42.4175822],[2.7124139,42.4177441],[2.7124438,42.4178831],[2.7126858,42.4180234],[2.712862,42.4180743],[2.7130102,42.4182105],[2.7132259,42.4187597],[2.7132715,42.4188523],[2.7133505,42.4189295],[2.7134586,42.4189821],[2.713571,42.4190254],[2.7140914,42.4191696],[2.7142038,42.4192098],[2.7143312,42.4193128],[2.7146116,42.4194926],[2.7147524,42.4195727],[2.7148787,42.4196607],[2.7151209,42.4196869],[2.7153986,42.4196211],[2.7156138,42.4198203],[2.7157372,42.4198848],[2.7160349,42.420113],[2.7161934,42.4207099],[2.7162307,42.4208056],[2.7164273,42.4212033],[2.7164938,42.4212897],[2.7165978,42.4213546],[2.7170846,42.4215186],[2.7172012,42.4215496],[2.7173302,42.421562],[2.7176008,42.4215623],[2.7177341,42.4215655],[2.7178588,42.4215745],[2.7179706,42.4216111],[2.7181078,42.4217594],[2.7182034,42.4218273],[2.7182991,42.4218459],[2.718319,42.4218187],[2.7184392,42.421819],[2.7185656,42.4218493],[2.7186923,42.4218894],[2.7188112,42.4218927],[2.718945,42.4219554],[2.7190816,42.4219987],[2.7192084,42.4219942],[2.7193364,42.4219497],[2.7194492,42.4219057],[2.7196343,42.4219038],[2.7200362,42.4218655],[2.7204168,42.4220092],[2.7205278,42.4220477],[2.720611,42.4221067],[2.72074,42.4221528],[2.7209764,42.4222474],[2.7212418,42.4221861],[2.7213595,42.4221762],[2.7215013,42.422149],[2.7216231,42.4222385],[2.7217573,42.4222892],[2.7219039,42.4222968],[2.7219976,42.4223406],[2.7221183,42.4223716],[2.7222433,42.4223717],[2.7224001,42.4223919],[2.7225074,42.4223705],[2.7226415,42.4224495],[2.7227622,42.4224774],[2.7229994,42.4225578],[2.7231201,42.4225888],[2.7232492,42.4226167],[2.7235156,42.4226539],[2.7236303,42.4226333],[2.723751,42.4226643],[2.7238675,42.4227076],[2.7239882,42.4227324],[2.7241602,42.4227366],[2.724271,42.4227659],[2.7243766,42.4228347],[2.7244739,42.4228855],[2.7247561,42.422968],[2.7248795,42.4229924],[2.7250192,42.4229783],[2.7251493,42.4229569],[2.7252805,42.4229302],[2.7254096,42.4229334],[2.7255412,42.4228958],[2.7256661,42.4228897],[2.7259326,42.4228869],[2.7260617,42.4228746],[2.72618,42.4228816],[2.7263091,42.4228571],[2.7264258,42.4228294],[2.7266771,42.4227464],[2.7269894,42.4227038],[2.7271346,42.4227168],[2.7273559,42.4227889],[2.7274843,42.4227325],[2.7275741,42.4226667],[2.7276846,42.4226525],[2.7278285,42.4227011],[2.7279734,42.4227278],[2.7281034,42.4227281],[2.7282199,42.4227014],[2.728603,42.4226956],[2.7287274,42.4226718],[2.7288542,42.4226552],[2.7289843,42.4226195],[2.7291078,42.4226029],[2.729267,42.4226081],[2.7293708,42.4226276],[2.7294911,42.4226206],[2.7297607,42.4226189],[2.7298972,42.422612],[2.7300175,42.4225978],[2.7301573,42.4225669],[2.7303229,42.4225817],[2.7307557,42.4230862],[2.7308136,42.423213],[2.7310049,42.423349],[2.7311006,42.4234107],[2.7312129,42.4234725],[2.7313294,42.4235251],[2.7314543,42.4235684],[2.7318163,42.4237044],[2.7319453,42.4237385],[2.7321825,42.4238282],[2.7323032,42.4238684],[2.7324198,42.4238962],[2.7325405,42.4239303],[2.7328831,42.4240632],[2.7329966,42.4241212],[2.7330899,42.4241618],[2.733252,42.4243132],[2.7333093,42.4244177],[2.7333914,42.4246667],[2.7334649,42.4247794],[2.7335426,42.4248301],[2.7337418,42.4247421],[2.7338558,42.4246836],[2.7340146,42.4246218],[2.7342457,42.424514],[2.7343434,42.4244565],[2.7344606,42.4244062],[2.734555,42.4243559],[2.7347144,42.4243057],[2.7348446,42.4242555],[2.7349715,42.4242124],[2.7352325,42.4241702],[2.7353575,42.4241364],[2.7357406,42.4240565],[2.7360242,42.4240436],[2.736147,42.4240465],[2.7362843,42.4240319],[2.7364082,42.424028],[2.7365532,42.4240319],[2.7368483,42.4240261],[2.7369477,42.4240144],[2.7371961,42.4239764],[2.7373218,42.4239764],[2.737614,42.423953],[2.7377601,42.4239092],[2.7380385,42.4238613],[2.7381718,42.4238244],[2.738301,42.4237998],[2.7386758,42.4237384],[2.7388063,42.42369],[2.7389262,42.4236286],[2.739046,42.4236052],[2.7391307,42.4235789],[2.7393535,42.4235726],[2.7394737,42.4235849],[2.739571,42.4236212],[2.739691,42.4236769],[2.7397947,42.4237325],[2.7399082,42.4237784],[2.7400119,42.4238365],[2.7401285,42.4239378],[2.7402056,42.4240271],[2.7403385,42.424083],[2.7404634,42.4241108],[2.7406738,42.4240407],[2.7408177,42.4240291],[2.7409598,42.4240287],[2.7411121,42.4240495],[2.7415154,42.4240845],[2.7419088,42.4242214],[2.7422545,42.4244144],[2.7424128,42.4246265],[2.7424448,42.4247128],[2.7426722,42.4247719],[2.7428327,42.4248298],[2.7429168,42.4249536],[2.7429926,42.4250427],[2.7430817,42.4250695],[2.7432467,42.4250829],[2.7433581,42.4250873],[2.7434963,42.4251007],[2.7436033,42.4251051],[2.7437147,42.4251185],[2.7438663,42.4251274],[2.7441229,42.4251262],[2.7442422,42.4251104],[2.7445128,42.4251106],[2.7446625,42.4250981],[2.744794,42.4250689],[2.7449518,42.4250222],[2.7452379,42.4249674],[2.7453502,42.4249528],[2.7457625,42.4249562],[2.7458874,42.4249655],[2.7460164,42.4249872],[2.7462453,42.4250645],[2.7463665,42.4251274],[2.746466,42.4252301],[2.7465558,42.4252887],[2.7466881,42.4252623],[2.7468255,42.425198],[2.7469482,42.4252126],[2.7470792,42.4252391],[2.7472124,42.4252484],[2.747483,42.4252856],[2.7475918,42.4252865],[2.7479707,42.425333],[2.7480997,42.4253547],[2.7482246,42.4253826],[2.748649,42.4253821],[2.7488273,42.4253645],[2.7494762,42.4253354],[2.7495696,42.425198],[2.7497888,42.4251337],[2.7499961,42.4251508],[2.750112,42.4252043],[2.7502591,42.4252845],[2.7503929,42.4253425],[2.7505756,42.4253558],[2.7507696,42.4253646],[2.751175,42.425433],[2.7514091,42.4253926],[2.7515046,42.4253804],[2.7516255,42.4254016],[2.7518053,42.4254223],[2.7521581,42.4260022],[2.7523806,42.4261938],[2.7526373,42.4262778],[2.7527459,42.4263299],[2.7528668,42.4263696],[2.7530002,42.4263939],[2.7531252,42.4264028],[2.7533833,42.426402],[2.7544179,42.4263202],[2.7548679,42.4262033],[2.754979,42.4261448],[2.755089,42.4260788],[2.755218,42.4260506],[2.7553427,42.4260163],[2.7554716,42.4259758],[2.7559284,42.4257677],[2.7560447,42.4257056],[2.7561401,42.4256405],[2.7562396,42.4255631],[2.7563141,42.4254827],[2.7564422,42.4253219],[2.7565001,42.4252384],[2.7566894,42.4248522],[2.7567305,42.4247472],[2.7567591,42.4246514],[2.7568002,42.4245526],[2.7568579,42.4244599],[2.756959,42.4243974],[2.7570571,42.4243618],[2.7572354,42.4243306],[2.7574092,42.4242904],[2.7575474,42.4242726],[2.7576254,42.4242076],[2.7576722,42.4240899],[2.7577346,42.4239784],[2.7577614,42.4238937],[2.7577822,42.4236981],[2.7578358,42.4236146],[2.7579181,42.4234293],[2.7579717,42.4233427],[2.7580128,42.4232469],[2.7580455,42.423145],[2.7580574,42.423037],[2.7580527,42.4229383],[2.7580314,42.4228458],[2.757985,42.4227503],[2.7579657,42.4225678],[2.7579745,42.4224655],[2.7579745,42.4223661],[2.7580153,42.4222073],[2.7581189,42.422136],[2.7581976,42.4220555],[2.7582097,42.4219876],[2.7582521,42.421881],[2.7583018,42.4218109],[2.7583297,42.4217063],[2.7584157,42.4216151],[2.758332,42.4215183],[2.7582462,42.4214427],[2.7581264,42.4213667],[2.7581293,42.4212615],[2.7582346,42.4211563],[2.758342,42.4210833],[2.7584123,42.4210029],[2.7585655,42.4208451],[2.7587888,42.4205698],[2.7588674,42.4204801],[2.7590164,42.4203254],[2.7590866,42.4202357],[2.7591445,42.4201522],[2.7591981,42.4200657],[2.7592351,42.4199761],[2.7592428,42.4198792],[2.7592662,42.4197798],[2.7593031,42.4196902],[2.759428,42.4192857],[2.7594649,42.4191807],[2.7597942,42.4186015],[2.7598813,42.4185426],[2.7601137,42.4184092],[2.7611953,42.4176408],[2.7615149,42.4174794],[2.7626336,42.4174346],[2.763592,42.4173499],[2.7643364,42.4169754],[2.7649872,42.4163291],[2.7650897,42.4161731],[2.7654909,42.4156604],[2.7661075,42.415215],[2.7663939,42.4146247],[2.7664758,42.4145545],[2.7665737,42.4144571],[2.7666534,42.4143869],[2.7667689,42.4143175],[2.7668858,42.4142591],[2.7670291,42.4141949],[2.767478,42.4140793],[2.7675986,42.414045],[2.767878,42.4139311],[2.7682941,42.4137015],[2.7692842,42.412804],[2.770321,42.4117742],[2.7703788,42.4116938],[2.77047,42.4116256],[2.7706408,42.4116436],[2.7707617,42.4116709],[2.7708619,42.4117261],[2.7709704,42.4117782],[2.7713049,42.4120471],[2.7720437,42.4126382],[2.772144,42.4126965],[2.7722566,42.4127455],[2.7723735,42.4127883],[2.7725027,42.4128249],[2.7727486,42.4128704],[2.7729986,42.4129004],[2.7731556,42.4128611],[2.7734304,42.4128602],[2.7739196,42.4127998],[2.7746799,42.4127421],[2.7748131,42.4127417],[2.7749464,42.4127474],[2.7751963,42.4127682],[2.7753255,42.4127956],[2.7754599,42.4128296],[2.7755877,42.4128456],[2.7757018,42.4128427],[2.7758223,42.4128053],[2.7759386,42.4127524],[2.7760382,42.4126966],[2.7761293,42.4126192],[2.7762079,42.4125356],[2.7762949,42.4124675],[2.7763942,42.412363],[2.7764945,42.4122819],[2.7766904,42.4121356],[2.7767899,42.4120766],[2.7768936,42.4120053],[2.7770221,42.4119661],[2.7771196,42.4119591],[2.7772365,42.4119689],[2.777402,42.4120005],[2.7777167,42.4121191],[2.7779015,42.4121989],[2.7785624,42.4124527],[2.7787632,42.412632],[2.7794383,42.4136509],[2.7799255,42.414169],[2.7812123,42.4149132],[2.7825303,42.4165217],[2.7834336,42.417348],[2.7839518,42.417502],[2.7840918,42.41753],[2.7842739,42.41753],[2.7843975,42.4174828],[2.784645,42.417425],[2.784778,42.417376],[2.7850231,42.417299],[2.7851982,42.4172219],[2.7853102,42.4171309],[2.7854992,42.4170119],[2.7856393,42.4169348],[2.7858213,42.4168578],[2.7859754,42.4168508],[2.7863711,42.4168799],[2.7865006,42.4169208],[2.7866467,42.416952],[2.7867816,42.4169926],[2.7869107,42.4170014],[2.7870397,42.4169979],[2.7873632,42.4169464],[2.7875089,42.4169418],[2.7876258,42.4169773],[2.787782,42.4171029],[2.787922,42.4172009],[2.788055,42.4172569],[2.7881881,42.417299],[2.7883141,42.417327],[2.7884436,42.4173674],[2.7885686,42.4173793],[2.7886895,42.4174067],[2.7899241,42.4176489],[2.7902257,42.4178276],[2.7904568,42.4180097],[2.7906318,42.4183738],[2.7906879,42.4185979],[2.7907019,42.4187939],[2.791066,42.4187449],[2.7914511,42.4186049],[2.7916401,42.4185558],[2.7918082,42.4184998],[2.7921093,42.4184368],[2.7932113,42.4183489],[2.7945226,42.4185026],[2.7948054,42.4184979],[2.7952052,42.4185098],[2.7953303,42.4185201],[2.7957135,42.4185322],[2.7962458,42.4185234],[2.7963791,42.4185274],[2.7965038,42.4185253],[2.7966292,42.4185417],[2.7968468,42.4184916],[2.7969788,42.4184689],[2.7971291,42.4184142],[2.7972657,42.418346],[2.7974271,42.41828],[2.7975836,42.4182216],[2.7976982,42.4181912],[2.7978453,42.4181711],[2.7979786,42.418175],[2.7981033,42.418173],[2.7982308,42.4181912],[2.7983583,42.4182458],[2.7985905,42.4183642],[2.7987134,42.4184416],[2.7989274,42.4185144],[2.7990412,42.4185599],[2.7991745,42.4185663],[2.7993416,42.4185645],[2.7995071,42.4185383],[2.7997591,42.4184823],[2.7999552,42.4184823],[2.8001058,42.4184578],[2.8004174,42.4184263],[2.8005294,42.4184228],[2.8006624,42.4184088],[2.8008445,42.4184613],[2.8010581,42.4185628],[2.8011841,42.4186539],[2.8012751,42.4187414],[2.8013933,42.4188912],[2.8022134,42.4203729],[2.8022971,42.420628],[2.8022029,42.4209226],[2.8020384,42.4210731],[2.8014642,42.4211641],[2.800897,42.4213077],[2.8006449,42.4215913],[2.8006169,42.4219414],[2.8010111,42.4226942],[2.8009292,42.4239421],[2.800896,42.4241461],[2.8009159,42.4242537],[2.8009578,42.424401],[2.8010671,42.4245102],[2.8012324,42.4247072],[2.8013585,42.4248335],[2.8016316,42.4253752],[2.8018593,42.426181],[2.8023054,42.4272281],[2.8023541,42.427326],[2.8029475,42.4280272],[2.8037141,42.4288808],[2.8040792,42.4293146],[2.8041775,42.4299484],[2.8041759,42.4301409],[2.8042631,42.4303092],[2.8042669,42.4304324],[2.8042617,42.4306652],[2.8042222,42.4308336],[2.8037581,42.4317186],[2.8036535,42.4319062],[2.8036789,42.4321084],[2.8037889,42.4322556],[2.8038487,42.4324955],[2.8038169,42.4327914],[2.8039626,42.4330418],[2.8043632,42.432623],[2.8044611,42.4325567],[2.8045421,42.4324661],[2.8046506,42.4323891],[2.8047171,42.4323471],[2.8047836,42.4323156],[2.8048817,42.4322316],[2.8049727,42.432137],[2.8050882,42.4320845],[2.8051898,42.4320145],[2.8053002,42.431951],[2.8054027,42.4318999],[2.8058247,42.4316644],[2.8061043,42.4316119],[2.8063762,42.4315904],[2.8065905,42.4315135],[2.8066972,42.4314624],[2.806817,42.4314327],[2.8069265,42.4313605],[2.8070505,42.4313307],[2.8074248,42.4311857],[2.8075485,42.4311281],[2.8076525,42.4310946],[2.8078021,42.4310708],[2.8079218,42.4310874],[2.8081839,42.4310831],[2.808313,42.4310871],[2.8084505,42.431094],[2.808595,42.4311281],[2.8087184,42.4311667],[2.8088304,42.4312262],[2.808953,42.4312718],[2.8090644,42.4313309],[2.8091827,42.4313875],[2.8092844,42.4314475],[2.8093859,42.4315013],[2.8094957,42.4315519],[2.8096007,42.4315834],[2.8099406,42.4316458],[2.8100139,42.4317309],[2.8100706,42.4318163],[2.8101048,42.431923],[2.8101188,42.4320525],[2.8101434,42.432182],[2.8101399,42.4323081],[2.8101609,42.4325497],[2.8102519,42.4329838],[2.8103009,42.4332499],[2.8102939,42.433516],[2.8103429,42.4339291],[2.8110711,42.4346643],[2.8116341,42.4350823],[2.8118442,42.4353619],[2.8119374,42.4354752],[2.812031,42.4355415],[2.8120847,42.4356159],[2.8122524,42.4357766],[2.8123822,42.4358297],[2.8125316,42.4358637],[2.8126434,42.4359061],[2.8127394,42.4359266],[2.8128627,42.435975],[2.81296,42.4360233],[2.8130675,42.4360435],[2.8131734,42.4361065],[2.8133236,42.436149],[2.8134549,42.4361968],[2.8135597,42.4362961],[2.8136023,42.436395],[2.8136053,42.4364847],[2.8136696,42.4366809],[2.8137418,42.4368647],[2.8137739,42.4369628],[2.8138074,42.4370928],[2.8138164,42.4371731],[2.8139055,42.4373246],[2.8140704,42.4375029],[2.8141953,42.4375965],[2.81428,42.4376679],[2.8144003,42.4377838],[2.8144404,42.437922],[2.8144449,42.4380289],[2.8145028,42.4381181],[2.8145964,42.4381894],[2.8147837,42.4383009],[2.8149352,42.4383989],[2.8150556,42.4384435],[2.8151537,42.4385014],[2.8152428,42.4385728],[2.8153518,42.438632],[2.8154167,42.4387243],[2.8155281,42.4387734],[2.8156306,42.4388269],[2.8157331,42.4388893],[2.8158401,42.4389338],[2.8159382,42.438965],[2.8161299,42.4390587],[2.8162057,42.4391166],[2.8162904,42.4391478],[2.8163572,42.4391968],[2.8164885,42.4392721],[2.8165985,42.4393288],[2.8167941,42.4394643],[2.8172577,42.4397273],[2.8176928,42.4399279],[2.8177188,42.4399399],[2.8180868,42.4402355],[2.8182339,42.440338],[2.8183364,42.4403915],[2.8184389,42.4404539],[2.8186262,42.4405163],[2.818751,42.4405208],[2.8190184,42.4404806],[2.8191789,42.4404361],[2.8192742,42.4403849],[2.8193979,42.4403489],[2.8196245,42.4402711],[2.8197584,42.4401954],[2.8198565,42.440124],[2.8199278,42.4400438],[2.820017,42.4399636],[2.8200838,42.4398655],[2.8201828,42.4398175],[2.8203334,42.4398477],[2.8205385,42.4398432],[2.820699,42.439861],[2.8208115,42.4398874],[2.8209717,42.4399054],[2.8211002,42.4398878],[2.8212033,42.4399123],[2.8214479,42.4399101],[2.8215461,42.4399275],[2.8216574,42.4399413],[2.8217649,42.4399267],[2.8218892,42.4399368],[2.82201,42.439888],[2.8221254,42.4398521],[2.8222413,42.4397674],[2.8223906,42.4396964],[2.8225243,42.4396607],[2.8227873,42.439576],[2.8229121,42.4395314],[2.8230236,42.4395047],[2.8231242,42.4394582],[2.8232483,42.4394345],[2.8233681,42.4394047],[2.8235048,42.4393809],[2.8236283,42.4393474],[2.8237236,42.4392958],[2.8238475,42.4392629],[2.8239542,42.4392149],[2.8240435,42.4391394],[2.8241035,42.4390582],[2.8241758,42.4389737],[2.8242611,42.4389045],[2.8243675,42.4388472],[2.8244744,42.4388022],[2.8245984,42.4387755],[2.8247356,42.4387701],[2.8248609,42.4387834],[2.8249948,42.4388058],[2.8251164,42.4388377],[2.8253634,42.4388829],[2.8254969,42.4388929],[2.8256302,42.4388969],[2.8258925,42.4388986],[2.8261587,42.4388941],[2.8262879,42.4388556],[2.8264439,42.4388317],[2.8265935,42.4388031],[2.8267103,42.4388707],[2.8268064,42.4389757],[2.8270551,42.4390795],[2.8271734,42.4391361],[2.8272794,42.439199],[2.8274947,42.4392972],[2.8275887,42.4393757],[2.827658,42.439464],[2.8277107,42.4395556],[2.8277512,42.4396536],[2.8277999,42.4397484],[2.8278566,42.4398337],[2.8280725,42.440086],[2.8281332,42.4401652],[2.8282429,42.4403483],[2.8283522,42.4405191],[2.8283882,42.440608],[2.8284078,42.4407032],[2.8284357,42.4408014],[2.8285012,42.4408633],[2.8285422,42.4409407],[2.828615,42.4410044],[2.828732,42.4410833],[2.8288312,42.4411604],[2.828945,42.4413404],[2.8290753,42.4415171],[2.8290945,42.4416182],[2.8290794,42.4417146],[2.8293538,42.4418737],[2.8294575,42.4419798],[2.8295287,42.4420762],[2.8295662,42.4421867],[2.8296303,42.4423064],[2.8296895,42.4424294],[2.8297588,42.4425428],[2.8297835,42.4426443],[2.8298651,42.4427293],[2.8300205,42.4429086],[2.8300818,42.4430062],[2.8301711,42.4432051],[2.8302198,42.4432999],[2.8303378,42.4434955],[2.8304108,42.4435683],[2.830492,42.4436378],[2.8305816,42.4437103],[2.8308585,42.4439153],[2.8309399,42.443991],[2.8310006,42.4440701],[2.8310696,42.4441461],[2.8311954,42.4443135],[2.8312644,42.4443894],[2.8315753,42.4446666],[2.8317909,42.4449248],[2.8320568,42.4453704],[2.8321524,42.445689],[2.8323664,42.4459713],[2.8326868,42.446498],[2.8331353,42.4473288],[2.8334914,42.4482339],[2.8335128,42.4485098],[2.8334746,42.4486161],[2.8334781,42.4487281],[2.8334675,42.4488227],[2.8334465,42.4489137],[2.83338,42.4490923],[2.833352,42.4493794],[2.833412,42.4494906],[2.8333946,42.4496252],[2.8333316,42.4497267],[2.8332065,42.4497695],[2.8330748,42.4498231],[2.8328472,42.4500806],[2.8328154,42.4501925],[2.832756,42.4503267],[2.8327035,42.4506978],[2.8326509,42.4509481],[2.8325818,42.4510564],[2.8325608,42.4511509],[2.8325328,42.4512384],[2.8324557,42.451361],[2.8323857,42.451487],[2.8323052,42.4516095],[2.8321581,42.4517671],[2.8321656,42.4519643],[2.8323052,42.4522292],[2.8326063,42.4525548],[2.8327362,42.4526891],[2.832849,42.4527456],[2.8330584,42.4527911],[2.833286,42.4529004],[2.8338865,42.4533073],[2.8343218,42.4536752],[2.8346719,42.4541653],[2.835078,42.4543824],[2.835617,42.4544802],[2.8357713,42.4547325],[2.8357534,42.4551985],[2.8355612,42.4556148],[2.835582,42.456137],[2.8358092,42.4562673],[2.8366467,42.4566777],[2.8369715,42.4567985],[2.8372767,42.4567911],[2.8374868,42.4568332],[2.8376124,42.4569113],[2.8376988,42.4571037],[2.8379102,42.4580903],[2.8383411,42.4587517],[2.8390873,42.4594117],[2.8395322,42.4593105],[2.8402021,42.4589223],[2.840358,42.4588605],[2.8406168,42.4587657],[2.8407848,42.4587447],[2.8409143,42.4587237],[2.8410404,42.4586922],[2.841174,42.4586707],[2.8414043,42.458595],[2.8415196,42.4585618],[2.841792,42.4585401],[2.8419157,42.4585067],[2.8420195,42.4584564],[2.8422798,42.4584016],[2.8423906,42.4583618],[2.842519,42.4583252],[2.8426474,42.4583071],[2.8428084,42.4582546],[2.842912,42.4582253],[2.8430493,42.4582224],[2.8432132,42.4582336],[2.8433541,42.4582519],[2.8434872,42.4582492],[2.8437362,42.4582301],[2.8438903,42.4581811],[2.8439874,42.4581337],[2.8442469,42.4580605],[2.8444854,42.4579815],[2.8445931,42.4579294],[2.844704,42.4578901],[2.8448071,42.457847],[2.8450767,42.457833],[2.8451957,42.45784],[2.8453323,42.4578309],[2.8454871,42.4578263],[2.8456198,42.4578065],[2.8457879,42.4578135],[2.8459069,42.4577784],[2.8460504,42.4577504],[2.8464327,42.4577137],[2.8465307,42.4576752],[2.8466736,42.4575789],[2.8467366,42.4575229],[2.8468396,42.457447],[2.8469459,42.4573954],[2.8470572,42.4572994],[2.8471306,42.4572573],[2.8471989,42.4571981],[2.8472763,42.4571526],[2.847403,42.4570913],[2.8475261,42.4570425],[2.8476177,42.4569705],[2.8477301,42.4568696],[2.8482485,42.4567046],[2.8483758,42.4566588],[2.8486179,42.4565644],[2.8487456,42.4565278],[2.8488953,42.4564317],[2.8490228,42.456392],[2.8491342,42.4562982],[2.8492644,42.456203],[2.8494251,42.4561328],[2.8495642,42.4560631],[2.8496868,42.4560316],[2.8498758,42.4560281],[2.8499896,42.4560417],[2.8500926,42.4560373],[2.8502247,42.4560068],[2.8505869,42.4558975],[2.8507044,42.4558687],[2.8508135,42.4558272],[2.8509414,42.4557968],[2.8510733,42.4557601],[2.8514601,42.4556411],[2.8515725,42.4555773],[2.8516832,42.4555318],[2.8518342,42.4554572],[2.8519558,42.4554342],[2.852176,42.4553125],[2.8522945,42.4552545],[2.8524135,42.4552089],[2.8525329,42.4551725],[2.8526649,42.455142],[2.8528059,42.4550927],[2.8532339,42.4550715],[2.8533712,42.4550686],[2.8539943,42.4551184],[2.8549987,42.4547138],[2.8567532,42.4540631],[2.8603028,42.4548311],[2.8616139,42.4550058],[2.8617002,42.4551464],[2.8625648,42.4568729],[2.8641675,42.4596083],[2.8642637,42.4596153],[2.8641291,42.4609412],[2.8639716,42.4615242],[2.8639418,42.4616134],[2.8639401,42.4616905],[2.8639296,42.4617902],[2.8638981,42.4618953],[2.8638753,42.4619916],[2.8638315,42.4621036],[2.8636652,42.4626095],[2.863625,42.4627005],[2.8636075,42.4627968],[2.8635305,42.4630121],[2.8633871,42.4635439],[2.8634816,42.4635444],[2.8636792,42.4639417],[2.8638596,42.4641535],[2.8641274,42.464339],[2.864425,42.4643583],[2.8647224,42.4643395],[2.8649617,42.4643157],[2.8651935,42.4643145],[2.8657274,42.4644896],[2.8659427,42.4646979],[2.8661318,42.4648134],[2.866151,42.46495],[2.8663436,42.4650673],[2.8665463,42.4651528],[2.8668579,42.4653939],[2.8669392,42.4654427],[2.8663672,42.465581],[2.8681252,42.4666384],[2.8704795,42.4674307],[2.8714346,42.467315],[2.8718197,42.4671622],[2.8719942,42.4670798],[2.8723912,42.4669117],[2.8739199,42.4665477],[2.8749203,42.4662461],[2.8750722,42.4661905],[2.8751828,42.4661419],[2.8754195,42.4660167],[2.8755465,42.4659717],[2.8756905,42.4659261],[2.875919,42.4658041],[2.8761936,42.465726],[2.8762915,42.4656715],[2.8765227,42.4655371],[2.8767183,42.4652701],[2.876783,42.4651956],[2.8771194,42.4648989],[2.8771976,42.4648195],[2.8772989,42.4647465],[2.8773924,42.4646859],[2.8776235,42.4645799],[2.8777168,42.4645163],[2.8781217,42.4643328],[2.8788018,42.4638554],[2.8798294,42.4628408],[2.8799619,42.462668],[2.8800776,42.4624891],[2.8801581,42.4624125],[2.8802489,42.4622305],[2.8803068,42.4621473],[2.8803421,42.4620543],[2.8803959,42.461971],[2.8804271,42.4618506],[2.8804798,42.4617671],[2.8805486,42.4616802],[2.8809755,42.4613005],[2.8812576,42.4611181],[2.8813571,42.4610471],[2.8816928,42.4607507],[2.8818081,42.4606878],[2.8819024,42.4606662],[2.8820195,42.4606158],[2.8821245,42.4605372],[2.8822367,42.4604908],[2.8823677,42.4604645],[2.882594,42.4604007],[2.8827155,42.4604288],[2.8828685,42.460397],[2.8829965,42.4603468],[2.8831253,42.4603281],[2.8832588,42.46033],[2.8833919,42.4603235],[2.8835253,42.4603371],[2.8839204,42.4603146],[2.8840451,42.4603051],[2.8841823,42.4602894],[2.8843236,42.4602614],[2.8847017,42.4601682],[2.8848416,42.4601575],[2.8850825,42.4600923],[2.885203,42.4600582],[2.8853207,42.4600097],[2.8854413,42.459991],[2.8859814,42.4597886],[2.8861186,42.4597975],[2.8862393,42.4598188],[2.8863809,42.4598463],[2.8866348,42.4599135],[2.8869054,42.4599776],[2.8876601,42.460311],[2.8882253,42.4607581],[2.888803,42.4613068],[2.8889345,42.4617618],[2.8890816,42.4619669],[2.8892822,42.4619535],[2.8897525,42.461659],[2.8902069,42.4617176],[2.8903579,42.4617911],[2.8904688,42.4618321],[2.8905853,42.4618657],[2.8907004,42.4619227],[2.8908363,42.46197],[2.8909567,42.4619992],[2.8910898,42.4620112],[2.8914702,42.4620139],[2.8917043,42.4619516],[2.8918734,42.4619132],[2.8920351,42.4618964],[2.8921466,42.4618654],[2.8922929,42.4618486],[2.8924315,42.4618102],[2.8928117,42.4617246],[2.8933428,42.4615876],[2.8934675,42.4615596],[2.8937542,42.4615035],[2.8940119,42.4614444],[2.8941448,42.4614102],[2.8942694,42.4613668],[2.8945019,42.461277],[2.8946265,42.4612243],[2.8947219,42.4611625],[2.8948384,42.4611251],[2.894938,42.4610694],[2.8951705,42.4609703],[2.8954238,42.4608743],[2.8955567,42.4608278],[2.8958507,42.4607653],[2.8959557,42.4607373],[2.8961868,42.4607268],[2.8965982,42.4606334],[2.8972462,42.4604564],[2.8974997,42.4603973],[2.8976285,42.4603724],[2.8978861,42.4603133],[2.8983847,42.4601951],[2.8985135,42.4601609],[2.8986464,42.4601113],[2.8987626,42.4600556],[2.8988788,42.4599937],[2.8991941,42.4598144],[2.8992607,42.459715],[2.8994778,42.4594979],[2.8995378,42.4593983],[2.8996373,42.4593149],[2.8998071,42.459142],[2.8999761,42.4590294],[2.9002495,42.4587855],[2.9003587,42.4587236],[2.9004373,42.4586372],[2.9005285,42.4585507],[2.9006238,42.4584766],[2.9007441,42.4584024],[2.9008603,42.4583436],[2.900989,42.4582879],[2.9011136,42.4582414],[2.9012299,42.4582042],[2.9014708,42.4581358],[2.9017533,42.4580582],[2.9018779,42.4580302],[2.9019805,42.4579861],[2.9021051,42.4579519],[2.9023475,42.4578484],[2.9025937,42.4577589],[2.9026929,42.4577189],[2.9028206,42.4576951],[2.9030698,42.4576083],[2.9033202,42.4574734],[2.9035486,42.4573898],[2.903673,42.4573394],[2.9037509,42.4572879],[2.9038749,42.4572219],[2.9039994,42.4571724],[2.904117,42.4571003],[2.904636,42.4569204],[2.9047822,42.4569162],[2.9049561,42.45692],[2.90518,42.4569595],[2.9055458,42.4569779],[2.9058204,42.4570049],[2.906104,42.4569909],[2.9062581,42.4569979],[2.9066734,42.4570362],[2.9069688,42.457054],[2.9071182,42.4570294],[2.907401,42.4570318],[2.9077119,42.4571073],[2.907861,42.4571284],[2.90799,42.4571374],[2.9081231,42.4571524],[2.9082682,42.4571582],[2.9085369,42.4571444],[2.9086732,42.4571557],[2.9087899,42.4571727],[2.9089396,42.4571846],[2.9090769,42.4571905],[2.9092225,42.4572086],[2.9093599,42.4572298],[2.9095014,42.4572572],[2.9096175,42.4573157],[2.9097382,42.4573369],[2.9099879,42.4573702],[2.9104956,42.4574614],[2.9106204,42.4574704],[2.9110114,42.4574663],[2.911161,42.4574567],[2.9112857,42.4574441],[2.9114187,42.4574253],[2.91156,42.4574043],[2.9116812,42.4573731],[2.9118266,42.4573481],[2.9120712,42.4572432],[2.9121773,42.4571641],[2.9123198,42.4571102],[2.9124493,42.4570367],[2.9126799,42.4569718],[2.912817,42.4569376],[2.9129333,42.4568973],[2.913069,42.4568861],[2.9131952,42.4568845],[2.9135816,42.4567942],[2.9137062,42.4567601],[2.9138616,42.4567295],[2.9142313,42.456613],[2.9143988,42.4565853],[2.9145495,42.4565376],[2.9146795,42.4565325],[2.9148131,42.4565327],[2.915225,42.4564916],[2.9156118,42.4564968],[2.9158614,42.4564849],[2.9161184,42.4564555],[2.916241,42.456459],[2.9163662,42.4564495],[2.9168155,42.4563884],[2.9175197,42.4562796],[2.9177998,42.456263],[2.9180194,42.4561903],[2.9181405,42.4561567],[2.9182655,42.4561372],[2.9183714,42.4561457],[2.9184659,42.4561664],[2.9185189,42.4562691],[2.9185263,42.4563952],[2.9186916,42.4565728],[2.9187114,42.456614],[2.9196433,42.4571616],[2.9197632,42.4572208],[2.9211639,42.4578662],[2.9214011,42.4579038],[2.9215306,42.4579325],[2.9215835,42.4579329],[2.921697,42.4579582],[2.921753,42.4579575],[2.921795,42.457967],[2.921885,42.4579734],[2.9219341,42.4579728],[2.9219663,42.4579786],[2.9220161,42.457981],[2.9220355,42.457988],[2.9220956,42.4579914],[2.9221178,42.4579993],[2.9221548,42.4579987],[2.9221873,42.458004],[2.9222223,42.4580163],[2.9222655,42.4580206],[2.9223522,42.4580199],[2.9224148,42.4580303],[2.9224673,42.4580405],[2.9225899,42.4580812],[2.9226214,42.4580989],[2.9226407,42.4581155],[2.9226579,42.4581143],[2.9227135,42.4581258],[2.9227475,42.4581238],[2.9228064,42.4581294],[2.9230477,42.4581768],[2.9231194,42.4581958],[2.9232088,42.4582062],[2.9232584,42.458219],[2.9233481,42.4582259],[2.9234186,42.4582387],[2.9234534,42.4582523],[2.9235327,42.4582732],[2.9235836,42.4582951],[2.9236179,42.4583183],[2.9236431,42.4583246],[2.9236859,42.4583291],[2.923698,42.4583341],[2.9237609,42.4583331],[2.92378,42.4583394],[2.9238354,42.4583727],[2.9238684,42.4583839],[2.9239483,42.4583895],[2.9239978,42.4584047],[2.9240154,42.4584069],[2.9240392,42.4584028],[2.9240481,42.4584058],[2.9240628,42.4583941],[2.9240739,42.4583921],[2.9241413,42.458388],[2.9241807,42.4583991],[2.9242295,42.4583875],[2.9242455,42.4583912],[2.9242748,42.4583882],[2.9243011,42.4584011],[2.9243639,42.4584745],[2.9243709,42.4584977],[2.9243899,42.4585165],[2.9244852,42.4585336],[2.9245059,42.4585453],[2.9245215,42.4585863],[2.9245904,42.4586606],[2.9245995,42.4586947],[2.9246593,42.4587736],[2.9246738,42.4588011],[2.9246787,42.4588272],[2.9246363,42.4589229],[2.9247168,42.4590579],[2.9247336,42.4590772],[2.9247524,42.459151],[2.9247427,42.4591643],[2.9247452,42.4592096],[2.9247283,42.4592649],[2.9247432,42.4593024],[2.9247554,42.4594958],[2.9247628,42.4595054],[2.9247837,42.4595109],[2.9248088,42.4595457],[2.9248162,42.4596329],[2.9248295,42.4596785],[2.9248251,42.4598113],[2.9248029,42.4598331],[2.9246957,42.4599104],[2.9247094,42.4599192],[2.9247259,42.4599423],[2.9247264,42.4599531],[2.9247355,42.4599681],[2.9247555,42.4599923],[2.9247578,42.460011],[2.9247711,42.4600228],[2.9247872,42.4600796],[2.9248458,42.4601722],[2.9248821,42.4602062],[2.9248932,42.4602325],[2.924891,42.4602977],[2.9248761,42.4603427],[2.9248588,42.4604629],[2.9248831,42.4604865],[2.9249087,42.4605031],[2.9249151,42.4605199],[2.924911,42.4606702],[2.9249205,42.4606832],[2.924911,42.4607405],[2.9249314,42.4608106],[2.9249392,42.4608765],[2.9249955,42.461005],[2.9250022,42.4611306],[2.9249604,42.4611659],[2.9249496,42.4611871],[2.9249247,42.4612006],[2.924905,42.4612181],[2.9249012,42.4612445],[2.9249199,42.4612716],[2.9249492,42.4612873],[2.9249731,42.4613118],[2.9249777,42.4613314],[2.9250002,42.4613489],[2.9249937,42.4613726],[2.9249965,42.4614241],[2.9250095,42.461447],[2.92508,42.4615101],[2.9251561,42.4616213],[2.9251616,42.4616703],[2.9251939,42.4617095],[2.9252124,42.4617613],[2.9252063,42.4618048],[2.9252122,42.4618426],[2.9252042,42.4618761],[2.9252398,42.4620789],[2.9253008,42.4621401],[2.9252926,42.4622024],[2.9252714,42.4622637],[2.9252552,42.4622952],[2.9252797,42.4624063],[2.925247,42.4624988],[2.9252551,42.4625262],[2.9252494,42.4625671],[2.925223,42.4626142],[2.9251711,42.4626803],[2.9251549,42.4627597],[2.9251742,42.4628306],[2.9251717,42.4628965],[2.9251979,42.4629505],[2.9251914,42.4630246],[2.9251512,42.4631209],[2.925125,42.4631565],[2.9250577,42.4632357],[2.9249766,42.4633201],[2.9249152,42.4633738],[2.924832,42.4635076],[2.9247933,42.4635998],[2.924776,42.4637174],[2.9247747,42.4637646],[2.9247414,42.4638522],[2.9247394,42.4638842],[2.9247237,42.4639121],[2.9247019,42.4639723],[2.9247553,42.4640416],[2.924882,42.464149],[2.9249182,42.4642382],[2.924945,42.4642914],[2.9249656,42.4643171],[2.9249729,42.4643588],[2.9250157,42.4644374],[2.9250366,42.464527],[2.9251194,42.46466],[2.9251789,42.4647299],[2.9252303,42.4647651],[2.9252449,42.4648074],[2.9254197,42.4650596],[2.9254918,42.4650947],[2.9255761,42.4651477],[2.9256438,42.4652045],[2.9257208,42.4652385],[2.9257683,42.4652839],[2.925794,42.4652946],[2.9258294,42.4653412],[2.9259305,42.4654994],[2.9260195,42.4655592],[2.9261405,42.4655933],[2.9262544,42.4656684],[2.9263144,42.4657343],[2.9265119,42.4658724],[2.9266429,42.4659719],[2.9267314,42.466014],[2.9268378,42.4660723],[2.9269785,42.4661926],[2.9270761,42.4662677],[2.9271361,42.4663217],[2.927212,42.4663999],[2.9273389,42.466645],[2.9274183,42.4667664],[2.9274193,42.4667928],[2.9274509,42.4668294],[2.927515,42.4669542],[2.9275563,42.4670204],[2.9276099,42.467127],[2.9276625,42.4671951],[2.9277092,42.4672894],[2.9277424,42.4673622],[2.927746,42.4673966],[2.9277581,42.4674213],[2.9277673,42.4674748],[2.9277945,42.4675459],[2.9277912,42.4676018],[2.9278179,42.467661],[2.9278681,42.4677048],[2.9279122,42.4677353],[2.9279304,42.4677748],[2.9279324,42.4678024],[2.9279462,42.4678423],[2.9279774,42.4678935],[2.9280355,42.4679533],[2.9280401,42.4680022],[2.9280678,42.4680475],[2.9280781,42.4680903],[2.9280827,42.4681297],[2.9280771,42.4681476],[2.928115,42.4681948],[2.9281136,42.4682102],[2.9281275,42.468228],[2.928187,42.4682611],[2.9281778,42.4682727],[2.928157,42.4683206],[2.9281559,42.4683618],[2.9281762,42.4684526],[2.9282025,42.4685328],[2.9283007,42.4687164],[2.9283181,42.468829],[2.9283561,42.4688954],[2.9283856,42.4689926],[2.9284201,42.4690282],[2.9284343,42.4690707],[2.9284668,42.4691117],[2.9284842,42.4691533],[2.9285105,42.4691773],[2.9285376,42.4692156],[2.9285749,42.4692513],[2.9286099,42.4692938],[2.9286508,42.46932],[2.9287173,42.4693861],[2.9287419,42.4694287],[2.9287729,42.469463],[2.9288269,42.4695439],[2.9288707,42.4696715],[2.9289358,42.469729],[2.9289921,42.4697555],[2.9291322,42.469872],[2.9291547,42.4699075],[2.9291878,42.4700023],[2.9291837,42.4700359],[2.9292063,42.4701026],[2.9292259,42.4701511],[2.9292603,42.4702039],[2.9292698,42.4702281],[2.9293612,42.470348],[2.9293904,42.470375],[2.9294437,42.47044],[2.9294715,42.4705147],[2.9294987,42.4705564],[2.9295398,42.4705782],[2.9295889,42.4706491],[2.9296169,42.470698],[2.9296424,42.4707224],[2.929701,42.4708161],[2.9297687,42.4709479],[2.9298143,42.471056],[2.9298199,42.4711649],[2.9298361,42.4712342],[2.9298369,42.4712693],[2.9298807,42.4713699],[2.9298983,42.4713999],[2.9299003,42.4714371],[2.929931,42.4715029],[2.929942,42.471537],[2.9299778,42.4717034],[2.9299776,42.4717395],[2.9299985,42.4718193],[2.9299978,42.471849],[2.9300053,42.4718901],[2.9299996,42.4719397],[2.930037,42.4719804],[2.930018,42.4720307],[2.9300184,42.472081],[2.9300442,42.472125],[2.9300353,42.4722036],[2.9300662,42.472307],[2.9301421,42.4723831],[2.9302945,42.4725225],[2.9305689,42.4727953],[2.9306113,42.4728263],[2.930705,42.4729306],[2.9307814,42.4729305],[2.9308398,42.4729698],[2.9309089,42.4730374],[2.9309249,42.4730813],[2.9309581,42.473115],[2.9310559,42.4732118],[2.9311109,42.4732565],[2.9313169,42.4734522],[2.9313903,42.4735682],[2.9314701,42.4736679],[2.9315849,42.4738298],[2.9316819,42.4739438],[2.9317784,42.4740736],[2.9318226,42.4741046],[2.9318723,42.4741548],[2.9319567,42.4742244],[2.9319927,42.4742487],[2.9321054,42.4743172],[2.9322366,42.4743694],[2.9323323,42.4743764],[2.9325425,42.4743542],[2.9326488,42.4743589],[2.9326824,42.4743641],[2.9327134,42.4743808],[2.9327473,42.474392],[2.9327926,42.4743952],[2.9328344,42.4743921],[2.9329977,42.4744178],[2.9330717,42.4744343],[2.9330922,42.4744235],[2.9331227,42.4743739],[2.9331792,42.4743608],[2.9332203,42.4743569],[2.9332564,42.4743445],[2.9332952,42.4743396],[2.9333189,42.4743417],[2.9333344,42.4743485],[2.9333653,42.4743478],[2.9335349,42.4743317],[2.9336611,42.4743058],[2.9337292,42.4742791],[2.9338353,42.4742757],[2.9339293,42.4742847],[2.9340465,42.4743012],[2.9341783,42.4743338],[2.9342198,42.4743487],[2.934259,42.4743525],[2.9343997,42.4743547],[2.9345097,42.4743805],[2.9346295,42.4744016],[2.9348461,42.4744492],[2.9350596,42.4745343],[2.935149,42.4745901],[2.9351963,42.4746302],[2.9353176,42.4747147],[2.935386,42.4748072],[2.9354638,42.4748681],[2.9355158,42.4749228],[2.9355801,42.4749809],[2.9356047,42.4750275],[2.9356642,42.4750866],[2.9357619,42.4751262],[2.9358947,42.4751898],[2.9360078,42.4752335],[2.936141,42.4752915],[2.9362393,42.4753376],[2.9363249,42.4753568],[2.9364049,42.4754051],[2.9366034,42.4755571],[2.9366673,42.4756119],[2.9367615,42.4757132],[2.9368058,42.4757758],[2.9368625,42.4758203],[2.9369015,42.4758383],[2.9369915,42.4758937],[2.9370587,42.4759288],[2.9371669,42.4760202],[2.9372464,42.4760807],[2.9373275,42.4761239],[2.9373564,42.4761535],[2.9374266,42.4762278],[2.9374679,42.4762974],[2.9375072,42.4763423],[2.9375649,42.4764512],[2.9376676,42.4765977],[2.9377887,42.4768867],[2.937807,42.4769396],[2.9378147,42.47701],[2.9378492,42.4770682],[2.9378724,42.4771295],[2.9379245,42.4772174],[2.9379372,42.4773124],[2.9379701,42.4773924],[2.9379828,42.4774672],[2.9380126,42.477584],[2.9380725,42.4776095],[2.9383238,42.4776852],[2.9384458,42.4777128],[2.9385369,42.4777291],[2.9385963,42.4777492],[2.9387831,42.4777945],[2.9388474,42.4778406],[2.9389132,42.477877],[2.9389714,42.4779228],[2.9390254,42.4779449],[2.9391166,42.4779519],[2.939246,42.4779699],[2.9393918,42.4780125],[2.9394459,42.4780318],[2.9395245,42.4780429],[2.9395698,42.478064],[2.9396441,42.4780726],[2.9397507,42.4780683],[2.9398506,42.4780595],[2.9399417,42.4780634],[2.9400742,42.4780768],[2.9401245,42.4781151],[2.9402053,42.4781447],[2.9402765,42.478182],[2.9406518,42.4783375],[2.9407256,42.4783967],[2.9408383,42.4784992],[2.9408829,42.4785528],[2.9409096,42.4785952],[2.940928,42.478608],[2.9410124,42.4786468],[2.9410494,42.4786584],[2.9411023,42.4786692],[2.9411602,42.4786937],[2.9412511,42.4787404],[2.9413103,42.4787563],[2.9413804,42.4787839],[2.9414526,42.478822],[2.9415911,42.4789078],[2.9416523,42.4789388],[2.941794,42.4789475],[2.9419054,42.4789485],[2.9419714,42.4789391],[2.9420647,42.4789512],[2.9421383,42.4789912],[2.9422412,42.4790233],[2.9423087,42.4790496],[2.9424132,42.4790605],[2.9426352,42.4791987],[2.9426808,42.4792504],[2.9428243,42.4792934],[2.9429061,42.4793035],[2.9429733,42.4793162],[2.9431678,42.4793099],[2.943239,42.4793351],[2.9433557,42.4793647],[2.9434354,42.4793782],[2.9435064,42.4793834],[2.9436055,42.4793736],[2.9436958,42.4794368],[2.9437874,42.4794867],[2.9438618,42.47951],[2.9440043,42.4795286],[2.9441429,42.4795055],[2.9445028,42.479608],[2.9445739,42.479626],[2.9446411,42.4796364],[2.9447268,42.4796578],[2.9447761,42.4796765],[2.944877,42.4796864],[2.9449329,42.4796766],[2.9449479,42.4796874],[2.9450686,42.4796981],[2.9451288,42.4797233],[2.9451643,42.4797637],[2.9452408,42.4797868],[2.9452652,42.4798111],[2.9453245,42.4799008],[2.9453948,42.4799626],[2.9455033,42.4800003],[2.9456755,42.4800476],[2.9456999,42.4801036],[2.9458264,42.4802044],[2.945892,42.4803131],[2.9459295,42.4803498],[2.9460023,42.4804553],[2.9460181,42.4805302],[2.9461059,42.4806358],[2.9461447,42.4806693],[2.9461905,42.4807239],[2.9463406,42.480844],[2.9464421,42.4808977],[2.9465232,42.4809984],[2.9465182,42.4810553],[2.946561,42.4811254],[2.9466279,42.481174],[2.9466683,42.481246],[2.9467094,42.481268],[2.9467507,42.4813363],[2.9467357,42.4814235],[2.9467451,42.4814619],[2.9467984,42.4815637],[2.9468086,42.4816312],[2.9468912,42.4817943],[2.9468859,42.4818697],[2.9469083,42.4819136],[2.9469345,42.4819473],[2.9469538,42.4819828],[2.9469878,42.4820227],[2.9469927,42.4820394],[2.946985,42.4820712],[2.9469974,42.4820752],[2.9470275,42.4821077],[2.94703,42.4821285],[2.9471227,42.4821431],[2.94716,42.482136],[2.9472292,42.4821025],[2.947276,42.4820552],[2.9473082,42.4819943],[2.9473124,42.4819592],[2.9473307,42.4818955],[2.9473561,42.4818543],[2.9473677,42.4818201],[2.9473253,42.4816681],[2.9473066,42.4815418],[2.9473397,42.4814038],[2.947352,42.4813776],[2.9473992,42.4813058],[2.947509,42.4811635],[2.9476206,42.4809991],[2.9476979,42.4808564],[2.947751,42.4807473],[2.9478072,42.4806648],[2.9479335,42.480497],[2.9481176,42.4802918],[2.9483862,42.4800217],[2.9485944,42.4798502],[2.9486748,42.4797957],[2.9487481,42.4797234],[2.9489621,42.4795294],[2.9490027,42.4795045],[2.9490844,42.4794296],[2.9491421,42.4793934],[2.9492346,42.4793104],[2.9492823,42.4792753],[2.9494328,42.4791229],[2.9495197,42.4790441],[2.9495792,42.4790029],[2.949671,42.4789105],[2.9496866,42.4788884],[2.9497186,42.478867],[2.949768,42.4788251],[2.9498669,42.4787195],[2.9499021,42.4786981],[2.9499185,42.478674],[2.9499446,42.4786491],[2.9500137,42.4785997],[2.9500426,42.4785682],[2.9500724,42.4785255],[2.95013,42.4784648],[2.9501835,42.478385],[2.9502313,42.4782945],[2.9502281,42.4782769],[2.9502365,42.4782563],[2.9502421,42.4782198],[2.9502609,42.4781885],[2.9503221,42.4781797],[2.9503641,42.4781649],[2.9503947,42.478166],[2.9504287,42.4781592],[2.9504644,42.4781585],[2.9504891,42.4781667],[2.9506428,42.4781114],[2.9507071,42.4781059],[2.9508185,42.47811],[2.9508895,42.47809],[2.9509605,42.4780122],[2.9509611,42.4779692],[2.9510216,42.4779601],[2.9510727,42.4779652],[2.9511223,42.4779654],[2.9512652,42.4779086],[2.9513103,42.4779079],[2.9513754,42.4778935],[2.9514035,42.477895],[2.9514243,42.4778852],[2.9514366,42.4778884],[2.9514177,42.4778238],[2.9515153,42.4777667],[2.9516283,42.4776929],[2.9517221,42.4776432],[2.9517802,42.4776034],[2.9518488,42.4775688],[2.9518801,42.4775483],[2.9519319,42.4775263],[2.9520303,42.4774635],[2.9521081,42.4774252],[2.9521592,42.4773879],[2.9523119,42.4773009],[2.9523589,42.477264],[2.9524294,42.4772307],[2.952654,42.4770823],[2.9528007,42.4770065],[2.9528643,42.4769237],[2.9530209,42.4768733],[2.9532683,42.4766774],[2.9534502,42.476638],[2.9535857,42.4766159],[2.9536584,42.4766228],[2.9537189,42.4765845],[2.9539028,42.4764916],[2.9539857,42.476475],[2.9540833,42.476464],[2.9541848,42.4764425],[2.9543062,42.4763665],[2.954461,42.4763478],[2.9546844,42.4763288],[2.9548338,42.4762882],[2.9551639,42.4761718],[2.9552845,42.4760759],[2.9554692,42.4760122],[2.9556268,42.4759453],[2.9557654,42.4758978],[2.9558651,42.4758704],[2.9559263,42.4758419],[2.9560867,42.4758002],[2.956224,42.4757768],[2.9565647,42.4756852],[2.9566706,42.4756432],[2.9567301,42.4756154],[2.9567767,42.4755837],[2.9568633,42.4755418],[2.9569308,42.4755335],[2.9570003,42.4754939],[2.9570727,42.4754654],[2.9571458,42.4754205],[2.9572612,42.4753613],[2.957364,42.4752664],[2.9574129,42.4752108],[2.9575701,42.475119],[2.9576624,42.4750805],[2.9577853,42.4750218],[2.9578672,42.4749769],[2.9578819,42.4749608],[2.957948,42.474918],[2.9580118,42.4748642],[2.9580378,42.474855],[2.9580508,42.4748354],[2.9581616,42.4747739],[2.9584257,42.4746845],[2.9585229,42.4746573],[2.958693,42.4744953],[2.9587794,42.4744006],[2.9587874,42.4743982],[2.9588035,42.4743825],[2.958827,42.4743787],[2.9589014,42.4743796],[2.9589163,42.4743886],[2.9589546,42.4744],[2.9590065,42.4744107],[2.9590394,42.474411],[2.9590459,42.4744139],[2.9591388,42.4744129],[2.9592631,42.4743912],[2.9593684,42.4743156],[2.9594487,42.4742756],[2.9594897,42.47426],[2.9595214,42.4742275],[2.9596205,42.4741851],[2.9596999,42.4741332],[2.9597828,42.4741128],[2.9597992,42.4741026],[2.9598233,42.4740973],[2.9598438,42.474083],[2.9599172,42.4740495],[2.9599984,42.4739987],[2.9600562,42.473979],[2.960089,42.4739287],[2.9601022,42.4739238],[2.9601387,42.4738908],[2.9601789,42.4738653],[2.9602736,42.473772],[2.9602904,42.47374],[2.9603384,42.4736773],[2.9603757,42.4736444],[2.9604197,42.473592],[2.960438,42.4735127],[2.9606039,42.473228],[2.9606032,42.4732008],[2.9606257,42.4731423],[2.9606614,42.4730848],[2.9606945,42.4730598],[2.9606943,42.4730077],[2.9607015,42.4729857],[2.9607374,42.472957],[2.9607634,42.4729445],[2.9608754,42.4728634],[2.9609608,42.472787],[2.9609804,42.4727451],[2.9610233,42.4727078],[2.9611096,42.4726497],[2.9611353,42.4726142],[2.9612128,42.4725442],[2.9614128,42.4723223],[2.9615301,42.4719395],[2.9615795,42.4715515],[2.9616859,42.471423],[2.96171,42.4713357],[2.9616855,42.4711902],[2.9616783,42.4711174],[2.9617144,42.4710572],[2.9617977,42.4709878],[2.9618648,42.4709082],[2.9619612,42.4707291],[2.9623503,42.4704083],[2.9623715,42.4703574],[2.9624913,42.4702482],[2.9632182,42.4697372],[2.9633555,42.4694956],[2.9634299,42.4693359],[2.9634501,42.4692494],[2.9634788,42.4692059],[2.9635023,42.4691914],[2.9635159,42.4691607],[2.9635607,42.4691242],[2.9636058,42.4690455],[2.9636335,42.4690202],[2.963707,42.4689885],[2.9638104,42.4689544],[2.9638513,42.4689224],[2.9639397,42.4688983],[2.9641169,42.4688283],[2.9642343,42.4688341],[2.9643613,42.4688217],[2.9644717,42.4687857],[2.9645318,42.4687492],[2.9645848,42.4686667],[2.9646524,42.4686218],[2.9647629,42.4685694],[2.9647735,42.4685527],[2.9650505,42.4683164],[2.9655126,42.4678818],[2.9657147,42.4676428],[2.9657904,42.4675632],[2.9660868,42.4672286],[2.9661978,42.4670767],[2.9664037,42.4669032],[2.9665431,42.4667023],[2.9665534,42.4665089],[2.9665044,42.4663796],[2.9663937,42.4662024],[2.9662993,42.4660854],[2.9662815,42.4659918],[2.966429,42.4659959],[2.9666322,42.4659899],[2.9669011,42.4659609],[2.9670031,42.4658946],[2.9670816,42.4657718],[2.9671271,42.4656761],[2.9671799,42.4655862],[2.9672921,42.4655199],[2.9674146,42.4654995],[2.9675517,42.4655368],[2.9678012,42.4655368],[2.968065,42.4656306],[2.9681981,42.4656552],[2.9683341,42.4656574],[2.9685971,42.4656871],[2.9687468,42.4657179],[2.9689132,42.4657425],[2.9694142,42.4658344],[2.9695725,42.4658704],[2.970127,42.465863],[2.9704078,42.4658395],[2.9705751,42.4658617],[2.97083,42.4658891],[2.9711387,42.4660032],[2.9712819,42.466085],[2.9715238,42.466294],[2.9717606,42.4663425],[2.9730135,42.4667785],[2.9732131,42.4668388],[2.9734137,42.46687],[2.9755225,42.4674522],[2.9758476,42.4675698],[2.9761304,42.4676375],[2.9762998,42.4676509],[2.976487,42.467642],[2.9766297,42.4676152],[2.9767578,42.4675737],[2.9768826,42.4675676],[2.9770156,42.4675676],[2.9771646,42.4675177],[2.9772976,42.4675176],[2.9774474,42.4675053],[2.9775887,42.4674991],[2.9780212,42.4674437],[2.9782957,42.4674128],[2.9784537,42.467382],[2.9785785,42.4673635],[2.9787115,42.4673512],[2.9788446,42.4673327],[2.9791191,42.467308],[2.9792845,42.4673246],[2.9794405,42.4673469],[2.9795653,42.4673425],[2.9796946,42.4673514],[2.9798372,42.4674316],[2.9799085,42.4675787],[2.9799374,42.467628],[2.9800556,42.4678328],[2.9800958,42.4679309],[2.980176,42.4680245],[2.9802117,42.4681136],[2.9804702,42.468448],[2.9805281,42.4685416],[2.9806262,42.4686263],[2.9808088,42.4687183],[2.9809069,42.4687584],[2.98103,42.4687861],[2.9813376,42.4688441],[2.9814758,42.4688797],[2.9815783,42.4689198],[2.9816805,42.4689955],[2.9817524,42.4690684],[2.981812,42.4691478],[2.9819265,42.4692506],[2.9820552,42.4693151],[2.9821686,42.4693529],[2.9823013,42.469416],[2.9824337,42.4694693],[2.9825397,42.4695702],[2.9824867,42.46973],[2.9824715,42.4698505],[2.9824677,42.4699514],[2.9824386,42.4700601],[2.9824303,42.4701525],[2.9823971,42.4703495],[2.9823442,42.4704273],[2.9823136,42.4705395],[2.9822677,42.4706773],[2.9822166,42.47081],[2.9821707,42.4709937],[2.982124,42.4711226],[2.9820883,42.4713187],[2.9821418,42.4715015],[2.9824373,42.4717977],[2.9837421,42.472349],[2.9839086,42.472432],[2.9840022,42.4724874],[2.9841238,42.4725463],[2.9850898,42.4730015],[2.9853228,42.4730692],[2.9854475,42.4731],[2.9858718,42.4732169],[2.986138,42.4732784],[2.9864208,42.4733153],[2.9865589,42.4732898],[2.9866934,42.4732418],[2.9869569,42.4731928],[2.9871304,42.4732031],[2.9873345,42.473249],[2.9873804,42.4733714],[2.9874824,42.4734378],[2.9876001,42.4735249],[2.9877228,42.4736278],[2.9879593,42.4737865],[2.9880622,42.4738281],[2.9883111,42.4739198],[2.9884525,42.4739567],[2.9888013,42.4740186],[2.9889353,42.4740156],[2.9890868,42.4740334],[2.9892001,42.4740156],[2.9893498,42.4740156],[2.9896663,42.4739844],[2.9897963,42.473937],[2.9899112,42.4738715],[2.9900459,42.4737864],[2.9903037,42.4737248],[2.9904368,42.4736878],[2.990646,42.4736521],[2.9908195,42.4736878],[2.9910032,42.4737031],[2.9911205,42.4736878],[2.9912476,42.4736532],[2.9919297,42.4735237],[2.9920877,42.4735052],[2.9922125,42.473499],[2.9923749,42.4735182],[2.9925206,42.4735046],[2.9926735,42.4735101],[2.9928238,42.4735042],[2.9931316,42.4735041],[2.9933018,42.4735193],[2.9934538,42.4735232],[2.9936743,42.4735448],[2.9937935,42.4735329],[2.9940846,42.4735328],[2.9941991,42.4735372],[2.9943624,42.4735117],[2.9945356,42.4734967],[2.9946922,42.4734737],[2.9953743,42.4734735],[2.9955235,42.4734962],[2.9957012,42.473555],[2.9958743,42.4735897],[2.99601,42.4735966],[2.9961447,42.4735776],[2.9964192,42.4735098],[2.9966961,42.4734896],[2.9968612,42.4734967],[2.9969888,42.473461],[2.9971507,42.4734628],[2.9972895,42.4734311],[2.9975831,42.473387],[2.9976857,42.4733469],[2.9980469,42.4732571],[2.9981717,42.4732447],[2.9982964,42.4732262],[2.9984212,42.4731954],[2.9986825,42.4732082],[2.9988049,42.4731775],[2.9989394,42.473158],[2.9990497,42.473182],[2.999199,42.4732233],[2.999351,42.4732761],[2.9996064,42.4733246],[2.9997408,42.4733459],[2.9998739,42.4733335],[3.0001463,42.4731775],[3.0003023,42.4731374],[3.0004227,42.4730795],[3.0005765,42.4729926],[3.0006741,42.4729186],[3.0008238,42.4728878],[3.0009665,42.4727986],[3.0011014,42.4727013],[3.0011619,42.472586],[3.0012949,42.4725244],[3.0014334,42.472471],[3.0016746,42.47236],[3.0017993,42.4723107],[3.0020654,42.4722183],[3.0024999,42.4720988],[3.0027512,42.471875],[3.0027897,42.4718001],[3.0028342,42.471546],[3.0027553,42.4712799],[3.0027951,42.4711467],[3.0031597,42.4708818],[3.0033915,42.4707615],[3.0034227,42.4705743],[3.0035489,42.4704658],[3.0037339,42.4704069],[3.0038452,42.4703864],[3.0039216,42.4703646],[3.0042849,42.470196],[3.0044173,42.4702172],[3.0045554,42.4702232],[3.0046984,42.4702388],[3.0048368,42.4702444],[3.0049678,42.4702098],[3.005066,42.4701613],[3.0051627,42.4700956],[3.0053046,42.4699604],[3.0054917,42.4697492],[3.0057496,42.4697986],[3.0059769,42.4697763],[3.006218,42.4696918],[3.0063379,42.4696736],[3.0064617,42.4696492],[3.0067003,42.469582],[3.0069473,42.4695177],[3.0073864,42.469389],[3.0080362,42.4691084],[3.008691,42.468762],[3.0089385,42.4685496],[3.0094864,42.4681927],[3.009969,42.4681608],[3.0104205,42.4679825],[3.0106082,42.4678949],[3.0109159,42.4676646],[3.0112801,42.4674688],[3.0118012,42.46729],[3.0119531,42.4672228],[3.0120726,42.4671809],[3.0120883,42.4671597],[3.012173,42.4671018],[3.0122559,42.4670355],[3.0123022,42.4669481],[3.0123313,42.4668488],[3.0124405,42.4666768],[3.0125163,42.466598],[3.012625,42.4665193],[3.0127442,42.4664857],[3.0128722,42.4664612],[3.0130219,42.4663999],[3.0131259,42.4664584],[3.0132592,42.4665541],[3.0136003,42.4668361],[3.014394,42.4674487],[3.0155179,42.4683635],[3.0156284,42.4684195],[3.0163124,42.4689459],[3.0163884,42.4690861],[3.016554,42.4692633],[3.0166616,42.4693533],[3.016935,42.4694041],[3.0170566,42.4694323],[3.0172954,42.4694562],[3.0174059,42.4695122],[3.0175168,42.4695743],[3.0179111,42.4698456],[3.0181283,42.4699607],[3.0183832,42.4701149],[3.019685,42.4706094],[3.0197993,42.4706561],[3.0207768,42.4709992],[3.0210453,42.4710484],[3.0212923,42.4710828],[3.0214217,42.4710921],[3.0215632,42.4710919],[3.0217008,42.4710979],[3.0219385,42.4710874],[3.0221209,42.4710839],[3.0222378,42.471122],[3.0224704,42.4713304],[3.0225534,42.4714179],[3.0227582,42.4715364],[3.0229827,42.4716297],[3.0231011,42.4716732],[3.0232035,42.4717665],[3.0232835,42.4718812],[3.0233706,42.472054],[3.0234675,42.472158],[3.0235995,42.4721535],[3.0237316,42.4721535],[3.0239936,42.4721389],[3.0242666,42.4721973],[3.0245196,42.4722746],[3.0246584,42.4723083],[3.0247882,42.4723269],[3.024938,42.4723265],[3.0251033,42.472245],[3.0252339,42.4722081],[3.0255579,42.4721396],[3.025686,42.4721181],[3.0258145,42.4721059],[3.0259166,42.472111],[3.0260671,42.4721353],[3.0262401,42.4721398],[3.0263402,42.472158],[3.0265861,42.4722309],[3.0266999,42.4722809],[3.0267946,42.4723117],[3.0271415,42.4724423],[3.0272644,42.4724949],[3.0273873,42.4725313],[3.0275085,42.4725535],[3.0276236,42.4726187],[3.0280313,42.4729081],[3.0284549,42.4731817],[3.0286564,42.4733187],[3.0287829,42.4733576],[3.0289213,42.4734375],[3.0290155,42.4735],[3.0291058,42.4735687],[3.0292187,42.4737216],[3.029317,42.4737809],[3.0294276,42.4738369],[3.0295464,42.4738896],[3.029677,42.4739266],[3.0298108,42.473942],[3.0300772,42.4739419],[3.0301948,42.4739669],[3.0303871,42.4740857],[3.0305554,42.4742266],[3.0306535,42.4742828],[3.0308439,42.4744826],[3.0313143,42.4746659],[3.0315917,42.4748329],[3.0317019,42.4748797],[3.0318202,42.47492],[3.0319413,42.4749359],[3.0320517,42.4749569],[3.032194,42.4749752],[3.0323234,42.4749845],[3.0325895,42.4749782],[3.032714,42.4749692],[3.0331089,42.4749569],[3.0334803,42.4748835],[3.0336093,42.4748621],[3.0337329,42.4748315],[3.0338638,42.4747864],[3.0339901,42.4747584],[3.0344137,42.4745421],[3.034502,42.4744711],[3.0346203,42.4744159],[3.0349348,42.4742286],[3.0350353,42.4741584],[3.0351452,42.4741004],[3.0352434,42.4740241],[3.0354065,42.4740104],[3.035685,42.4739603],[3.0358141,42.473927],[3.0359609,42.4738881],[3.0360794,42.473836],[3.0362958,42.4737814],[3.036408,42.4737398],[3.0365063,42.4737086],[3.0365989,42.4736683],[3.0367317,42.473659],[3.0368725,42.4736434],[3.0371329,42.4736003],[3.0372736,42.4735816],[3.037409,42.4736044],[3.0375463,42.4736211],[3.0376897,42.4736632],[3.0377994,42.4736765],[3.0379283,42.4736735],[3.0380473,42.4736107],[3.0381762,42.4736076],[3.0383493,42.4736457],[3.0386089,42.4736553],[3.0387336,42.4736524],[3.038906,42.4736836],[3.0390587,42.473698],[3.0392424,42.4737082],[3.0394017,42.4737514],[3.039561,42.4737651],[3.0397249,42.4738015],[3.0398388,42.4738744],[3.0400436,42.4739973],[3.0402257,42.4740974],[3.0403714,42.4742158],[3.0404421,42.4742174],[3.040422,42.4740858],[3.0404179,42.4738879],[3.0404425,42.4736571],[3.0404952,42.4734555],[3.0406356,42.4730746],[3.0406944,42.47299],[3.0407701,42.4729112],[3.0408373,42.4728264],[3.0409466,42.4726575],[3.0410973,42.4723859],[3.0410896,42.4721453],[3.0415388,42.471713],[3.0418001,42.4714489],[3.0418877,42.4713073],[3.0419008,42.4711825],[3.0419008,42.4710702],[3.0419424,42.4709889],[3.0419798,42.4708894],[3.0419926,42.4707998],[3.0420298,42.470737],[3.0420337,42.4706322],[3.0420504,42.4705362],[3.0419875,42.4704222],[3.0419518,42.4703456],[3.0418395,42.4701671],[3.0417885,42.4701109],[3.0417589,42.4700291],[3.0417375,42.4698201],[3.0417171,42.4697078],[3.0417375,42.4695701],[3.0417324,42.4694629],[3.0417732,42.4693609],[3.0418838,42.4692675],[3.0419215,42.4691773],[3.0419839,42.4689817],[3.0420296,42.468882],[3.0421383,42.4687007],[3.0422558,42.4685285],[3.0423315,42.4684497],[3.042424,42.4683736],[3.0426098,42.4682429],[3.042703,42.4681821],[3.0427875,42.4681154],[3.0428502,42.4680246],[3.0429464,42.4678405],[3.042984,42.4677472],[3.0430628,42.4674496],[3.0430836,42.4672549],[3.0431131,42.4670694],[3.0431466,42.4669761],[3.0431845,42.466889],[3.0432177,42.4667896],[3.0432465,42.4666841],[3.0432019,42.4665902],[3.0431203,42.4664677],[3.0430897,42.4663198],[3.043105,42.4661922],[3.0431611,42.4661055],[3.0432325,42.4660238],[3.0432938,42.4659371],[3.0433142,42.4658605],[3.0435432,42.465489],[3.0436101,42.465335],[3.0437648,42.4648512],[3.043933,42.4645637],[3.0442729,42.4641845],[3.044709,42.4639505],[3.044787,42.4637522],[3.0449192,42.4636041],[3.0449659,42.4634967],[3.0449716,42.4634033],[3.0450124,42.46314],[3.0451744,42.4629082],[3.0452697,42.4627226],[3.0454049,42.4626689],[3.0453442,42.4625377],[3.0454009,42.4624554],[3.045545,42.4621938],[3.0455805,42.4621061],[3.0455944,42.4619942],[3.0456382,42.4618965],[3.0456522,42.4618065],[3.0456334,42.4617026],[3.0455866,42.4616195],[3.0455378,42.4615557],[3.0455982,42.4615256],[3.045845,42.4614822],[3.0459843,42.4614491],[3.0461066,42.4614105],[3.0462379,42.4613958],[3.0463942,42.4613445],[3.0464943,42.4612882],[3.046598,42.4612226],[3.0466971,42.4611509],[3.0467431,42.4607223],[3.0468623,42.4602096],[3.0469182,42.4598113],[3.0468771,42.4596415],[3.0469063,42.4595232],[3.0470254,42.4593057],[3.0471298,42.4588453],[3.0472447,42.458658],[3.0472839,42.4581659],[3.0472548,42.4578842],[3.0472368,42.4575427],[3.0471642,42.4572901],[3.0472167,42.4571609],[3.04725,42.4570424],[3.04731,42.4569476],[3.0473966,42.4568764],[3.0475237,42.4568291],[3.0482327,42.4564351],[3.0483438,42.4563568],[3.0484265,42.4562888],[3.0485085,42.4562117],[3.0485851,42.4560637],[3.0486415,42.4559832],[3.0487194,42.4559062],[3.0488058,42.455832],[3.0489269,42.455778],[3.0490289,42.4557275],[3.0491359,42.4556653],[3.0493849,42.455594],[3.0495153,42.455552],[3.0496283,42.4555014],[3.0498675,42.4554783],[3.0502258,42.4553011],[3.0502689,42.4552218],[3.0503404,42.455144],[3.0504484,42.4550813],[3.0506512,42.4549439],[3.0508553,42.4548251],[3.0509635,42.4547654],[3.0510849,42.4547145],[3.0511896,42.4546642],[3.0512721,42.4545931],[3.0512925,42.4545276],[3.0512888,42.4542378],[3.0512831,42.4540375],[3.051254,42.4539442],[3.05126,42.4538515],[3.0512533,42.4537561],[3.0512532,42.4536488],[3.051286,42.4535439],[3.0512837,42.4534515],[3.0512893,42.4533526],[3.0513469,42.4531639],[3.0514003,42.453094],[3.0514578,42.4530277],[3.05156,42.4529381],[3.0516818,42.4528934],[3.0523797,42.4524532],[3.0524664,42.452382],[3.0532111,42.4516594],[3.0537588,42.4509783],[3.0538234,42.4508895],[3.0539414,42.4506721],[3.0540213,42.4505056],[3.0541611,42.4499742],[3.0547846,42.4494661],[3.0550393,42.449178],[3.0559035,42.4488051],[3.0565732,42.448444],[3.0566646,42.4483819],[3.0567171,42.4482997],[3.056731,42.4482005],[3.0567174,42.4480067],[3.0567192,42.4479141],[3.0567641,42.4478414],[3.0568459,42.4477612],[3.0570147,42.4476159],[3.0571711,42.4474711],[3.0572527,42.4473877],[3.0573256,42.4472986],[3.0573991,42.4472186],[3.0575546,42.4470615],[3.0576028,42.4469764],[3.0576891,42.4467818],[3.0577119,42.4466915],[3.0579059,42.4461936],[3.0579784,42.4460983],[3.0580309,42.4460161],[3.0581037,42.4459269],[3.0581816,42.4458499],[3.0582763,42.4457753],[3.0583841,42.4457095],[3.0585144,42.4456674],[3.0587125,42.4456599],[3.0588388,42.4456211],[3.0593718,42.4455019],[3.0594984,42.4454662],[3.0596335,42.4454332],[3.0600228,42.4453442],[3.0601533,42.4453052],[3.0602709,42.4452606],[3.0604843,42.4451568],[3.0605847,42.4451035],[3.0606841,42.445038],[3.0607743,42.4449574],[3.0609261,42.4448066],[3.0610087,42.4447387],[3.0611163,42.4446698],[3.0612326,42.4446067],[3.06135,42.444559],[3.0614683,42.4445236],[3.0622616,42.4443521],[3.0625845,42.4443324],[3.0627291,42.4442791],[3.062942,42.4442419],[3.0632106,42.4442131],[3.0634631,42.4443209],[3.0635861,42.4442945],[3.0637123,42.4442527],[3.0639128,42.4441431],[3.0640125,42.4440807],[3.0641026,42.4440001],[3.0642363,42.4438284],[3.0642844,42.4437433],[3.0643492,42.4436575],[3.0644208,42.4435808],[3.0645266,42.4435005],[3.0646359,42.4434504],[3.0647471,42.4434202],[3.0651078,42.4433385],[3.0655848,42.4431936],[3.065711,42.4431727],[3.0658237,42.4431434],[3.066037,42.4430396],[3.0662594,42.4429446],[3.066449,42.4428839],[3.0665655,42.4428598],[3.0666656,42.4428035],[3.0667653,42.442741],[3.0668507,42.4427076],[3.0669419,42.4426424],[3.067046,42.4425829],[3.0671123,42.4425012],[3.0672092,42.4424298],[3.0672092,42.4423004],[3.0672023,42.4422019],[3.0671827,42.4421009],[3.0671716,42.4420026],[3.0671582,42.4418119],[3.0671392,42.4417201],[3.0670793,42.4416309],[3.0670278,42.441534],[3.0670136,42.4414128],[3.0670696,42.4413193],[3.0671677,42.441243],[3.06726,42.4411881],[3.0675171,42.4410797],[3.0675903,42.4409967],[3.0676426,42.4409114],[3.0677032,42.4408258],[3.0678369,42.4406541],[3.0680553,42.4404945],[3.0681804,42.440243],[3.0682195,42.440149],[3.068321,42.4397879],[3.0686372,42.4392989],[3.0686797,42.4391924],[3.0687127,42.4388872],[3.0688527,42.4386188],[3.0689392,42.4384913],[3.0689756,42.4383411],[3.0690155,42.4382355],[3.0690941,42.4381995],[3.0692279,42.4380308],[3.0693016,42.437954],[3.0694313,42.4378948],[3.0695258,42.4378171],[3.0696264,42.4377459],[3.0697039,42.4376627],[3.0697511,42.4375652],[3.0697656,42.4374752],[3.0697758,42.4373579],[3.0697962,42.4372456],[3.0697962,42.4371589],[3.0697677,42.4370631],[3.0697248,42.4369548],[3.0697146,42.436868],[3.0697248,42.4367609],[3.0697554,42.436669],[3.069857,42.4365996],[3.0698626,42.4365007],[3.0699015,42.4364013],[3.0698983,42.4362966],[3.0699125,42.4360271],[3.0700464,42.4359175],[3.0701791,42.4358929],[3.070276,42.435898],[3.0704872,42.4358234],[3.0706587,42.4358193],[3.0707812,42.4357886],[3.0709062,42.4357448],[3.0710393,42.4357427],[3.0711683,42.4356998],[3.0712748,42.4356714],[3.0718227,42.4355886],[3.0719209,42.4355365],[3.0722019,42.4355071],[3.0726324,42.435472],[3.0727771,42.4354571],[3.073309,42.4353841],[3.0734402,42.4353544],[3.0735663,42.4353125],[3.0737805,42.4352209],[3.0738884,42.4352199],[3.0740336,42.4352443],[3.0741743,42.4352825],[3.0743119,42.4352865],[3.0744544,42.4352994],[3.0745733,42.435261],[3.0747161,42.4352508],[3.0748529,42.4352229],[3.0751228,42.4352124],[3.0752537,42.4351985],[3.075372,42.4351779],[3.0755142,42.4351878],[3.0756233,42.4352403],[3.0757288,42.4352704],[3.07585,42.435278],[3.0759759,42.4352917],[3.0763427,42.4353577],[3.0765301,42.4353621],[3.0766234,42.4352658],[3.07667,42.435179],[3.0766929,42.4351503],[3.0767172,42.4348859],[3.0766179,42.4344219],[3.076757,42.4336096],[3.0769625,42.4333273],[3.0771131,42.433071],[3.0773447,42.4324406],[3.0773479,42.4320403],[3.0775212,42.431495],[3.0777594,42.4313702],[3.0778832,42.4311958],[3.0781321,42.4309598],[3.0784096,42.4307366],[3.0786016,42.430589],[3.0786829,42.4305164],[3.0788578,42.4303808],[3.0789597,42.4303179],[3.0790654,42.4302643],[3.0791793,42.430217],[3.0792853,42.4301541],[3.0793748,42.4300879],[3.0795456,42.4299491],[3.079627,42.4298766],[3.0797045,42.4297947],[3.0799487,42.429574],[3.0800178,42.4294951],[3.0800664,42.4294066],[3.0800859,42.4293145],[3.0800931,42.4292221],[3.080076,42.4291241],[3.0801204,42.4290355],[3.0802019,42.4289405],[3.0803179,42.4288628],[3.0804274,42.428689],[3.0804967,42.4286039],[3.0805347,42.4284983],[3.0805074,42.42838],[3.0806531,42.4283071],[3.0809444,42.4282752],[3.0810764,42.4282469],[3.0811946,42.4281935],[3.0813041,42.4281523],[3.0814179,42.4281159],[3.0814999,42.4280431],[3.0815761,42.4279877],[3.0816901,42.4279342],[3.0818161,42.4278963],[3.0820393,42.427814],[3.0821532,42.4277636],[3.0822549,42.4277037],[3.0824664,42.4275965],[3.0830984,42.4273456],[3.0832125,42.427219],[3.0834838,42.4270604],[3.0837119,42.4269504],[3.0839583,42.4269277],[3.0846107,42.4264964],[3.084818,42.4263058],[3.0850097,42.4261613],[3.0850873,42.4260763],[3.0851363,42.4258826],[3.0853193,42.4257533],[3.0854252,42.4256935],[3.0857238,42.4256035],[3.0858668,42.4255604],[3.0860328,42.4255757],[3.0861503,42.4255438],[3.0862734,42.4254908],[3.0863896,42.4254639],[3.086506,42.4254752],[3.0866316,42.4254496],[3.0867611,42.4254334],[3.086886,42.4254294],[3.0870147,42.4254348],[3.0871529,42.4254268],[3.0873972,42.425462],[3.0877647,42.4255455],[3.088017,42.4255899],[3.0881399,42.4256302],[3.0882684,42.4256448],[3.0883925,42.4256074],[3.0885512,42.4255451],[3.0889374,42.4255642],[3.0890663,42.4255664],[3.089212,42.425612],[3.0893349,42.425612],[3.0894575,42.4256625],[3.0895996,42.4256403],[3.0897563,42.4256495],[3.0898903,42.4256211],[3.0899938,42.4255425],[3.0903478,42.4253976],[3.0904697,42.4253566],[3.090587,42.4253309],[3.0907122,42.4253177],[3.091394,42.4253297],[3.0915272,42.4253289],[3.0916688,42.4253221],[3.0919274,42.4252989],[3.0920653,42.4252798],[3.0921907,42.4252604],[3.0924418,42.4252124],[3.092567,42.4251992],[3.0926918,42.4252013],[3.0928341,42.4251782],[3.0929709,42.4251929],[3.0930909,42.4252135],[3.0931964,42.4252394],[3.0933341,42.4252496],[3.0934642,42.425247],[3.0935796,42.4252799],[3.0937122,42.4252976],[3.09397,42.425299],[3.0943268,42.4252629],[3.0947322,42.4251527],[3.0950139,42.4252069],[3.0957191,42.4252252],[3.0963451,42.4250535],[3.0966241,42.4250537],[3.0969131,42.4251206],[3.0970537,42.4251479],[3.0981509,42.4251016],[3.0983131,42.4251046],[3.0984418,42.4251131],[3.0985662,42.4251277],[3.0987295,42.4251374],[3.0988841,42.4251551],[3.0989869,42.4251936],[3.0992115,42.4253211],[3.0992904,42.4254128],[3.0994056,42.4254519],[3.0996574,42.425512],[3.0998881,42.425581],[3.0999948,42.4256261],[3.1001053,42.4256805],[3.1002202,42.4257288],[3.1003438,42.4257681],[3.1004759,42.4257983],[3.1006106,42.4258582],[3.1007304,42.425882],[3.1008707,42.4259184],[3.1011104,42.4259691],[3.1012674,42.4260511],[3.1013909,42.4260934],[3.1014879,42.4261783],[3.101641,42.4261936],[3.1017661,42.4261958],[3.1019138,42.4262129],[3.1020777,42.4262675],[3.1021615,42.4263466],[3.1022075,42.4264382],[3.1023061,42.4265761],[3.1024549,42.4265955],[3.1025926,42.42657],[3.1026388,42.4265917],[3.1026794,42.4266108],[3.1026666,42.4267446],[3.1026462,42.4268773],[3.102665,42.4273328],[3.1025694,42.4277198],[3.1025872,42.428032],[3.1026104,42.4281978],[3.1026741,42.4282889],[3.1028552,42.428675],[3.1030936,42.4288332],[3.1034831,42.4291919],[3.1035984,42.4293544],[3.1037302,42.4295202],[3.1038005,42.4296254],[3.1038099,42.42974],[3.1040055,42.4298638],[3.1041158,42.4299274],[3.1043406,42.4300487],[3.1044514,42.4300969],[3.1045748,42.4301393],[3.1046857,42.4301845],[3.1048514,42.4302294],[3.104997,42.4302184],[3.1052273,42.4303028],[3.1058417,42.4304712],[3.105961,42.4305134],[3.1060839,42.4305712],[3.1061861,42.4306285],[3.1062795,42.4306981],[3.1064455,42.4308367],[3.1065343,42.4309185],[3.1066466,42.4310614],[3.1067508,42.4311672],[3.1067854,42.4312541],[3.1068362,42.4313537],[3.1068946,42.4314501],[3.1069165,42.431543],[3.1069255,42.431648],[3.1069211,42.4318488],[3.1069069,42.4320372],[3.1069797,42.4322266],[3.1070857,42.4324166],[3.1071752,42.4324931],[3.1072432,42.4325745],[3.1072988,42.4326556],[3.1074177,42.4327245],[3.1075571,42.4330193],[3.1075547,42.4333131],[3.1075441,42.4334154],[3.1075878,42.4336043],[3.1075886,42.433706],[3.1076186,42.4338052],[3.1076782,42.4338896],[3.1077675,42.433959],[3.1081203,42.4341134],[3.1083286,42.4342313],[3.1084309,42.4342825],[3.1085204,42.4343458],[3.1086013,42.4344151],[3.1087334,42.4345747],[3.108814,42.4346532],[3.1089885,42.434789],[3.1090694,42.4348583],[3.1091468,42.4348883],[3.1092475,42.4349157],[3.1093535,42.4349824],[3.1095792,42.435079],[3.1096897,42.4351365],[3.1097874,42.4351999],[3.1099569,42.4353602],[3.110191,42.4354843],[3.1104449,42.4354827],[3.1105785,42.4354697],[3.1107168,42.4354414],[3.1109991,42.4354049],[3.1111262,42.435366],[3.1113896,42.4353276],[3.1116287,42.4352734],[3.1117668,42.4352482],[3.1119004,42.4352352],[3.1120384,42.4352161],[3.1121806,42.435194],[3.1124361,42.4351462],[3.1125655,42.4351332],[3.1127819,42.4351578],[3.1129275,42.4351605],[3.1130604,42.435169],[3.1131805,42.4351866],[3.1133211,42.4352138],[3.1135736,42.4352554],[3.1136748,42.4353104],[3.1139393,42.4353676],[3.1141875,42.4354122],[3.114644,42.4355289],[3.1149017,42.4355407],[3.1149868,42.4355744],[3.1150313,42.4355771],[3.1151008,42.4356028],[3.1151926,42.4356102],[3.1152474,42.4356249],[3.1153123,42.4356475],[3.1153638,42.4356796],[3.1155966,42.4357928],[3.1157075,42.4358591],[3.1158301,42.4358886],[3.115908,42.4359154],[3.1159287,42.4359274],[3.1159566,42.4359571],[3.1159864,42.4360063],[3.1159987,42.4360377],[3.1160325,42.4360481],[3.1161192,42.4360496],[3.1161586,42.4360484],[3.1162299,42.4360381],[3.1163193,42.4360397],[3.1163451,42.4360518],[3.1163576,42.4360695],[3.1163714,42.4361341],[3.1163989,42.4361735],[3.1164146,42.4361757],[3.1164648,42.4361689],[3.1165015,42.4361695],[3.1165769,42.4361962],[3.1166657,42.4362134],[3.1167071,42.4362336],[3.1167764,42.4362855],[3.1168178,42.4363038],[3.1168777,42.4363186],[3.1171158,42.436354],[3.1172389,42.4363679],[3.1174359,42.4363715],[3.117554,42.4363795],[3.1176312,42.4364277],[3.1176747,42.4364635],[3.1177651,42.4365491],[3.1177959,42.4365711],[3.1178813,42.4366116],[3.1179151,42.4366219],[3.1180182,42.4366841],[3.1180597,42.4367005],[3.1180984,42.4367246],[3.1181519,42.4367742],[3.1181688,42.4368232],[3.1181799,42.4368798],[3.1182022,42.436925],[3.1182588,42.4369684],[3.1182841,42.4369981],[3.118309,42.4370375],[3.1184193,42.4371272],[3.1184555,42.4371473],[3.1184845,42.4371799],[3.1185093,42.4372212],[3.1185209,42.4372721],[3.1185353,42.4373113],[3.1185503,42.4373369],[3.1185757,42.4373607],[3.1186721,42.4373877],[3.1187,42.4374175],[3.1187308,42.4374394],[3.1187829,42.4374579],[3.1188144,42.4374565],[3.1188535,42.437467],[3.1189059,42.4374719],[3.1189686,42.4374847],[3.1190258,42.4375051],[3.1190778,42.4375178],[3.1190957,42.4375356],[3.1191343,42.4375597],[3.1191944,42.4375724],[3.1192598,42.4375814],[3.1193386,42.4375829],[3.1193752,42.4375893],[3.1194361,42.4376548],[3.1194808,42.4376536],[3.1196146,42.43766],[3.1196852,42.4376748],[3.1198902,42.4377525],[3.1199341,42.4377767],[3.1200059,42.4378085],[3.120085,42.437857],[3.120236,42.4379667],[3.1203096,42.4379823],[3.1208746,42.4381833],[3.1209503,42.4380612],[3.1208507,42.4378854],[3.1210394,42.4376582],[3.121144,42.4374254],[3.1211823,42.4373234],[3.1212155,42.437252],[3.1212435,42.4372035],[3.1213581,42.4370755],[3.1213981,42.4369817],[3.1214523,42.4369301],[3.1215458,42.4368052],[3.1216608,42.4366691],[3.1216887,42.4366189],[3.121706,42.4365725],[3.1217255,42.4365417],[3.1217604,42.436515],[3.1218095,42.4364654],[3.1218435,42.4363881],[3.1218787,42.4363576],[3.1218929,42.4363286],[3.1219174,42.4363018],[3.1219838,42.4362797],[3.1220323,42.4362455],[3.1220675,42.4362149],[3.1220969,42.4361999],[3.1221627,42.4361933],[3.1222538,42.4361424],[3.122347,42.4360273],[3.1224469,42.4359493],[3.1225054,42.435927],[3.1225716,42.4359145],[3.1228088,42.4358915],[3.1228645,42.4358808],[3.1229019,42.4358621],[3.1229852,42.4358071],[3.1230643,42.435719],[3.1231257,42.4356929],[3.1231474,42.4356718],[3.1231896,42.4356687],[3.1232398,42.4356599],[3.1232666,42.4356428],[3.1232919,42.4355946],[3.1234057,42.4354896],[3.123443,42.4354727],[3.1234958,42.4354697],[3.1235145,42.4354585],[3.1235262,42.4354216],[3.1235751,42.4353738],[3.1236046,42.4353569],[3.1236443,42.4353518],[3.1236817,42.435331],[3.1237059,42.435312],[3.1238067,42.4352865],[3.1238415,42.4352677],[3.123913,42.4352514],[3.1240448,42.4352422],[3.1241798,42.4352135],[3.1242981,42.4352118],[3.1243561,42.4352069],[3.1244487,42.4351892],[3.1244856,42.4351859],[3.1245408,42.4351849],[3.1246141,42.4351941],[3.1246458,42.4351927],[3.1247118,42.4351842],[3.1247832,42.4351699],[3.1248419,42.4351437],[3.1249188,42.4351217],[3.1250457,42.4350208],[3.125088,42.4350157],[3.125133,42.435001],[3.1252345,42.4349542],[3.1253537,42.4349271],[3.125417,42.4349205],[3.1254807,42.4349041],[3.125526,42.4348854],[3.1256584,42.4348527],[3.1258714,42.4348508],[3.1260524,42.4348619],[3.1261158,42.4348532],[3.1261788,42.4348564],[3.1263936,42.4348778],[3.1265819,42.4349046],[3.1266556,42.434904],[3.1267372,42.4349015],[3.126819,42.4348932],[3.1269833,42.4348515],[3.1270817,42.4348182],[3.1271343,42.4348133],[3.1272104,42.4348166],[3.1272647,42.4348448],[3.1273192,42.4348653],[3.127374,42.4348799],[3.1274396,42.4348811],[3.1275261,42.4348925],[3.1275887,42.4349053],[3.1276754,42.4349049],[3.1277731,42.434893],[3.1278309,42.434896],[3.1280127,42.4349635],[3.1281506,42.435005],[3.1283205,42.4350314],[3.1285111,42.4350718],[3.1287756,42.4351],[3.1290463,42.4351049],[3.1292357,42.4351006],[3.1293173,42.4350923],[3.1294252,42.4350904],[3.1295301,42.4350512],[3.1295933,42.4350446],[3.1298352,42.4350412],[3.1299112,42.4350484],[3.1299691,42.4350494],[3.1300906,42.4350283],[3.1301328,42.4350271],[3.1302061,42.4350323],[3.1302477,42.4350466],[3.1302942,42.4350728],[3.1304342,42.4351337],[3.1305115,42.4351819],[3.1306434,42.4352446],[3.1307345,42.4352735],[3.1308494,42.435297],[3.1309487,42.4353124],[3.1310273,42.4353236],[3.1311269,42.4353312],[3.1312404,42.4353646],[3.1313009,42.4353657],[3.1313921,42.4353887],[3.1314784,42.4354],[3.1315423,42.4354547],[3.131597,42.4354729],[3.1316789,42.4355185],[3.1318838,42.4356141],[3.1319521,42.4356368],[3.132075,42.4356915],[3.1321478,42.435737],[3.1323482,42.4358053],[3.132553,42.4358554],[3.1327306,42.43591],[3.1329941,42.4359389],[3.1332626,42.4359275],[3.1335605,42.4358496],[3.1336858,42.4358243],[3.1338359,42.4358144],[3.1339858,42.4358106],[3.1341194,42.4357943],[3.1342876,42.4357552],[3.1354651,42.4355182],[3.1363562,42.4354483],[3.1371632,42.4354612],[3.1374374,42.4354779],[3.1375618,42.4354922],[3.137703,42.4355006],[3.1378881,42.4355237],[3.1380129,42.4355257],[3.1381379,42.4355382],[3.1382646,42.4355222],[3.1384137,42.4355102],[3.1384977,42.4354374],[3.1385527,42.4353266],[3.1386466,42.4352479],[3.1388603,42.4348923],[3.1389494,42.4347889],[3.139043,42.4347164],[3.1390868,42.4346424],[3.1391557,42.4345633],[3.1392577,42.4345072],[3.1393405,42.4344713],[3.1397077,42.4341503],[3.1398702,42.4339988],[3.1400741,42.433854],[3.1403446,42.4338183],[3.1405385,42.4338234],[3.1406813,42.4338081],[3.140814,42.4337775],[3.1410844,42.4337877],[3.1412273,42.4338095],[3.141353,42.4337807],[3.1415036,42.4337523],[3.1422024,42.4337634],[3.1424932,42.4337803],[3.1426031,42.4338099],[3.1427611,42.4338124],[3.1430805,42.4338568],[3.1432136,42.4338589],[3.1433552,42.433855],[3.1435284,42.4339065],[3.1436705,42.4338841],[3.143798,42.4336656],[3.1439108,42.4336216],[3.1440128,42.4335492],[3.1441266,42.4334981],[3.1442176,42.4334378],[3.1443398,42.4333897],[3.144463,42.4333323],[3.1445485,42.4332535],[3.1446664,42.433206],[3.1448335,42.4331516],[3.1449664,42.4331599],[3.1450903,42.4331927],[3.145609,42.4333859],[3.1457329,42.4334187],[3.145908,42.4334167],[3.1460402,42.4334496],[3.1461639,42.4334886],[3.1464034,42.433554],[3.14654,42.4335653],[3.1468381,42.4336194],[3.1469701,42.4336585],[3.147119,42.4336916],[3.1473619,42.4337836],[3.147511,42.4338107],[3.1476313,42.4338659],[3.1477684,42.4339144],[3.1478926,42.4339349],[3.1480172,42.433943],[3.1481416,42.4339573],[3.1482823,42.4339842],[3.148428,42.4339979],[3.148551,42.4340298],[3.1487281,42.4340655],[3.1488454,42.4340604],[3.1489679,42.4340911],[3.14907,42.4341982],[3.1491181,42.4343254],[3.149278,42.4344901],[3.1493875,42.4345864],[3.1494857,42.4346434],[3.1495753,42.4347127],[3.1496702,42.4347429],[3.1498829,42.4348696],[3.1501125,42.4349904],[3.1502536,42.435045],[3.1503492,42.4350723],[3.1504904,42.4350996],[3.1506117,42.4350929],[3.1507439,42.4351258],[3.1508682,42.4351463],[3.1510241,42.4351297],[3.1511592,42.4351277],[3.1513083,42.4351548],[3.1514476,42.4351399],[3.1515906,42.4351448],[3.1517232,42.4351654],[3.1518769,42.4351815],[3.1520126,42.4352367],[3.1521483,42.4352608],[3.152298,42.435316],[3.1523759,42.4353921],[3.1526117,42.435506],[3.152815,42.4355539],[3.153131,42.4356404],[3.1533322,42.4357163],[3.1534418,42.435777],[3.1535255,42.4357598],[3.1536349,42.4357184],[3.1537364,42.4356614],[3.1538424,42.4355922],[3.1548932,42.4349398],[3.1550248,42.4348524],[3.1555617,42.4344686],[3.1559121,42.4342953],[3.1560341,42.4342479],[3.156156,42.4342066],[3.1564159,42.4341398],[3.1565408,42.4341481],[3.1566728,42.4341709],[3.1568367,42.4342119],[3.1569597,42.4342301],[3.1570865,42.4342098],[3.1572066,42.4342302],[3.1573717,42.4342061],[3.1575809,42.4342622],[3.158135,42.4344735],[3.1585637,42.4345528],[3.1588368,42.4347045],[3.1595068,42.4349362],[3.1601825,42.4351946],[3.160587,42.4353912],[3.1612,42.4355559],[3.1613323,42.4355857],[3.1614521,42.4356184],[3.1617518,42.4356839],[3.1618948,42.435709],[3.1621592,42.4357779],[3.1622835,42.4357984],[3.1625406,42.4358302],[3.162669,42.4358507],[3.1627931,42.4358773],[3.1628793,42.4359214],[3.1631273,42.4359807],[3.1632721,42.4360108],[3.1633938,42.4360625],[3.1635269,42.4360939],[3.1636769,42.436087],[3.1638148,42.4360676],[3.1639322,42.4360386],[3.1640581,42.4360005],[3.1644319,42.43588],[3.1647891,42.4357592],[3.1650205,42.4356734],[3.1651465,42.4356322],[3.1652641,42.435594],[3.1655158,42.435524],[3.1656334,42.4354857],[3.165747,42.4354413],[3.1660844,42.4352862],[3.1662107,42.4352358],[3.1663366,42.4351977],[3.1667029,42.4351252],[3.1668318,42.4351303],[3.1669644,42.4351478],[3.1670801,42.4351773],[3.1671956,42.4352131],[3.167315,42.4352581],[3.1674217,42.4353122],[3.1675297,42.4353359],[3.1676574,42.4353539],[3.1677808,42.4354052],[3.1678802,42.4354022],[3.1680002,42.4354256],[3.1682961,42.4354971],[3.1684292,42.4355383],[3.1687041,42.4355272],[3.1689836,42.4355038],[3.1691157,42.4354656],[3.1692452,42.435446],[3.1693961,42.4354513],[3.1695258,42.4354649],[3.1696829,42.4354721],[3.1698143,42.4354996],[3.169942,42.4355163],[3.170084,42.4355228],[3.1702096,42.4354971],[3.17054,42.4353526],[3.1707639,42.4352018],[3.171636,42.4348637],[3.1718513,42.4346671],[3.1722329,42.4345247],[3.1728576,42.4346801],[3.1730967,42.4348289],[3.1734538,42.4349539],[3.1739319,42.4349485],[3.1741367,42.435086],[3.1743696,42.4351516],[3.181607,42.4351908],[3.2265772,42.4348873],[3.2298732,42.4349234],[3.2283515,42.4274471],[3.2251621,42.4224702]]],[[[1.961537,42.4726532],[1.9617809,42.4736857],[1.9630833,42.4787099],[1.9649793,42.4791848],[1.9669454,42.4798772],[1.9705487,42.4805339],[1.9720652,42.484522],[1.97233,42.4847784],[1.9724479,42.4848685],[1.9725526,42.4849238],[1.9727597,42.4850447],[1.9729759,42.485152],[1.9730919,42.485204],[1.9732056,42.4852459],[1.9733217,42.4852844],[1.9734376,42.4853162],[1.973547,42.4853349],[1.9736856,42.4853468],[1.9739208,42.4853923],[1.9740425,42.4854223],[1.9741789,42.4854372],[1.9749633,42.4855589],[1.9752225,42.4855922],[1.9755483,42.4856424],[1.9764284,42.4855295],[1.9765966,42.4855305],[1.9767407,42.4855376],[1.9768573,42.4855321],[1.9773921,42.4855354],[1.9775297,42.4856004],[1.9778563,42.485784],[1.9781191,42.485973],[1.9781495,42.4860329],[1.9781626,42.4861611],[1.9781515,42.4862536],[1.9781385,42.4866451],[1.9781443,42.4867289],[1.9781338,42.4868833],[1.9781233,42.4869618],[1.9780108,42.4871188],[1.9779156,42.4871929],[1.977851,42.4872813],[1.9777694,42.4873537],[1.977715,42.4874379],[1.9776789,42.4875271],[1.977703,42.4876624],[1.9777675,42.4877232],[1.9779636,42.4879786],[1.9780161,42.488061],[1.9780573,42.4881551],[1.9780825,42.4882543],[1.9780964,42.4883485],[1.9780989,42.488441],[1.9780992,42.4885419],[1.9780903,42.4886378],[1.9780701,42.4887337],[1.9779376,42.4891283],[1.9778539,42.4893034],[1.9778314,42.4893943],[1.977766,42.489576],[1.977671,42.4897528],[1.9776212,42.4898386],[1.9775646,42.4899245],[1.977498,42.4899997],[1.9774195,42.4900599],[1.977356,42.4901441],[1.9772858,42.4902249],[1.9772064,42.4903057],[1.977143,42.4903899],[1.9771092,42.4904859],[1.9770912,42.4905801],[1.9770983,42.4906709],[1.9771485,42.4907617],[1.977226,42.4908339],[1.9774072,42.491064],[1.9774938,42.491143],[1.97756,42.491232],[1.9776,42.4913368],[1.977634,42.4914467],[1.977676,42.4915277],[1.9777649,42.4915932],[1.9778982,42.4916397],[1.9780422,42.4916586],[1.9781605,42.4917039],[1.978263,42.4917542],[1.9783495,42.4918247],[1.9784482,42.4918952],[1.9784711,42.4919893],[1.9784719,42.4922703],[1.9784164,42.4923599],[1.9783381,42.4925328],[1.9782569,42.4926353],[1.9782034,42.492893],[1.9784669,42.4945938],[1.9791501,42.4949905],[1.9808701,42.4950424],[1.9819786,42.4949529],[1.9871427,42.4937684],[1.9896322,42.4936889],[1.9929327,42.4907036],[1.9984226,42.4853182],[1.9981981,42.4852505],[1.9980407,42.4852133],[1.9975318,42.4852127],[1.9974023,42.4852075],[1.9972729,42.4851955],[1.9971525,42.4851702],[1.9967916,42.4850302],[1.9966779,42.4850385],[1.9965496,42.4850202],[1.9964267,42.48496],[1.9963308,42.4848749],[1.9961992,42.4848428],[1.996072,42.4848225],[1.9959403,42.4848072],[1.9958063,42.4847818],[1.9956905,42.484743],[1.9954567,42.4846536],[1.9953296,42.484613],[1.9952047,42.4845843],[1.9950753,42.4845757],[1.9949367,42.4845773],[1.9948049,42.4845905],[1.9945459,42.4845953],[1.9941689,42.4845696],[1.9940508,42.4845545],[1.9939252,42.4845492],[1.993794,42.484596],[1.9936645,42.4845992],[1.9935396,42.4845923],[1.9934125,42.4845703],[1.9931627,42.4845112],[1.9930424,42.4844791],[1.9929221,42.4844386],[1.9928314,42.4843922],[1.9927398,42.4843321],[1.9927006,42.4842823],[1.9926561,42.4842012],[1.9925236,42.483868],[1.9924829,42.4837789],[1.9923971,42.4837355],[1.9922976,42.4836543],[1.9922296,42.483568],[1.9921815,42.4834691],[1.9921044,42.48339],[1.991896,42.4831425],[1.9917373,42.4830011],[1.9916739,42.4829152],[1.9916264,42.482821],[1.9915971,42.4827268],[1.9915476,42.4825351],[1.9915001,42.4824459],[1.9914412,42.4823567],[1.9914263,42.4822466],[1.9913713,42.4821524],[1.9913112,42.4820739],[1.9912467,42.482],[1.9912242,42.4819092],[1.9912221,42.4818183],[1.9912428,42.4817259],[1.9912928,42.48165],[1.9913416,42.4815425],[1.9913418,42.4814433],[1.9913059,42.4812549],[1.9912464,42.4811475],[1.9912241,42.4809507],[1.9912062,42.4808532],[1.9912065,42.480763],[1.9911777,42.480674],[1.9911254,42.480585],[1.9909914,42.480414],[1.9908782,42.4802474],[1.9907536,42.4800808],[1.9906089,42.4798116],[1.9904821,42.4796416],[1.9903904,42.4794765],[1.9903361,42.4793907],[1.9901325,42.479039],[1.9900941,42.4789515],[1.9900264,42.4787665],[1.9899767,42.4786671],[1.9898626,42.4784015],[1.9897722,42.478208],[1.9897569,42.4781202],[1.9897281,42.4778742],[1.9896445,42.4776976],[1.9895517,42.4775226],[1.9894883,42.4774418],[1.9894045,42.4773626],[1.9893206,42.4772969],[1.9890462,42.4771049],[1.9889457,42.47705],[1.9888486,42.4769868],[1.9886493,42.4767326],[1.9885813,42.4766535],[1.9884938,42.4765378],[1.9883962,42.4764822],[1.9882523,42.4764429],[1.9881395,42.4764038],[1.9880237,42.4763532],[1.9879035,42.4763094],[1.9878023,42.4762571],[1.9877054,42.4761786],[1.9876056,42.4761247],[1.9875172,42.4760506],[1.9874311,42.4759715],[1.9873404,42.4758974],[1.9872543,42.4758334],[1.9871272,42.4757966],[1.9870199,42.4757495],[1.9868873,42.4757162],[1.9866958,42.4757205],[1.9865731,42.4757153],[1.9864619,42.4757017],[1.9864029,42.4756747],[1.9863554,42.4755856],[1.9863001,42.4754607],[1.9863003,42.4753649],[1.9863524,42.47495],[1.9863526,42.4748592],[1.9863669,42.4745515],[1.9863808,42.4744523],[1.9864037,42.4743497],[1.9864564,42.4741564],[1.9865001,42.4739614],[1.9865348,42.4736723],[1.9865373,42.4735697],[1.9865262,42.4734688],[1.9864723,42.473198],[1.9864683,42.473008],[1.9864485,42.472802],[1.9864782,42.4727011],[1.98656,42.472623],[1.9865988,42.472534],[1.9866994,42.472436],[1.9867473,42.4723435],[1.9867634,42.4722511],[1.9867477,42.4721595],[1.9866795,42.4720633],[1.9866615,42.4719741],[1.9866549,42.4718783],[1.9866513,42.4714898],[1.9866606,42.471394],[1.986704,42.4712965],[1.9868316,42.4711302],[1.9868632,42.4710504],[1.9869156,42.4709664],[1.9869545,42.4708773],[1.9870255,42.4707707],[1.9870756,42.470685],[1.9871796,42.470598],[1.9872161,42.4705006],[1.9872266,42.4704116],[1.9872491,42.4703136],[1.987297,42.4702245],[1.9873245,42.4701321],[1.9873338,42.4700396],[1.9873574,42.4699406],[1.987364,42.4697605],[1.9873942,42.4695953],[1.9874965,42.4695365],[1.9876034,42.4694879],[1.9878149,42.4694616],[1.9879331,42.4694147],[1.9880507,42.4693932],[1.9882644,42.4692909],[1.9883781,42.4692473],[1.9887417,42.469157],[1.988847,42.4691016],[1.9889697,42.4690665],[1.9890765,42.4690195],[1.9891782,42.4689591],[1.9893284,42.4687995],[1.9894149,42.4687206],[1.9894832,42.4686417],[1.9895289,42.4685577],[1.9896181,42.4682854],[1.9896675,42.4680578],[1.9897814,42.4679369],[1.9898746,42.4678748],[1.9899656,42.4678009],[1.9900385,42.4677287],[1.9901023,42.467638],[1.9901703,42.4675804],[1.990233,42.467516],[1.9902855,42.4674236],[1.9903606,42.4673396],[1.9904335,42.4672674],[1.9905222,42.4671885],[1.9907269,42.4670677],[1.9908156,42.4669938],[1.9909682,42.4668276],[1.9911252,42.4666781],[1.991214,42.4666009],[1.9913982,42.4664733],[1.9914801,42.4663977],[1.9915507,42.4663154],[1.991676,42.4661525],[1.9918172,42.4659879],[1.9918787,42.4659056],[1.9919926,42.4657392],[1.9920427,42.4656569],[1.9920816,42.4655611],[1.9921231,42.465282],[1.9922105,42.4648096],[1.992222,42.4647104],[1.9922316,42.4645221],[1.9922159,42.4644263],[1.9922301,42.4643006],[1.9922122,42.4642098],[1.9921535,42.4640281],[1.9920838,42.4637489],[1.9920386,42.4636581],[1.9918315,42.462614],[1.9926492,42.4620453],[1.9953779,42.4613929],[1.9972374,42.4608111],[1.9996849,42.4598296],[2.0064598,42.456613],[2.0105292,42.4558968],[2.011955,42.4530154],[2.0143889,42.4517903],[2.0133126,42.4497391],[2.0127766,42.4483567],[2.009299,42.4484996],[2.0070483,42.4479422],[2.00302,42.4469588],[1.9976753,42.4469237],[1.9839245,42.4467369],[1.9805675,42.4478787],[1.9711253,42.4509319],[1.9707597,42.4508427],[1.9691771,42.451883],[1.9598302,42.453288],[1.9565596,42.4579365],[1.957136,42.4607874],[1.9579839,42.4643175],[1.9602746,42.4705231],[1.961537,42.4726532]]]]}}]}